assetPath,assetSha256,byteCount,staticXmlStatus,observedFactHash
archive/assets/images/21_강남여고_2학기_기말_고1_기출/q14-solution.svg,bd017230b31cce748bf193156877754a47cc34a33f0648933204b62e043446fb,14541,STATIC_ROOT_SHAPE_PASS,e5dac42b9ad05f30db845b172634622b9c5e9e3db3333e096795c39c8341d076
archive/assets/images/21_강남여고_2학기_기말_고1_기출/q23-solution.svg,769de7b0f9d21e37a4c23a095fa206941b47275a7730b636be638516c2719036,10942,STATIC_ROOT_SHAPE_PASS,b54166a0ebc815fd5bc947667652ef9a9f7c2de45d6350753d9633dbab96aad4
archive/assets/images/21_금당고_2학기_기말_고1_기출/q08-solution.svg,aa098268d92d5b64174b1f03fc60e1cb89dfe81ef6e07fd40c61085ad5615f07,10080,STATIC_ROOT_SHAPE_PASS,6d2b574e3c6e0df4946a8e7321c0215202ebf4852d72ceda90c19c4212807e46
archive/assets/images/21_효천고_2학기_기말_고1_기출/q13-solution.svg,222076332a5b9c4ea357d2c8fcd814bf129ec5c514196139e9794e18109afada,10439,STATIC_ROOT_SHAPE_PASS,d61b9b18b415e910688649734b7ea289b2d6cec85b7ab52e5e29e42655789c42
archive/assets/images/22_금당고_2학기_중간_고1_기출/q11-solution.svg,86ccf0d99e5b9bd96c984a7a3d6b6086260d80cb4aaa5af9096551d70613fdfa,10386,STATIC_ROOT_SHAPE_PASS,e92a8c6cacfcb7a6169a428e108cd77f842563ff083b344385742da05fe7f38f
archive/assets/images/22_매산고_2학기_기말_고1_기출/q12-solution.svg,245952bf1c12feb19f2ef123f45579b2fb9102082f7fb538de1db4044dbcdf40,2155,STATIC_ROOT_SHAPE_PASS,86956e3b3b986f0aba017700bb3d14dd7be1d1255c74b03b2c24dd00fe47ed50
archive/assets/images/22_순천여고_2학기_중간_고1_기출/q16-solution.svg,c0c554d7f68fc5c124f613e203e2e9baca20ea02bdfe0771a1ee8845e3421825,19090,STATIC_ROOT_SHAPE_PASS,e714eee86011dae56939d47d1f4442f78089c02fa8ffb1555f7e045a7467cf40
archive/assets/images/22_순천여고_2학기_중간_고1_기출/q17-solution.svg,58bcf60748ff0ff47873789f35b953b05e2fe38329dc6235c95034efed8ec4ee,5734,STATIC_ROOT_SHAPE_PASS,b9f5acd0663c4172b2f0699e82a758df6bb28769ad06efd63c146f1fab5faa71
archive/assets/images/22_팔마고_2학기_중간_고1_기출/q12-solution.svg,8dfa267798c2f47f9b1ca07c87e70a607dd2e4e2b8470479eb5f0cd68fc8da7d,10428,STATIC_ROOT_SHAPE_PASS,f09f94a96f6ef3f9448a423980ba81dca8d9bbab5e17a2c606ae3aaeac45738d
archive/assets/images/22_팔마고_2학기_중간_고1_기출/q22-solution.svg,aab32952e415d9c666f00e8996917885fee718534c271b4f4f1b64c9ab2f2f66,10365,STATIC_ROOT_SHAPE_PASS,7dcee366ca172a3f4f407270fa3c09e56eba6987919d43404066743a9215657b
archive/assets/images/22_효천고_2학기_중간_고1_기출/q22-solution.svg,058437c2485f72068789497248afab30c68b01f7bc2d38af939016548d3b4489,2178,STATIC_ROOT_SHAPE_PASS,bb83643a779a4195715c3780dc243f24f1b0f932f05cd4526f7ead5e32363a32
archive/assets/images/23_금당고_2학기_기말_고1_기출/q08-solution.svg,b54514acafa5138610a7ec029777d39fb462963e455248b212d38508447792e4,10372,STATIC_ROOT_SHAPE_PASS,8fd388eba905cc34d872a715ce1435c7d6e96c5988a05665ea9b81cd32784b05
archive/assets/images/23_금당고_2학기_기말_고1_기출/q13-solution.svg,cda993be06a07144ccff413a2df8bfa520e6a40235d97266f8c0a0e11a04a17a,10182,STATIC_ROOT_SHAPE_PASS,e14fd2924909167f5f5384c6fc8234df070b410ffa2d19edb97f140099b0c2df
archive/assets/images/24_금당고_2학기_기말_고1_기출/q14-solution.svg,5ee33fdc11fe5300ee96ecd3d3d9cdf146598ad1242ce64aa4b7915da56ddb35,10570,STATIC_ROOT_SHAPE_PASS,208ffb18595c0232d5f3ab27db4e0b0bb8d8ca068539e9ebdabbaccc9195a066
archive/assets/images/24_제일고_2학기_중간_고1_기출/q15-solution.svg,0bbf0cec648ee8a2da4a58cc7980f2d6874ec64d77d556fff9fcd36f45eac6d2,10270,STATIC_ROOT_SHAPE_PASS,2daa99c76a5220846f424dcbf89d670d143d459dbc236fcc1943cc0ac32de9e4
archive/assets/images/24_제일고_2학기_중간_고1_기출/q16-solution.svg,557b91efd47a9f241e846dca89879ef5e074172acce601ad5f9b5f7b3b93cf38,19275,STATIC_ROOT_SHAPE_PASS,68442dbdb331301a0600b552087a23296ee069b2d0236165410c30839248d243
archive/assets/images/24_제일고_2학기_중간_고1_기출/q17-solution.svg,2c59d2420ee5ffeea315a8511d5308e396712b75c66124a5117025e7fb77b21c,19032,STATIC_ROOT_SHAPE_PASS,d610a43123a1dd1e84b479e5120cab22e7d3f14e878e4e4179ca4bb59b722a54
