questionUid,sourceJsPath,examTitle,id,standardCourse,standardUnitKey,standardUnit,subUnitKey,hasImage,imageExists,inlineSvgInContent,inlineSvgInSolution,visualTag,cueInContent
"23_복성고_1학기_기말_고2_수학I::q1","exams/original/high/h2/1final/23_복성고_1학기_기말_고2_수학I.js","23_복성고_1학기_기말_고2_수학I","1","수학I","H15-M1-06","삼각함수의 그래프","H15-M1-06-TRIGONOMETRIC_GRAPH","false","false","false","false","false","false"
"23_복성고_1학기_기말_고2_수학I::q2","exams/original/high/h2/1final/23_복성고_1학기_기말_고2_수학I.js","23_복성고_1학기_기말_고2_수학I","2","수학I","H15-M1-08","등차수열","H15-M1-08-ARITHMETIC_SEQUENCE","false","false","false","false","false","false"
"23_복성고_1학기_기말_고2_수학I::q3","exams/original/high/h2/1final/23_복성고_1학기_기말_고2_수학I.js","23_복성고_1학기_기말_고2_수학I","3","수학I","H15-M1-08","등차수열","H15-M1-08-SEQUENCE_TERM","false","false","false","false","false","false"
"23_복성고_1학기_기말_고2_수학I::q4","exams/original/high/h2/1final/23_복성고_1학기_기말_고2_수학I.js","23_복성고_1학기_기말_고2_수학I","4","수학I","H15-M1-10","수열의 합","H15-M1-10-SEQUENCE_SUM","false","false","false","false","false","false"
"23_복성고_1학기_기말_고2_수학I::q5","exams/original/high/h2/1final/23_복성고_1학기_기말_고2_수학I.js","23_복성고_1학기_기말_고2_수학I","5","수학I","H15-M1-05","삼각함수의 뜻과 값","H15-M1-05-TRIGONOMETRIC_DEFINITION","false","false","false","false","false","true"
"23_복성고_1학기_기말_고2_수학I::q6","exams/original/high/h2/1final/23_복성고_1학기_기말_고2_수학I.js","23_복성고_1학기_기말_고2_수학I","6","수학I","H15-M1-06","삼각함수의 그래프","H15-M1-06-TRIGONOMETRIC_GRAPH","true","true","false","false","true","true"
"23_복성고_1학기_기말_고2_수학I::q7","exams/original/high/h2/1final/23_복성고_1학기_기말_고2_수학I.js","23_복성고_1학기_기말_고2_수학I","7","수학I","H15-M1-10","수열의 합","H15-M1-10-SEQUENCE_SUM","false","false","false","false","false","false"
"23_복성고_1학기_기말_고2_수학I::q8","exams/original/high/h2/1final/23_복성고_1학기_기말_고2_수학I.js","23_복성고_1학기_기말_고2_수학I","8","수학I","H15-M1-05","삼각함수의 뜻과 값","H15-M1-05-TRIGONOMETRIC_DEFINITION","false","false","false","false","false","false"
"23_복성고_1학기_기말_고2_수학I::q9","exams/original/high/h2/1final/23_복성고_1학기_기말_고2_수학I.js","23_복성고_1학기_기말_고2_수학I","9","수학I","H15-M1-08","등차수열","H15-M1-08-ARITHMETIC_SEQUENCE","false","false","false","false","false","false"
"23_복성고_1학기_기말_고2_수학I::q10","exams/original/high/h2/1final/23_복성고_1학기_기말_고2_수학I.js","23_복성고_1학기_기말_고2_수학I","10","수학I","H15-M1-05","삼각함수의 뜻과 값","H15-M1-05-TRIGONOMETRIC_DEFINITION","false","false","false","false","false","true"
"23_복성고_1학기_기말_고2_수학I::q11","exams/original/high/h2/1final/23_복성고_1학기_기말_고2_수학I.js","23_복성고_1학기_기말_고2_수학I","11","수학I","H15-M1-05","삼각함수의 뜻과 값","H15-M1-05-TRIGONOMETRIC_DEFINITION","false","false","false","false","false","true"
"23_복성고_1학기_기말_고2_수학I::q12","exams/original/high/h2/1final/23_복성고_1학기_기말_고2_수학I.js","23_복성고_1학기_기말_고2_수학I","12","수학I","H15-M1-09","등비수열","H15-M1-09-GEOMETRIC_SEQUENCE","false","false","false","false","false","false"
"23_복성고_1학기_기말_고2_수학I::q13","exams/original/high/h2/1final/23_복성고_1학기_기말_고2_수학I.js","23_복성고_1학기_기말_고2_수학I","13","수학I","H15-M1-10","수열의 합","H15-M1-10-SEQUENCE_SUM","false","false","false","false","false","false"
"23_복성고_1학기_기말_고2_수학I::q14","exams/original/high/h2/1final/23_복성고_1학기_기말_고2_수학I.js","23_복성고_1학기_기말_고2_수학I","14","수학I","H15-M1-05","삼각함수의 뜻과 값","H15-M1-05-TRIGONOMETRIC_DEFINITION","false","false","false","false","false","true"
"23_복성고_1학기_기말_고2_수학I::q15","exams/original/high/h2/1final/23_복성고_1학기_기말_고2_수학I.js","23_복성고_1학기_기말_고2_수학I","15","수학I","H15-M1-05","삼각함수의 뜻과 값","H15-M1-05-TRIGONOMETRIC_DEFINITION","true","true","false","false","true","true"
"23_복성고_1학기_기말_고2_수학I::q16","exams/original/high/h2/1final/23_복성고_1학기_기말_고2_수학I.js","23_복성고_1학기_기말_고2_수학I","16","수학I","H15-M1-07","삼각방정식과 삼각부등식","H15-M1-07-TRIGONOMETRIC_INEQUALITY","false","false","false","false","false","false"
"23_복성고_1학기_기말_고2_수학I::q17","exams/original/high/h2/1final/23_복성고_1학기_기말_고2_수학I.js","23_복성고_1학기_기말_고2_수학I","17","수학I","H15-M1-09","등비수열","H15-M1-09-GEOMETRIC_SEQUENCE","false","false","false","false","false","true"
"23_복성고_1학기_기말_고2_수학I::q18","exams/original/high/h2/1final/23_복성고_1학기_기말_고2_수학I.js","23_복성고_1학기_기말_고2_수학I","18","수학I","H15-M1-06","삼각함수의 그래프","H15-M1-06-TRIGONOMETRIC_GRAPH","false","false","false","false","false","true"
"23_복성고_1학기_기말_고2_수학I::q19","exams/original/high/h2/1final/23_복성고_1학기_기말_고2_수학I.js","23_복성고_1학기_기말_고2_수학I","19","수학I","H15-M1-06","삼각함수의 그래프","H15-M1-06-TRIGONOMETRIC_GRAPH","true","true","false","false","true","true"
"23_복성고_1학기_기말_고2_수학I::q20","exams/original/high/h2/1final/23_복성고_1학기_기말_고2_수학I.js","23_복성고_1학기_기말_고2_수학I","20","수학I","H15-M1-05","삼각함수의 뜻과 값","H15-M1-05-TRIGONOMETRIC_DEFINITION","false","false","false","false","false","true"
"23_복성고_1학기_기말_고2_수학I::q21","exams/original/high/h2/1final/23_복성고_1학기_기말_고2_수학I.js","23_복성고_1학기_기말_고2_수학I","21","수학I","H15-M1-07","삼각방정식과 삼각부등식","H15-M1-07-TRIGONOMETRIC_INEQUALITY","false","false","false","false","false","false"
"23_복성고_1학기_기말_고2_수학I::q22","exams/original/high/h2/1final/23_복성고_1학기_기말_고2_수학I.js","23_복성고_1학기_기말_고2_수학I","22","수학I","H15-M1-05","삼각함수의 뜻과 값","H15-M1-05-TRIGONOMETRIC_DEFINITION","true","true","false","false","true","true"
"23_제일고_1학기_기말_고2_수학I::q1","exams/original/high/h2/1final/23_제일고_1학기_기말_고2_수학I.js","23_제일고_1학기_기말_고2_수학I","1","수학I","H15-M1-07","삼각방정식과 삼각부등식","H15-M1-07-TRIGONOMETRIC_EQUATION","false","false","false","false","false","false"
"23_제일고_1학기_기말_고2_수학I::q2","exams/original/high/h2/1final/23_제일고_1학기_기말_고2_수학I.js","23_제일고_1학기_기말_고2_수학I","2","수학I","H15-M1-05","삼각함수의 뜻과 값","H15-M1-05-TRIGONOMETRIC_DEFINITION","false","false","false","false","false","true"
"23_제일고_1학기_기말_고2_수학I::q3","exams/original/high/h2/1final/23_제일고_1학기_기말_고2_수학I.js","23_제일고_1학기_기말_고2_수학I","3","수학I","H15-M1-10","수열의 합","H15-M1-10-SEQUENCE_SUM","false","false","false","false","false","false"
"23_제일고_1학기_기말_고2_수학I::q4","exams/original/high/h2/1final/23_제일고_1학기_기말_고2_수학I.js","23_제일고_1학기_기말_고2_수학I","4","수학I","H15-M1-08","등차수열","H15-M1-08-ARITHMETIC_SEQUENCE","false","false","false","false","false","false"
"23_제일고_1학기_기말_고2_수학I::q5","exams/original/high/h2/1final/23_제일고_1학기_기말_고2_수학I.js","23_제일고_1학기_기말_고2_수학I","5","수학I","H15-M1-05","삼각함수의 뜻과 값","H15-M1-05-TRIGONOMETRIC_RELATION","false","false","false","false","false","false"
"23_제일고_1학기_기말_고2_수학I::q6","exams/original/high/h2/1final/23_제일고_1학기_기말_고2_수학I.js","23_제일고_1학기_기말_고2_수학I","6","수학I","H15-M1-05","삼각함수의 뜻과 값","H15-M1-05-TRIGONOMETRIC_DEFINITION","false","false","false","false","false","true"
"23_제일고_1학기_기말_고2_수학I::q7","exams/original/high/h2/1final/23_제일고_1학기_기말_고2_수학I.js","23_제일고_1학기_기말_고2_수학I","7","수학I","H15-M1-07","삼각방정식과 삼각부등식","H15-M1-07-TRIGONOMETRIC_EQUATION","false","false","false","false","false","false"
"23_제일고_1학기_기말_고2_수학I::q8","exams/original/high/h2/1final/23_제일고_1학기_기말_고2_수학I.js","23_제일고_1학기_기말_고2_수학I","8","수학I","H15-M1-05","삼각함수의 뜻과 값","H15-M1-05-TRIGONOMETRIC_DEFINITION","true","true","false","false","true","true"
"23_제일고_1학기_기말_고2_수학I::q9","exams/original/high/h2/1final/23_제일고_1학기_기말_고2_수학I.js","23_제일고_1학기_기말_고2_수학I","9","수학I","H15-M1-06","삼각함수의 그래프","H15-M1-06-TRIGONOMETRIC_GRAPH","false","false","false","false","false","true"
"23_제일고_1학기_기말_고2_수학I::q10","exams/original/high/h2/1final/23_제일고_1학기_기말_고2_수학I.js","23_제일고_1학기_기말_고2_수학I","10","수학I","H15-M1-05","삼각함수의 뜻과 값","H15-M1-05-TRIGONOMETRIC_DEFINITION","true","true","false","false","true","true"
"23_제일고_1학기_기말_고2_수학I::q11","exams/original/high/h2/1final/23_제일고_1학기_기말_고2_수학I.js","23_제일고_1학기_기말_고2_수학I","11","수학I","H15-M1-08","등차수열","H15-M1-08-SEQUENCE_TERM","false","false","false","false","false","false"
"23_제일고_1학기_기말_고2_수학I::q12","exams/original/high/h2/1final/23_제일고_1학기_기말_고2_수학I.js","23_제일고_1학기_기말_고2_수학I","12","수학I","H15-M1-10","수열의 합","H15-M1-10-SEQUENCE_SUM","false","false","false","false","false","false"
"23_제일고_1학기_기말_고2_수학I::q13","exams/original/high/h2/1final/23_제일고_1학기_기말_고2_수학I.js","23_제일고_1학기_기말_고2_수학I","13","수학I","H15-M1-09","등비수열","H15-M1-09-GEOMETRIC_SEQUENCE","false","false","false","false","false","false"
"23_제일고_1학기_기말_고2_수학I::q14","exams/original/high/h2/1final/23_제일고_1학기_기말_고2_수학I.js","23_제일고_1학기_기말_고2_수학I","14","수학I","H15-M1-10","수열의 합","H15-M1-10-SEQUENCE_SUM","false","false","false","false","false","false"
"23_제일고_1학기_기말_고2_수학I::q15","exams/original/high/h2/1final/23_제일고_1학기_기말_고2_수학I.js","23_제일고_1학기_기말_고2_수학I","15","수학I","H15-M1-10","수열의 합","H15-M1-10-SEQUENCE_SUM","false","false","false","false","false","false"
"23_제일고_1학기_기말_고2_수학I::q16","exams/original/high/h2/1final/23_제일고_1학기_기말_고2_수학I.js","23_제일고_1학기_기말_고2_수학I","16","수학I","H15-M1-09","등비수열","H15-M1-09-GEOMETRIC_SEQUENCE","false","false","false","false","false","true"
"23_제일고_1학기_기말_고2_수학I::q17","exams/original/high/h2/1final/23_제일고_1학기_기말_고2_수학I.js","23_제일고_1학기_기말_고2_수학I","17","수학I","H15-M1-11","수학적 귀납법","H15-M1-11-MATHEMATICAL_INDUCTION","true","true","false","false","true","false"
"23_제일고_1학기_기말_고2_수학I::q18","exams/original/high/h2/1final/23_제일고_1학기_기말_고2_수학I.js","23_제일고_1학기_기말_고2_수학I","18","수학I","H15-M1-10","수열의 합","H15-M1-10-SEQUENCE_SUM","false","false","false","false","false","false"
"23_제일고_1학기_기말_고2_수학I::q19","exams/original/high/h2/1final/23_제일고_1학기_기말_고2_수학I.js","23_제일고_1학기_기말_고2_수학I","19","수학I","H15-M1-09","등비수열","H15-M1-09-GEOMETRIC_SEQUENCE","false","false","false","false","false","false"
"23_제일고_1학기_기말_고2_수학I::q20","exams/original/high/h2/1final/23_제일고_1학기_기말_고2_수학I.js","23_제일고_1학기_기말_고2_수학I","20","수학I","H15-M1-06","삼각함수의 그래프","H15-M1-06-TRIGONOMETRIC_GRAPH","true","true","false","false","true","true"
"23_제일고_1학기_기말_고2_수학I::q21","exams/original/high/h2/1final/23_제일고_1학기_기말_고2_수학I.js","23_제일고_1학기_기말_고2_수학I","21","수학I","H15-M1-09","등비수열","H15-M1-09-GEOMETRIC_SEQUENCE","false","false","false","false","false","false"
"23_제일고_1학기_기말_고2_수학I::q22","exams/original/high/h2/1final/23_제일고_1학기_기말_고2_수학I.js","23_제일고_1학기_기말_고2_수학I","22","수학I","H15-M1-08","등차수열","H15-M1-08-ARITHMETIC_SEQUENCE","false","false","false","false","false","false"
"23_제일고_1학기_기말_고2_수학I::q23","exams/original/high/h2/1final/23_제일고_1학기_기말_고2_수학I.js","23_제일고_1학기_기말_고2_수학I","23","수학I","H15-M1-08","등차수열","H15-M1-08-ARITHMETIC_SEQUENCE","false","false","false","false","false","false"
"23_팔마고_1학기_기말_고2_수학I::q1","exams/original/high/h2/1final/23_팔마고_1학기_기말_고2_수학I.js","23_팔마고_1학기_기말_고2_수학I","1","수학I","H15-M1-07","삼각방정식과 삼각부등식","H15-M1-07-TRIGONOMETRIC_INEQUALITY","false","false","false","false","false","false"
"23_팔마고_1학기_기말_고2_수학I::q2","exams/original/high/h2/1final/23_팔마고_1학기_기말_고2_수학I.js","23_팔마고_1학기_기말_고2_수학I","2","수학I","H15-M1-09","등비수열","H15-M1-09-GEOMETRIC_SEQUENCE","false","false","false","false","false","false"
"23_팔마고_1학기_기말_고2_수학I::q3","exams/original/high/h2/1final/23_팔마고_1학기_기말_고2_수학I.js","23_팔마고_1학기_기말_고2_수학I","3","수학I","H15-M1-10","수열의 합","H15-M1-10-SEQUENCE_SUM","false","false","false","false","false","false"
"23_팔마고_1학기_기말_고2_수학I::q4","exams/original/high/h2/1final/23_팔마고_1학기_기말_고2_수학I.js","23_팔마고_1학기_기말_고2_수학I","4","수학I","H15-M1-05","삼각함수의 뜻과 값","H15-M1-05-TRIGONOMETRIC_DEFINITION","false","false","false","false","false","true"
"23_팔마고_1학기_기말_고2_수학I::q5","exams/original/high/h2/1final/23_팔마고_1학기_기말_고2_수학I.js","23_팔마고_1학기_기말_고2_수학I","5","수학I","H15-M1-08","등차수열","H15-M1-08-ARITHMETIC_SEQUENCE","false","false","false","false","false","false"
"23_팔마고_1학기_기말_고2_수학I::q6","exams/original/high/h2/1final/23_팔마고_1학기_기말_고2_수학I.js","23_팔마고_1학기_기말_고2_수학I","6","수학I","H15-M1-05","삼각함수의 뜻과 값","H15-M1-05-TRIGONOMETRIC_DEFINITION","false","false","false","false","false","true"
"23_팔마고_1학기_기말_고2_수학I::q7","exams/original/high/h2/1final/23_팔마고_1학기_기말_고2_수학I.js","23_팔마고_1학기_기말_고2_수학I","7","수학I","H15-M1-05","삼각함수의 뜻과 값","H15-M1-05-TRIGONOMETRIC_DEFINITION","false","false","false","false","false","true"
"23_팔마고_1학기_기말_고2_수학I::q8","exams/original/high/h2/1final/23_팔마고_1학기_기말_고2_수학I.js","23_팔마고_1학기_기말_고2_수학I","8","수학I","H15-M1-08","등차수열","H15-M1-08-ARITHMETIC_SEQUENCE","false","false","false","false","false","false"
"23_팔마고_1학기_기말_고2_수학I::q9","exams/original/high/h2/1final/23_팔마고_1학기_기말_고2_수학I.js","23_팔마고_1학기_기말_고2_수학I","9","수학I","H15-M1-07","삼각방정식과 삼각부등식","H15-M1-07-TRIGONOMETRIC_INEQUALITY","false","false","false","false","false","false"
"23_팔마고_1학기_기말_고2_수학I::q10","exams/original/high/h2/1final/23_팔마고_1학기_기말_고2_수학I.js","23_팔마고_1학기_기말_고2_수학I","10","수학I","H15-M1-09","등비수열","H15-M1-09-GEOMETRIC_SEQUENCE","false","false","false","false","false","false"
"23_팔마고_1학기_기말_고2_수학I::q11","exams/original/high/h2/1final/23_팔마고_1학기_기말_고2_수학I.js","23_팔마고_1학기_기말_고2_수학I","11","수학I","H15-M1-10","수열의 합","H15-M1-10-SEQUENCE_SUM","false","false","false","false","false","false"
"23_팔마고_1학기_기말_고2_수학I::q12","exams/original/high/h2/1final/23_팔마고_1학기_기말_고2_수학I.js","23_팔마고_1학기_기말_고2_수학I","12","수학I","H15-M1-09","등비수열","H15-M1-09-GEOMETRIC_SEQUENCE","false","false","false","false","false","true"
"23_팔마고_1학기_기말_고2_수학I::q13","exams/original/high/h2/1final/23_팔마고_1학기_기말_고2_수학I.js","23_팔마고_1학기_기말_고2_수학I","13","수학I","H15-M1-07","삼각방정식과 삼각부등식","H15-M1-07-TRIGONOMETRIC_INEQUALITY","false","false","false","false","false","false"
"23_팔마고_1학기_기말_고2_수학I::q14","exams/original/high/h2/1final/23_팔마고_1학기_기말_고2_수학I.js","23_팔마고_1학기_기말_고2_수학I","14","수학I","H15-M1-10","수열의 합","H15-M1-10-SEQUENCE_SUM","false","false","false","false","false","false"
"23_팔마고_1학기_기말_고2_수학I::q15","exams/original/high/h2/1final/23_팔마고_1학기_기말_고2_수학I.js","23_팔마고_1학기_기말_고2_수학I","15","수학I","H15-M1-10","수열의 합","H15-M1-10-SEQUENCE_SUM","false","false","false","false","false","false"
"23_팔마고_1학기_기말_고2_수학I::q16","exams/original/high/h2/1final/23_팔마고_1학기_기말_고2_수학I.js","23_팔마고_1학기_기말_고2_수학I","16","수학I","H15-M1-07","삼각방정식과 삼각부등식","H15-M1-07-TRIGONOMETRIC_INEQUALITY","false","false","false","false","false","false"
"23_팔마고_1학기_기말_고2_수학I::q17","exams/original/high/h2/1final/23_팔마고_1학기_기말_고2_수학I.js","23_팔마고_1학기_기말_고2_수학I","17","수학I","H15-M1-05","삼각함수의 뜻과 값","H15-M1-05-TRIGONOMETRIC_DEFINITION","true","true","false","false","true","true"
"23_팔마고_1학기_기말_고2_수학I::q18","exams/original/high/h2/1final/23_팔마고_1학기_기말_고2_수학I.js","23_팔마고_1학기_기말_고2_수학I","18","수학I","H15-M1-05","삼각함수의 뜻과 값","H15-M1-05-TRIGONOMETRIC_DEFINITION","false","false","false","false","false","true"
"23_팔마고_1학기_기말_고2_수학I::q19","exams/original/high/h2/1final/23_팔마고_1학기_기말_고2_수학I.js","23_팔마고_1학기_기말_고2_수학I","19","수학I","H15-M1-08","등차수열","H15-M1-08-ARITHMETIC_SEQUENCE","false","false","false","false","false","false"
"23_팔마고_1학기_기말_고2_수학I::q20","exams/original/high/h2/1final/23_팔마고_1학기_기말_고2_수학I.js","23_팔마고_1학기_기말_고2_수학I","20","수학I","H15-M1-05","삼각함수의 뜻과 값","H15-M1-05-TRIGONOMETRIC_DEFINITION","true","true","false","false","true","true"
"23_팔마고_1학기_기말_고2_수학I::q21","exams/original/high/h2/1final/23_팔마고_1학기_기말_고2_수학I.js","23_팔마고_1학기_기말_고2_수학I","21","수학I","H15-M1-07","삼각방정식과 삼각부등식","H15-M1-07-TRIGONOMETRIC_INEQUALITY","false","false","false","false","false","true"
"23_팔마고_1학기_기말_고2_수학I::q22","exams/original/high/h2/1final/23_팔마고_1학기_기말_고2_수학I.js","23_팔마고_1학기_기말_고2_수학I","22","수학I","H15-M1-10","수열의 합","H15-M1-10-SEQUENCE_SUM","false","false","false","false","false","false"
"24_강남여고_1학기_기말_고2_수학I::q1","exams/original/high/h2/1final/24_강남여고_1학기_기말_고2_수학I.js","24_강남여고_1학기_기말_고2_수학I","1","대수","H15-M1-08","등차수열","H15-M1-08-SEQUENCE_TERM","false","false","false","false","false","false"
"24_강남여고_1학기_기말_고2_수학I::q2","exams/original/high/h2/1final/24_강남여고_1학기_기말_고2_수학I.js","24_강남여고_1학기_기말_고2_수학I","2","대수","H15-M1-10","수열의 합","H15-M1-10-SEQUENCE_SUM","false","false","false","false","false","false"
"24_강남여고_1학기_기말_고2_수학I::q3","exams/original/high/h2/1final/24_강남여고_1학기_기말_고2_수학I.js","24_강남여고_1학기_기말_고2_수학I","3","대수","H15-M1-08","등차수열","H15-M1-08-ARITHMETIC_SEQUENCE","false","false","false","false","false","false"
"24_강남여고_1학기_기말_고2_수학I::q4","exams/original/high/h2/1final/24_강남여고_1학기_기말_고2_수학I.js","24_강남여고_1학기_기말_고2_수학I","4","대수","H15-M1-10","수열의 합","H15-M1-10-SEQUENCE_SUM","false","false","false","false","false","false"
"24_강남여고_1학기_기말_고2_수학I::q5","exams/original/high/h2/1final/24_강남여고_1학기_기말_고2_수학I.js","24_강남여고_1학기_기말_고2_수학I","5","대수","H15-M1-05","삼각함수의 뜻과 값","H15-M1-05-TRIGONOMETRIC_DEFINITION","false","false","false","false","false","true"
"24_강남여고_1학기_기말_고2_수학I::q6","exams/original/high/h2/1final/24_강남여고_1학기_기말_고2_수학I.js","24_강남여고_1학기_기말_고2_수학I","6","대수","H15-M1-05","삼각함수의 뜻과 값","H15-M1-05-TRIGONOMETRIC_DEFINITION","true","true","false","false","true","true"
"24_강남여고_1학기_기말_고2_수학I::q7","exams/original/high/h2/1final/24_강남여고_1학기_기말_고2_수학I.js","24_강남여고_1학기_기말_고2_수학I","7","대수","H15-M1-05","삼각함수의 뜻과 값","H15-M1-05-TRIGONOMETRIC_DEFINITION","true","true","false","false","true","true"
"24_강남여고_1학기_기말_고2_수학I::q8","exams/original/high/h2/1final/24_강남여고_1학기_기말_고2_수학I.js","24_강남여고_1학기_기말_고2_수학I","8","대수","H15-M1-09","등비수열","H15-M1-09-GEOMETRIC_SEQUENCE","false","false","false","false","false","false"
"24_강남여고_1학기_기말_고2_수학I::q9","exams/original/high/h2/1final/24_강남여고_1학기_기말_고2_수학I.js","24_강남여고_1학기_기말_고2_수학I","9","대수","H15-M1-05","삼각함수의 뜻과 값","H15-M1-05-TRIGONOMETRIC_DEFINITION","false","false","false","false","false","true"
"24_강남여고_1학기_기말_고2_수학I::q10","exams/original/high/h2/1final/24_강남여고_1학기_기말_고2_수학I.js","24_강남여고_1학기_기말_고2_수학I","10","대수","H15-M1-10","수열의 합","H15-M1-10-SEQUENCE_SUM","false","false","false","false","false","false"
"24_강남여고_1학기_기말_고2_수학I::q11","exams/original/high/h2/1final/24_강남여고_1학기_기말_고2_수학I.js","24_강남여고_1학기_기말_고2_수학I","11","대수","H15-M1-09","등비수열","H15-M1-09-GEOMETRIC_SEQUENCE","false","false","false","false","false","false"
"24_강남여고_1학기_기말_고2_수학I::q12","exams/original/high/h2/1final/24_강남여고_1학기_기말_고2_수학I.js","24_강남여고_1학기_기말_고2_수학I","12","대수","H15-M1-05","삼각함수의 뜻과 값","H15-M1-05-TRIGONOMETRIC_DEFINITION","false","false","false","false","false","true"
"24_강남여고_1학기_기말_고2_수학I::q13","exams/original/high/h2/1final/24_강남여고_1학기_기말_고2_수학I.js","24_강남여고_1학기_기말_고2_수학I","13","대수","H15-M1-10","수열의 합","H15-M1-10-SEQUENCE_SUM","false","false","false","false","false","false"
"24_강남여고_1학기_기말_고2_수학I::q14","exams/original/high/h2/1final/24_강남여고_1학기_기말_고2_수학I.js","24_강남여고_1학기_기말_고2_수학I","14","대수","H15-M1-09","등비수열","H15-M1-09-GEOMETRIC_SEQUENCE","false","false","false","false","false","true"
"24_강남여고_1학기_기말_고2_수학I::q15","exams/original/high/h2/1final/24_강남여고_1학기_기말_고2_수학I.js","24_강남여고_1학기_기말_고2_수학I","15","대수","H15-M1-09","등비수열","H15-M1-09-SEQUENCE_TERM","false","false","false","false","false","false"
"24_강남여고_1학기_기말_고2_수학I::q16","exams/original/high/h2/1final/24_강남여고_1학기_기말_고2_수학I.js","24_강남여고_1학기_기말_고2_수학I","16","대수","H15-M1-10","수열의 합","H15-M1-10-SEQUENCE_SUM","false","false","false","false","false","false"
"24_강남여고_1학기_기말_고2_수학I::q17","exams/original/high/h2/1final/24_강남여고_1학기_기말_고2_수학I.js","24_강남여고_1학기_기말_고2_수학I","17","대수","H15-M1-05","삼각함수의 뜻과 값","H15-M1-05-TRIGONOMETRIC_DEFINITION","true","true","false","false","true","true"
"24_강남여고_1학기_기말_고2_수학I::q18","exams/original/high/h2/1final/24_강남여고_1학기_기말_고2_수학I.js","24_강남여고_1학기_기말_고2_수학I","18","대수","H15-M1-08","등차수열","H15-M1-08-ARITHMETIC_SEQUENCE","false","false","false","false","false","false"
"24_강남여고_1학기_기말_고2_수학I::q19","exams/original/high/h2/1final/24_강남여고_1학기_기말_고2_수학I.js","24_강남여고_1학기_기말_고2_수학I","19","대수","H15-M1-10","수열의 합","H15-M1-10-SEQUENCE_SUM","true","true","false","false","true","true"
"24_강남여고_1학기_기말_고2_수학I::q20","exams/original/high/h2/1final/24_강남여고_1학기_기말_고2_수학I.js","24_강남여고_1학기_기말_고2_수학I","20","대수","H15-M1-11","수학적 귀납법","H15-M1-11-MATHEMATICAL_INDUCTION","false","false","false","false","false","true"
"24_강남여고_1학기_기말_고2_수학I::q21","exams/original/high/h2/1final/24_강남여고_1학기_기말_고2_수학I.js","24_강남여고_1학기_기말_고2_수학I","21","대수","H15-M1-05","삼각함수의 뜻과 값","H15-M1-05-TRIGONOMETRIC_DEFINITION","true","true","false","false","true","true"
"24_강남여고_1학기_기말_고2_수학I::q22","exams/original/high/h2/1final/24_강남여고_1학기_기말_고2_수학I.js","24_강남여고_1학기_기말_고2_수학I","22","대수","H15-M1-08","등차수열","H15-M1-08-ARITHMETIC_SEQUENCE","true","true","false","false","true","true"
"24_강남여고_1학기_기말_고2_수학I::q23","exams/original/high/h2/1final/24_강남여고_1학기_기말_고2_수학I.js","24_강남여고_1학기_기말_고2_수학I","23","대수","H15-M1-05","삼각함수의 뜻과 값","H15-M1-05-TRIGONOMETRIC_DEFINITION","false","false","false","false","false","true"
"24_강남여고_1학기_기말_고2_수학I::q24","exams/original/high/h2/1final/24_강남여고_1학기_기말_고2_수학I.js","24_강남여고_1학기_기말_고2_수학I","24","대수","H15-M1-10","수열의 합","H15-M1-10-SEQUENCE_SUM","false","false","false","false","false","false"
"24_강남여고_1학기_기말_고2_수학I::q25","exams/original/high/h2/1final/24_강남여고_1학기_기말_고2_수학I.js","24_강남여고_1학기_기말_고2_수학I","25","대수","H15-M1-10","수열의 합","H15-M1-10-SEQUENCE_SUM","false","false","false","false","false","false"
"24_팔마고_1학기_기말_고2_수학I::q1","exams/original/high/h2/1final/24_팔마고_1학기_기말_고2_수학I.js","24_팔마고_1학기_기말_고2_수학I","1","대수","H15-M1-05","삼각함수의 뜻과 값","H15-M1-05-TRIGONOMETRIC_RELATION","false","false","false","false","false","false"
"24_팔마고_1학기_기말_고2_수학I::q2","exams/original/high/h2/1final/24_팔마고_1학기_기말_고2_수학I.js","24_팔마고_1학기_기말_고2_수학I","2","대수","H15-M1-05","삼각함수의 뜻과 값","H15-M1-05-TRIGONOMETRIC_DEFINITION","false","false","false","false","false","true"
"24_팔마고_1학기_기말_고2_수학I::q3","exams/original/high/h2/1final/24_팔마고_1학기_기말_고2_수학I.js","24_팔마고_1학기_기말_고2_수학I","3","대수","H15-M1-08","등차수열","H15-M1-08-ARITHMETIC_SEQUENCE","false","false","false","false","false","false"
"24_팔마고_1학기_기말_고2_수학I::q4","exams/original/high/h2/1final/24_팔마고_1학기_기말_고2_수학I.js","24_팔마고_1학기_기말_고2_수학I","4","대수","H15-M1-10","수열의 합","H15-M1-10-SEQUENCE_SUM","false","false","false","false","false","false"
"24_팔마고_1학기_기말_고2_수학I::q5","exams/original/high/h2/1final/24_팔마고_1학기_기말_고2_수학I.js","24_팔마고_1학기_기말_고2_수학I","5","대수","H15-M1-09","등비수열","H15-M1-09-GEOMETRIC_SEQUENCE","false","false","false","false","false","false"
"24_팔마고_1학기_기말_고2_수학I::q6","exams/original/high/h2/1final/24_팔마고_1학기_기말_고2_수학I.js","24_팔마고_1학기_기말_고2_수학I","6","대수","H15-M1-10","수열의 합","H15-M1-10-SEQUENCE_SUM","false","false","false","false","false","false"
"24_팔마고_1학기_기말_고2_수학I::q7","exams/original/high/h2/1final/24_팔마고_1학기_기말_고2_수학I.js","24_팔마고_1학기_기말_고2_수학I","7","대수","H15-M1-06","삼각함수의 그래프","H15-M1-06-TRIGONOMETRIC_GRAPH","false","false","false","false","false","false"
"24_팔마고_1학기_기말_고2_수학I::q8","exams/original/high/h2/1final/24_팔마고_1학기_기말_고2_수학I.js","24_팔마고_1학기_기말_고2_수학I","8","대수","H15-M1-09","등비수열","H15-M1-09-GEOMETRIC_SEQUENCE","false","false","false","false","false","true"
"24_팔마고_1학기_기말_고2_수학I::q9","exams/original/high/h2/1final/24_팔마고_1학기_기말_고2_수학I.js","24_팔마고_1학기_기말_고2_수학I","9","대수","H15-M1-06","삼각함수의 그래프","H15-M1-06-TRIGONOMETRIC_GRAPH","true","true","false","false","true","true"
"24_팔마고_1학기_기말_고2_수학I::q10","exams/original/high/h2/1final/24_팔마고_1학기_기말_고2_수학I.js","24_팔마고_1학기_기말_고2_수학I","10","대수","H15-M1-11","수학적 귀납법","H15-M1-11-MATHEMATICAL_INDUCTION","false","false","false","false","false","false"
"24_팔마고_1학기_기말_고2_수학I::q11","exams/original/high/h2/1final/24_팔마고_1학기_기말_고2_수학I.js","24_팔마고_1학기_기말_고2_수학I","11","대수","H15-M1-06","삼각함수의 그래프","H15-M1-06-TRIGONOMETRIC_GRAPH","false","false","false","false","false","true"
"24_팔마고_1학기_기말_고2_수학I::q12","exams/original/high/h2/1final/24_팔마고_1학기_기말_고2_수학I.js","24_팔마고_1학기_기말_고2_수학I","12","대수","H15-M1-07","삼각방정식과 삼각부등식","H15-M1-07-TRIGONOMETRIC_INEQUALITY","false","false","false","false","false","false"
"24_팔마고_1학기_기말_고2_수학I::q13","exams/original/high/h2/1final/24_팔마고_1학기_기말_고2_수학I.js","24_팔마고_1학기_기말_고2_수학I","13","대수","H15-M1-07","삼각방정식과 삼각부등식","H15-M1-07-TRIGONOMETRIC_INEQUALITY","false","false","false","false","false","false"
"24_팔마고_1학기_기말_고2_수학I::q14","exams/original/high/h2/1final/24_팔마고_1학기_기말_고2_수학I.js","24_팔마고_1학기_기말_고2_수학I","14","대수","H15-M1-06","삼각함수의 그래프","H15-M1-06-TRIGONOMETRIC_GRAPH","false","false","false","false","false","true"
"24_팔마고_1학기_기말_고2_수학I::q15","exams/original/high/h2/1final/24_팔마고_1학기_기말_고2_수학I.js","24_팔마고_1학기_기말_고2_수학I","15","대수","H15-M1-05","삼각함수의 뜻과 값","H15-M1-05-TRIGONOMETRIC_RELATION","true","true","false","false","true","true"
"24_팔마고_1학기_기말_고2_수학I::q16","exams/original/high/h2/1final/24_팔마고_1학기_기말_고2_수학I.js","24_팔마고_1학기_기말_고2_수학I","16","대수","H15-M1-06","삼각함수의 그래프","H15-M1-06-TRIGONOMETRIC_GRAPH","false","false","false","false","false","true"
"24_팔마고_1학기_기말_고2_수학I::q17","exams/original/high/h2/1final/24_팔마고_1학기_기말_고2_수학I.js","24_팔마고_1학기_기말_고2_수학I","17","대수","H15-M1-05","삼각함수의 뜻과 값","H15-M1-05-TRIGONOMETRIC_DEFINITION","true","true","false","false","true","true"
"24_팔마고_1학기_기말_고2_수학I::q18","exams/original/high/h2/1final/24_팔마고_1학기_기말_고2_수학I.js","24_팔마고_1학기_기말_고2_수학I","18","대수","H15-M1-10","수열의 합","H15-M1-10-SEQUENCE_SUM","false","false","false","false","false","false"
"24_팔마고_1학기_기말_고2_수학I::q19","exams/original/high/h2/1final/24_팔마고_1학기_기말_고2_수학I.js","24_팔마고_1학기_기말_고2_수학I","19","대수","H15-M1-05","삼각함수의 뜻과 값","H15-M1-05-TRIGONOMETRIC_DEFINITION","true","true","false","false","true","true"
"24_팔마고_1학기_기말_고2_수학I::q20","exams/original/high/h2/1final/24_팔마고_1학기_기말_고2_수학I.js","24_팔마고_1학기_기말_고2_수학I","20","대수","H15-M1-08","등차수열","H15-M1-08-SEQUENCE_TERM","false","false","false","false","false","false"
"24_팔마고_1학기_기말_고2_수학I::q21","exams/original/high/h2/1final/24_팔마고_1학기_기말_고2_수학I.js","24_팔마고_1학기_기말_고2_수학I","21","대수","H15-M1-07","삼각방정식과 삼각부등식","H15-M1-07-TRIGONOMETRIC_INEQUALITY","false","false","false","false","false","false"
"24_팔마고_1학기_기말_고2_수학I::q22","exams/original/high/h2/1final/24_팔마고_1학기_기말_고2_수학I.js","24_팔마고_1학기_기말_고2_수학I","22","대수","H15-M1-05","삼각함수의 뜻과 값","H15-M1-05-TRIGONOMETRIC_DEFINITION","false","false","false","false","false","true"
"25_금당고_1학기_기말_고2_수학I::q1","exams/original/high/h2/1final/25_금당고_1학기_기말_고2_수학I.js","25_금당고_1학기_기말_고2_수학I","1","대수","H15-M1-08","등차수열","H15-M1-08-ARITHMETIC_SEQUENCE","false","false","false","false","false","false"
"25_금당고_1학기_기말_고2_수학I::q2","exams/original/high/h2/1final/25_금당고_1학기_기말_고2_수학I.js","25_금당고_1학기_기말_고2_수학I","2","대수","H15-M1-08","등차수열","H15-M1-08-SEQUENCE_TERM","false","false","false","false","false","false"
"25_금당고_1학기_기말_고2_수학I::q3","exams/original/high/h2/1final/25_금당고_1학기_기말_고2_수학I.js","25_금당고_1학기_기말_고2_수학I","3","대수","H15-M1-09","등비수열","H15-M1-09-GEOMETRIC_SEQUENCE","false","false","false","false","false","false"
"25_금당고_1학기_기말_고2_수학I::q4","exams/original/high/h2/1final/25_금당고_1학기_기말_고2_수학I.js","25_금당고_1학기_기말_고2_수학I","4","대수","H15-M1-05","삼각함수의 뜻과 값","H15-M1-05-TRIGONOMETRIC_DEFINITION","false","false","false","false","false","true"
"25_금당고_1학기_기말_고2_수학I::q5","exams/original/high/h2/1final/25_금당고_1학기_기말_고2_수학I.js","25_금당고_1학기_기말_고2_수학I","5","대수","H15-M1-05","삼각함수의 뜻과 값","H15-M1-05-TRIGONOMETRIC_DEFINITION","false","false","false","false","false","false"
"25_금당고_1학기_기말_고2_수학I::q6","exams/original/high/h2/1final/25_금당고_1학기_기말_고2_수학I.js","25_금당고_1학기_기말_고2_수학I","6","대수","H15-M1-05","삼각함수의 뜻과 값","H15-M1-05-TRIGONOMETRIC_DEFINITION","true","true","false","false","true","true"
"25_금당고_1학기_기말_고2_수학I::q7","exams/original/high/h2/1final/25_금당고_1학기_기말_고2_수학I.js","25_금당고_1학기_기말_고2_수학I","7","대수","H15-M1-10","수열의 합","H15-M1-10-SEQUENCE_SUM","false","false","false","false","false","false"
"25_금당고_1학기_기말_고2_수학I::q8","exams/original/high/h2/1final/25_금당고_1학기_기말_고2_수학I.js","25_금당고_1학기_기말_고2_수학I","8","대수","H15-M1-05","삼각함수의 뜻과 값","H15-M1-05-TRIGONOMETRIC_DEFINITION","true","true","false","false","true","true"
"25_금당고_1학기_기말_고2_수학I::q9","exams/original/high/h2/1final/25_금당고_1학기_기말_고2_수학I.js","25_금당고_1학기_기말_고2_수학I","9","대수","H15-M1-05","삼각함수의 뜻과 값","H15-M1-05-TRIGONOMETRIC_DEFINITION","false","false","false","false","false","true"
"25_금당고_1학기_기말_고2_수학I::q10","exams/original/high/h2/1final/25_금당고_1학기_기말_고2_수학I.js","25_금당고_1학기_기말_고2_수학I","10","대수","H15-M1-05","삼각함수의 뜻과 값","H15-M1-05-TRIGONOMETRIC_DEFINITION","true","true","false","false","true","true"
"25_금당고_1학기_기말_고2_수학I::q11","exams/original/high/h2/1final/25_금당고_1학기_기말_고2_수학I.js","25_금당고_1학기_기말_고2_수학I","11","대수","H15-M1-10","수열의 합","H15-M1-10-SEQUENCE_SUM","false","false","false","false","false","false"
"25_금당고_1학기_기말_고2_수학I::q12","exams/original/high/h2/1final/25_금당고_1학기_기말_고2_수학I.js","25_금당고_1학기_기말_고2_수학I","12","대수","H15-M1-09","등비수열","H15-M1-09-SEQUENCE_TERM","false","false","false","false","false","false"
"25_금당고_1학기_기말_고2_수학I::q13","exams/original/high/h2/1final/25_금당고_1학기_기말_고2_수학I.js","25_금당고_1학기_기말_고2_수학I","13","대수","H15-M1-05","삼각함수의 뜻과 값","H15-M1-05-TRIGONOMETRIC_DEFINITION","true","true","false","false","true","true"
"25_금당고_1학기_기말_고2_수학I::q14","exams/original/high/h2/1final/25_금당고_1학기_기말_고2_수학I.js","25_금당고_1학기_기말_고2_수학I","14","대수","H15-M1-10","수열의 합","H15-M1-10-SEQUENCE_SUM","true","true","false","false","true","true"
"25_금당고_1학기_기말_고2_수학I::q15","exams/original/high/h2/1final/25_금당고_1학기_기말_고2_수학I.js","25_금당고_1학기_기말_고2_수학I","15","대수","H15-M1-10","수열의 합","H15-M1-10-SEQUENCE_SUM","false","false","false","false","false","false"
"25_금당고_1학기_기말_고2_수학I::q16","exams/original/high/h2/1final/25_금당고_1학기_기말_고2_수학I.js","25_금당고_1학기_기말_고2_수학I","16","대수","H15-M1-05","삼각함수의 뜻과 값","H15-M1-05-TRIGONOMETRIC_DEFINITION","true","true","false","false","true","true"
"25_금당고_1학기_기말_고2_수학I::q17","exams/original/high/h2/1final/25_금당고_1학기_기말_고2_수학I.js","25_금당고_1학기_기말_고2_수학I","17","대수","H15-M1-11","수학적 귀납법","H15-M1-11-MATHEMATICAL_INDUCTION","false","false","false","false","true","false"
"25_금당고_1학기_기말_고2_수학I::q18","exams/original/high/h2/1final/25_금당고_1학기_기말_고2_수학I.js","25_금당고_1학기_기말_고2_수학I","18","대수","H15-M1-05","삼각함수의 뜻과 값","H15-M1-05-TRIGONOMETRIC_DEFINITION","true","true","false","false","true","true"
"25_금당고_1학기_기말_고2_수학I::q19","exams/original/high/h2/1final/25_금당고_1학기_기말_고2_수학I.js","25_금당고_1학기_기말_고2_수학I","19","대수","H15-M1-10","수열의 합","H15-M1-10-SEQUENCE_SUM","false","false","false","false","false","false"
"25_금당고_1학기_기말_고2_수학I::q20","exams/original/high/h2/1final/25_금당고_1학기_기말_고2_수학I.js","25_금당고_1학기_기말_고2_수학I","20","대수","H15-M1-07","삼각방정식과 삼각부등식","H15-M1-07-TRIGONOMETRIC_INEQUALITY","false","false","false","false","false","false"
"25_금당고_1학기_기말_고2_수학I::q21","exams/original/high/h2/1final/25_금당고_1학기_기말_고2_수학I.js","25_금당고_1학기_기말_고2_수학I","21","대수","H15-M1-09","등비수열","H15-M1-09-GEOMETRIC_SEQUENCE","true","true","false","false","true","true"
"25_제일고_1학기_기말_고2_수학I::q1","exams/original/high/h2/1final/25_제일고_1학기_기말_고2_대수c.js","25_제일고_1학기_기말_고2_수학I","1","대수","H15-M1-06","삼각함수의 그래프","H15-M1-06-TRIGONOMETRIC_GRAPH","false","false","false","false","true","false"
"25_제일고_1학기_기말_고2_수학I::q2","exams/original/high/h2/1final/25_제일고_1학기_기말_고2_대수c.js","25_제일고_1학기_기말_고2_수학I","2","대수","H15-M1-06","삼각함수의 그래프","H15-M1-06-TRIGONOMETRIC_GRAPH","false","false","false","false","true","true"
"25_제일고_1학기_기말_고2_수학I::q3","exams/original/high/h2/1final/25_제일고_1학기_기말_고2_대수c.js","25_제일고_1학기_기말_고2_수학I","3","대수","H15-M1-05","삼각함수의 뜻과 값","H15-M1-05-TRIGONOMETRIC_DEFINITION","true","true","false","false","true","true"
"25_제일고_1학기_기말_고2_수학I::q4","exams/original/high/h2/1final/25_제일고_1학기_기말_고2_대수c.js","25_제일고_1학기_기말_고2_수학I","4","대수","H15-M1-08","등차수열","H15-M1-08-ARITHMETIC_SEQUENCE","false","false","false","false","false","false"
"25_제일고_1학기_기말_고2_수학I::q5","exams/original/high/h2/1final/25_제일고_1학기_기말_고2_대수c.js","25_제일고_1학기_기말_고2_수학I","5","대수","H15-M1-09","등비수열","H15-M1-09-GEOMETRIC_SEQUENCE","false","false","false","false","false","false"
"25_제일고_1학기_기말_고2_수학I::q6","exams/original/high/h2/1final/25_제일고_1학기_기말_고2_대수c.js","25_제일고_1학기_기말_고2_수학I","6","대수","H15-M1-10","수열의 합","H15-M1-10-SEQUENCE_SUM","false","false","false","false","false","false"
"25_제일고_1학기_기말_고2_수학I::q7","exams/original/high/h2/1final/25_제일고_1학기_기말_고2_대수c.js","25_제일고_1학기_기말_고2_수학I","7","대수","H15-M1-05","삼각함수의 뜻과 값","H15-M1-05-TRIGONOMETRIC_RELATION","false","false","false","false","false","false"
"25_제일고_1학기_기말_고2_수학I::q8","exams/original/high/h2/1final/25_제일고_1학기_기말_고2_대수c.js","25_제일고_1학기_기말_고2_수학I","8","대수","H15-M1-05","삼각함수의 뜻과 값","H15-M1-05-TRIGONOMETRIC_DEFINITION","false","false","false","false","true","true"
"25_제일고_1학기_기말_고2_수학I::q9","exams/original/high/h2/1final/25_제일고_1학기_기말_고2_대수c.js","25_제일고_1학기_기말_고2_수학I","9","대수","H15-M1-05","삼각함수의 뜻과 값","H15-M1-05-TRIGONOMETRIC_DEFINITION","true","true","false","false","true","false"
"25_제일고_1학기_기말_고2_수학I::q10","exams/original/high/h2/1final/25_제일고_1학기_기말_고2_대수c.js","25_제일고_1학기_기말_고2_수학I","10","대수","H15-M1-06","삼각함수의 그래프","H15-M1-06-TRIGONOMETRIC_GRAPH","true","true","false","false","true","true"
"25_제일고_1학기_기말_고2_수학I::q11","exams/original/high/h2/1final/25_제일고_1학기_기말_고2_대수c.js","25_제일고_1학기_기말_고2_수학I","11","대수","H15-M1-08","등차수열","H15-M1-08-SEQUENCE_TERM","false","false","false","false","false","false"
"25_제일고_1학기_기말_고2_수학I::q12","exams/original/high/h2/1final/25_제일고_1학기_기말_고2_대수c.js","25_제일고_1학기_기말_고2_수학I","12","대수","H15-M1-09","등비수열","H15-M1-09-GEOMETRIC_SEQUENCE","true","true","false","false","true","true"
"25_제일고_1학기_기말_고2_수학I::q13","exams/original/high/h2/1final/25_제일고_1학기_기말_고2_대수c.js","25_제일고_1학기_기말_고2_수학I","13","대수","H15-M1-09","등비수열","H15-M1-09-SEQUENCE_TERM","false","false","false","false","false","false"
"25_제일고_1학기_기말_고2_수학I::q14","exams/original/high/h2/1final/25_제일고_1학기_기말_고2_대수c.js","25_제일고_1학기_기말_고2_수학I","14","대수","H15-M1-10","수열의 합","H15-M1-10-SEQUENCE_SUM","false","false","false","false","false","false"
"25_제일고_1학기_기말_고2_수학I::q15","exams/original/high/h2/1final/25_제일고_1학기_기말_고2_대수c.js","25_제일고_1학기_기말_고2_수학I","15","대수","H15-M1-06","삼각함수의 그래프","H15-M1-06-TRIGONOMETRIC_GRAPH","false","false","false","false","true","false"
"25_제일고_1학기_기말_고2_수학I::q16","exams/original/high/h2/1final/25_제일고_1학기_기말_고2_대수c.js","25_제일고_1학기_기말_고2_수학I","16","대수","H15-M1-06","삼각함수의 그래프","H15-M1-06-TRIGONOMETRIC_GRAPH","true","true","false","false","true","true"
"25_제일고_1학기_기말_고2_수학I::q17","exams/original/high/h2/1final/25_제일고_1학기_기말_고2_대수c.js","25_제일고_1학기_기말_고2_수학I","17","대수","H15-M1-05","삼각함수의 뜻과 값","H15-M1-05-TRIGONOMETRIC_DEFINITION","true","true","false","false","true","true"
"25_제일고_1학기_기말_고2_수학I::q18","exams/original/high/h2/1final/25_제일고_1학기_기말_고2_대수c.js","25_제일고_1학기_기말_고2_수학I","18","대수","H15-M1-09","등비수열","H15-M1-09-GEOMETRIC_SEQUENCE","false","false","false","false","false","false"
"25_제일고_1학기_기말_고2_수학I::q19","exams/original/high/h2/1final/25_제일고_1학기_기말_고2_대수c.js","25_제일고_1학기_기말_고2_수학I","19","대수","H15-M1-09","등비수열","H15-M1-09-GEOMETRIC_SEQUENCE","false","false","false","false","false","false"
"25_제일고_1학기_기말_고2_수학I::q20","exams/original/high/h2/1final/25_제일고_1학기_기말_고2_대수c.js","25_제일고_1학기_기말_고2_수학I","20","대수","H15-M1-10","수열의 합","H15-M1-10-SEQUENCE_SUM","false","false","false","false","false","false"
"25_제일고_1학기_기말_고2_수학I::q21","exams/original/high/h2/1final/25_제일고_1학기_기말_고2_대수c.js","25_제일고_1학기_기말_고2_수학I","21","대수","H15-M1-06","삼각함수의 그래프","H15-M1-06-TRIGONOMETRIC_GRAPH","false","false","false","false","false","false"
"25_제일고_1학기_기말_고2_수학I::q23","exams/original/high/h2/1final/25_제일고_1학기_기말_고2_대수c.js","25_제일고_1학기_기말_고2_수학I","23","대수","H15-M1-10","수열의 합","H15-M1-10-SEQUENCE_SUM","false","false","false","false","false","false"
"25_효천고_1학기_기말_고2_대수::q1","exams/original/high/h2/1final/25_효천고_1학기_기말_고2_대수c.js","25_효천고_1학기_기말_고2_대수","1","대수","H22-A-06","등차수열과 등비수열","H22-A-06-SEQUENCE_BASIC","false","false","false","false","false","false"
"25_효천고_1학기_기말_고2_대수::q2","exams/original/high/h2/1final/25_효천고_1학기_기말_고2_대수c.js","25_효천고_1학기_기말_고2_대수","2","대수","H22-A-06","등차수열과 등비수열","H22-A-06-SEQUENCE_BASIC","false","false","false","false","false","false"
"25_효천고_1학기_기말_고2_대수::q3","exams/original/high/h2/1final/25_효천고_1학기_기말_고2_대수c.js","25_효천고_1학기_기말_고2_대수","3","대수","H22-A-07","수열의 합","H22-A-07-SEQUENCE_BASIC","false","false","false","false","false","false"
"25_효천고_1학기_기말_고2_대수::q4","exams/original/high/h2/1final/25_효천고_1학기_기말_고2_대수c.js","25_효천고_1학기_기말_고2_대수","4","대수","H22-A-07","수열의 합","H22-A-07-SEQUENCE_BASIC","false","false","false","false","false","false"
"25_효천고_1학기_기말_고2_대수::q5","exams/original/high/h2/1final/25_효천고_1학기_기말_고2_대수c.js","25_효천고_1학기_기말_고2_대수","5","대수","H22-A-05","사인법칙과 코사인법칙","H22-A-05-CORE","true","true","false","false","true","true"
"25_효천고_1학기_기말_고2_대수::q6","exams/original/high/h2/1final/25_효천고_1학기_기말_고2_대수c.js","25_효천고_1학기_기말_고2_대수","6","대수","H22-A-07","수열의 합","H22-A-07-SEQUENCE_SUM","false","false","false","false","false","false"
"25_효천고_1학기_기말_고2_대수::q7","exams/original/high/h2/1final/25_효천고_1학기_기말_고2_대수c.js","25_효천고_1학기_기말_고2_대수","7","대수","H22-A-07","수열의 합","H22-A-07-SEQUENCE_BASIC","false","false","false","false","false","false"
"25_효천고_1학기_기말_고2_대수::q8","exams/original/high/h2/1final/25_효천고_1학기_기말_고2_대수c.js","25_효천고_1학기_기말_고2_대수","8","대수","H22-A-07","수열의 합","H22-A-07-SEQUENCE_SUM","false","false","false","false","false","false"
"25_효천고_1학기_기말_고2_대수::q9","exams/original/high/h2/1final/25_효천고_1학기_기말_고2_대수c.js","25_효천고_1학기_기말_고2_대수","9","대수","H22-A-05","사인법칙과 코사인법칙","H22-A-05-CORE","true","true","false","false","true","true"
"25_효천고_1학기_기말_고2_대수::q10","exams/original/high/h2/1final/25_효천고_1학기_기말_고2_대수c.js","25_효천고_1학기_기말_고2_대수","10","대수","H22-A-07","수열의 합","H22-A-07-SEQUENCE_SUM","false","false","false","false","false","false"
"25_효천고_1학기_기말_고2_대수::q11","exams/original/high/h2/1final/25_효천고_1학기_기말_고2_대수c.js","25_효천고_1학기_기말_고2_대수","11","대수","H22-A-06","등차수열과 등비수열","H22-A-06-SEQUENCE_BASIC","false","false","false","false","false","false"
"25_효천고_1학기_기말_고2_대수::q12","exams/original/high/h2/1final/25_효천고_1학기_기말_고2_대수c.js","25_효천고_1학기_기말_고2_대수","12","대수","H22-A-01","지수와 로그","H22-A-01-EXPONENT_LOG","false","false","false","false","false","false"
"25_효천고_1학기_기말_고2_대수::q13","exams/original/high/h2/1final/25_효천고_1학기_기말_고2_대수c.js","25_효천고_1학기_기말_고2_대수","13","대수","H22-A-08","수학적 귀납법","H22-A-08-CORE","false","false","false","false","false","false"
"25_효천고_1학기_기말_고2_대수::q14","exams/original/high/h2/1final/25_효천고_1학기_기말_고2_대수c.js","25_효천고_1학기_기말_고2_대수","14","대수","H22-A-05","사인법칙과 코사인법칙","H22-A-05-TRIGONOMETRIC_BASIC","false","false","false","false","true","true"
"25_효천고_1학기_기말_고2_대수::q15","exams/original/high/h2/1final/25_효천고_1학기_기말_고2_대수c.js","25_효천고_1학기_기말_고2_대수","15","대수","H22-A-07","수열의 합","H22-A-07-SEQUENCE_SUM","false","false","false","false","false","false"
"25_효천고_1학기_기말_고2_대수::q16","exams/original/high/h2/1final/25_효천고_1학기_기말_고2_대수c.js","25_효천고_1학기_기말_고2_대수","16","대수","H22-A-06","등차수열과 등비수열","H22-A-06-SEQUENCE_BASIC","true","true","false","false","true","true"
"25_효천고_1학기_기말_고2_대수::q17","exams/original/high/h2/1final/25_효천고_1학기_기말_고2_대수c.js","25_효천고_1학기_기말_고2_대수","17","대수","H22-A-06","등차수열과 등비수열","H22-A-06-SEQUENCE_BASIC","false","false","false","false","false","false"
"25_효천고_1학기_기말_고2_대수::q18","exams/original/high/h2/1final/25_효천고_1학기_기말_고2_대수c.js","25_효천고_1학기_기말_고2_대수","18","대수","H22-A-05","사인법칙과 코사인법칙","H22-A-05-CORE","true","true","false","false","true","true"
"25_효천고_1학기_기말_고2_대수::q19","exams/original/high/h2/1final/25_효천고_1학기_기말_고2_대수c.js","25_효천고_1학기_기말_고2_대수","19","대수","H22-A-08","수학적 귀납법","H22-A-08-CORE","false","false","false","false","false","false"
"25_효천고_1학기_기말_고2_대수::q20","exams/original/high/h2/1final/25_효천고_1학기_기말_고2_대수c.js","25_효천고_1학기_기말_고2_대수","20","대수","H22-A-06","등차수열과 등비수열","H22-A-06-SEQUENCE_BASIC","false","false","false","false","false","false"
"25_효천고_1학기_기말_고2_대수::q21","exams/original/high/h2/1final/25_효천고_1학기_기말_고2_대수c.js","25_효천고_1학기_기말_고2_대수","21","대수","H22-A-05","사인법칙과 코사인법칙","H22-A-05-CORE","true","true","false","false","true","true"
"25_효천고_1학기_기말_고2_대수::q22","exams/original/high/h2/1final/25_효천고_1학기_기말_고2_대수c.js","25_효천고_1학기_기말_고2_대수","22","대수","H22-A-06","등차수열과 등비수열","H22-A-06-SEQUENCE_BASIC","false","false","false","false","false","false"
"25_효천고_1학기_기말_고2_대수::q23","exams/original/high/h2/1final/25_효천고_1학기_기말_고2_대수c.js","25_효천고_1학기_기말_고2_대수","23","대수","H22-A-05","사인법칙과 코사인법칙","H22-A-05-CORE","false","false","false","false","true","true"
"26_금당고_1학기_기말_고2_대수::q1","exams/original/high/h2/1final/26_금당고_1학기_기말_고2_대수.js","26_금당고_1학기_기말_고2_대수","1","대수","H22-A-04","삼각함수","H22-A-04-TRIGONOMETRIC_FUNCTION","false","false","false","false","false","false"
"26_금당고_1학기_기말_고2_대수::q2","exams/original/high/h2/1final/26_금당고_1학기_기말_고2_대수.js","26_금당고_1학기_기말_고2_대수","2","대수","H22-A-06","등차수열과 등비수열","H22-A-06-SEQUENCE_BASIC","false","false","false","false","false","false"
"26_금당고_1학기_기말_고2_대수::q3","exams/original/high/h2/1final/26_금당고_1학기_기말_고2_대수.js","26_금당고_1학기_기말_고2_대수","3","대수","H22-A-05","사인법칙과 코사인법칙","H22-A-05-CORE","false","false","false","false","false","true"
"26_금당고_1학기_기말_고2_대수::q4","exams/original/high/h2/1final/26_금당고_1학기_기말_고2_대수.js","26_금당고_1학기_기말_고2_대수","4","대수","H22-A-05","사인법칙과 코사인법칙","H22-A-05-CORE","true","true","false","false","true","true"
"26_금당고_1학기_기말_고2_대수::q5","exams/original/high/h2/1final/26_금당고_1학기_기말_고2_대수.js","26_금당고_1학기_기말_고2_대수","5","대수","H22-A-04","삼각함수","H22-A-04-TRIGONOMETRIC_BASIC","false","false","false","false","false","false"
"26_금당고_1학기_기말_고2_대수::q6","exams/original/high/h2/1final/26_금당고_1학기_기말_고2_대수.js","26_금당고_1학기_기말_고2_대수","6","대수","H22-A-06","등차수열과 등비수열","H22-A-06-SEQUENCE_BASIC","false","false","false","false","false","false"
"26_금당고_1학기_기말_고2_대수::q7","exams/original/high/h2/1final/26_금당고_1학기_기말_고2_대수.js","26_금당고_1학기_기말_고2_대수","7","대수","H22-A-07","수열의 합","H22-A-07-SEQUENCE_SUM","false","false","false","false","false","false"
"26_금당고_1학기_기말_고2_대수::q8","exams/original/high/h2/1final/26_금당고_1학기_기말_고2_대수.js","26_금당고_1학기_기말_고2_대수","8","대수","H22-A-05","사인법칙과 코사인법칙","H22-A-05-CORE","false","false","false","false","false","true"
"26_금당고_1학기_기말_고2_대수::q9","exams/original/high/h2/1final/26_금당고_1학기_기말_고2_대수.js","26_금당고_1학기_기말_고2_대수","9","대수","H22-A-05","사인법칙과 코사인법칙","H22-A-05-CORE","false","false","false","false","false","true"
"26_금당고_1학기_기말_고2_대수::q10","exams/original/high/h2/1final/26_금당고_1학기_기말_고2_대수.js","26_금당고_1학기_기말_고2_대수","10","대수","H22-A-05","사인법칙과 코사인법칙","H22-A-05-CORE","false","false","false","false","false","true"
"26_금당고_1학기_기말_고2_대수::q11","exams/original/high/h2/1final/26_금당고_1학기_기말_고2_대수.js","26_금당고_1학기_기말_고2_대수","11","대수","H22-A-07","수열의 합","H22-A-07-SEQUENCE_SUM","false","false","false","false","false","false"
"26_금당고_1학기_기말_고2_대수::q12","exams/original/high/h2/1final/26_금당고_1학기_기말_고2_대수.js","26_금당고_1학기_기말_고2_대수","12","대수","H22-A-07","수열의 합","H22-A-07-SEQUENCE_SUM","false","false","false","false","false","false"
"26_금당고_1학기_기말_고2_대수::q13","exams/original/high/h2/1final/26_금당고_1학기_기말_고2_대수.js","26_금당고_1학기_기말_고2_대수","13","대수","H22-A-06","등차수열과 등비수열","H22-A-06-SEQUENCE_BASIC","false","false","false","false","false","true"
"26_금당고_1학기_기말_고2_대수::q14","exams/original/high/h2/1final/26_금당고_1학기_기말_고2_대수.js","26_금당고_1학기_기말_고2_대수","14","대수","H22-A-04","삼각함수","H22-A-04-TRIGONOMETRIC_BASIC","false","false","false","false","false","false"
"26_금당고_1학기_기말_고2_대수::q15","exams/original/high/h2/1final/26_금당고_1학기_기말_고2_대수.js","26_금당고_1학기_기말_고2_대수","15","대수","H22-A-05","사인법칙과 코사인법칙","H22-A-05-CORE","true","true","false","false","true","true"
"26_금당고_1학기_기말_고2_대수::q16","exams/original/high/h2/1final/26_금당고_1학기_기말_고2_대수.js","26_금당고_1학기_기말_고2_대수","16","대수","H22-A-06","등차수열과 등비수열","H22-A-06-SEQUENCE_BASIC","false","false","false","false","false","false"
"26_금당고_1학기_기말_고2_대수::q17","exams/original/high/h2/1final/26_금당고_1학기_기말_고2_대수.js","26_금당고_1학기_기말_고2_대수","17","대수","H22-A-07","수열의 합","H22-A-07-SEQUENCE_SUM","false","false","false","false","false","false"
"26_금당고_1학기_기말_고2_대수::q18","exams/original/high/h2/1final/26_금당고_1학기_기말_고2_대수.js","26_금당고_1학기_기말_고2_대수","18","대수","H22-A-04","삼각함수","H22-A-04-TRIGONOMETRIC_BASIC","false","false","false","false","false","false"
"26_금당고_1학기_기말_고2_대수::q19","exams/original/high/h2/1final/26_금당고_1학기_기말_고2_대수.js","26_금당고_1학기_기말_고2_대수","19","대수","H22-A-05","사인법칙과 코사인법칙","H22-A-05-CORE","true","true","false","false","true","true"
"26_금당고_1학기_기말_고2_대수::q20","exams/original/high/h2/1final/26_금당고_1학기_기말_고2_대수.js","26_금당고_1학기_기말_고2_대수","20","대수","H22-A-07","수열의 합","H22-A-07-SEQUENCE_BASIC","false","false","false","false","false","false"
"26_금당고_1학기_기말_고2_대수::q21","exams/original/high/h2/1final/26_금당고_1학기_기말_고2_대수.js","26_금당고_1학기_기말_고2_대수","21","대수","H22-A-04","삼각함수","H22-A-04-TRIGONOMETRIC_BASIC","false","false","false","false","false","true"
"26_순천고_1학기_기말_고2_대수::q1","exams/original/high/h2/1final/26_순천고_1학기_기말_고2_대수.js","26_순천고_1학기_기말_고2_대수","1","대수","H22-A-04","삼각함수","H22-A-04-TRIGONOMETRIC_BASIC","false","false","false","false","false","false"
"26_순천고_1학기_기말_고2_대수::q2","exams/original/high/h2/1final/26_순천고_1학기_기말_고2_대수.js","26_순천고_1학기_기말_고2_대수","2","대수","H22-A-06","등차수열과 등비수열","H22-A-06-SEQUENCE_BASIC","false","false","false","false","false","false"
"26_순천고_1학기_기말_고2_대수::q3","exams/original/high/h2/1final/26_순천고_1학기_기말_고2_대수.js","26_순천고_1학기_기말_고2_대수","3","대수","H22-A-06","등차수열과 등비수열","H22-A-06-SEQUENCE_BASIC","false","false","false","false","false","false"
"26_순천고_1학기_기말_고2_대수::q4","exams/original/high/h2/1final/26_순천고_1학기_기말_고2_대수.js","26_순천고_1학기_기말_고2_대수","4","대수","H22-A-05","사인법칙과 코사인법칙","H22-A-05-CORE","false","false","false","false","false","true"
"26_순천고_1학기_기말_고2_대수::q5","exams/original/high/h2/1final/26_순천고_1학기_기말_고2_대수.js","26_순천고_1학기_기말_고2_대수","5","대수","H22-A-04","삼각함수","H22-A-04-TRIGONOMETRIC_FUNCTION","false","false","false","false","false","false"
"26_순천고_1학기_기말_고2_대수::q6","exams/original/high/h2/1final/26_순천고_1학기_기말_고2_대수.js","26_순천고_1학기_기말_고2_대수","6","대수","H22-A-05","사인법칙과 코사인법칙","H22-A-05-CORE","false","false","false","false","false","true"
"26_순천고_1학기_기말_고2_대수::q7","exams/original/high/h2/1final/26_순천고_1학기_기말_고2_대수.js","26_순천고_1학기_기말_고2_대수","7","대수","H22-A-07","수열의 합","H22-A-07-SEQUENCE_SUM","false","false","false","false","false","false"
"26_순천고_1학기_기말_고2_대수::q8","exams/original/high/h2/1final/26_순천고_1학기_기말_고2_대수.js","26_순천고_1학기_기말_고2_대수","8","대수","H22-A-07","수열의 합","H22-A-07-SEQUENCE_BASIC","false","false","false","false","false","false"
"26_순천고_1학기_기말_고2_대수::q9","exams/original/high/h2/1final/26_순천고_1학기_기말_고2_대수.js","26_순천고_1학기_기말_고2_대수","9","대수","H22-A-05","사인법칙과 코사인법칙","H22-A-05-CORE","false","false","false","false","false","true"
"26_순천고_1학기_기말_고2_대수::q10","exams/original/high/h2/1final/26_순천고_1학기_기말_고2_대수.js","26_순천고_1학기_기말_고2_대수","10","대수","H22-A-07","수열의 합","H22-A-07-SEQUENCE_SUM","false","false","false","false","false","false"
"26_순천고_1학기_기말_고2_대수::q11","exams/original/high/h2/1final/26_순천고_1학기_기말_고2_대수.js","26_순천고_1학기_기말_고2_대수","11","대수","H22-A-05","사인법칙과 코사인법칙","H22-A-05-CORE","false","false","false","false","false","true"
"26_순천고_1학기_기말_고2_대수::q12","exams/original/high/h2/1final/26_순천고_1학기_기말_고2_대수.js","26_순천고_1학기_기말_고2_대수","12","대수","H22-A-04","삼각함수","H22-A-04-TRIGONOMETRIC_FUNCTION","false","false","false","false","false","true"
"26_순천고_1학기_기말_고2_대수::q13","exams/original/high/h2/1final/26_순천고_1학기_기말_고2_대수.js","26_순천고_1학기_기말_고2_대수","13","대수","H22-A-07","수열의 합","H22-A-07-SEQUENCE_SUM","false","false","false","false","false","false"
"26_순천고_1학기_기말_고2_대수::q14","exams/original/high/h2/1final/26_순천고_1학기_기말_고2_대수.js","26_순천고_1학기_기말_고2_대수","14","대수","H22-A-07","수열의 합","H22-A-07-SEQUENCE_BASIC","false","false","false","false","false","false"
"26_순천고_1학기_기말_고2_대수::q15","exams/original/high/h2/1final/26_순천고_1학기_기말_고2_대수.js","26_순천고_1학기_기말_고2_대수","15","대수","H22-A-04","삼각함수","H22-A-04-TRIGONOMETRIC_BASIC","true","true","false","false","true","true"
"26_순천고_1학기_기말_고2_대수::q16","exams/original/high/h2/1final/26_순천고_1학기_기말_고2_대수.js","26_순천고_1학기_기말_고2_대수","16","대수","H22-A-07","수열의 합","H22-A-07-SEQUENCE_BASIC","false","false","false","false","false","false"
"26_순천고_1학기_기말_고2_대수::q17","exams/original/high/h2/1final/26_순천고_1학기_기말_고2_대수.js","26_순천고_1학기_기말_고2_대수","17","대수","H22-A-04","삼각함수","H22-A-04-TRIGONOMETRIC_FUNCTION","false","false","false","false","false","true"
"26_순천고_1학기_기말_고2_대수::q18","exams/original/high/h2/1final/26_순천고_1학기_기말_고2_대수.js","26_순천고_1학기_기말_고2_대수","18","대수","H22-A-05","사인법칙과 코사인법칙","H22-A-05-CORE","true","true","false","false","true","true"
"26_순천고_1학기_기말_고2_대수::q19","exams/original/high/h2/1final/26_순천고_1학기_기말_고2_대수.js","26_순천고_1학기_기말_고2_대수","19","대수","H22-A-06","등차수열과 등비수열","H22-A-06-SEQUENCE_BASIC","false","false","false","false","false","false"
"26_순천고_1학기_기말_고2_대수::q20","exams/original/high/h2/1final/26_순천고_1학기_기말_고2_대수.js","26_순천고_1학기_기말_고2_대수","20","대수","H22-A-08","수학적 귀납법","H22-A-08-CORE","false","false","false","false","false","false"
"26_순천고_1학기_기말_고2_대수::q21","exams/original/high/h2/1final/26_순천고_1학기_기말_고2_대수.js","26_순천고_1학기_기말_고2_대수","21","대수","H22-A-07","수열의 합","H22-A-07-SEQUENCE_SUM","false","false","false","false","false","false"
"26_순천고_1학기_기말_고2_대수::q22","exams/original/high/h2/1final/26_순천고_1학기_기말_고2_대수.js","26_순천고_1학기_기말_고2_대수","22","대수","H22-A-04","삼각함수","H22-A-04-TRIGONOMETRIC_BASIC","false","false","false","false","false","false"
"26_순천고_1학기_기말_고2_대수::q23","exams/original/high/h2/1final/26_순천고_1학기_기말_고2_대수.js","26_순천고_1학기_기말_고2_대수","23","대수","H22-A-05","사인법칙과 코사인법칙","H22-A-05-CORE","false","false","false","false","false","true"
"26_순천고_1학기_기말_고2_대수::q24","exams/original/high/h2/1final/26_순천고_1학기_기말_고2_대수.js","26_순천고_1학기_기말_고2_대수","24","대수","H22-A-08","수학적 귀납법","H22-A-08-CORE","false","false","false","false","false","false"
"26_제일고_1학기_기말_고2_대수::q1","exams/original/high/h2/1final/26_제일고_1학기_기말_고2_대수.js","26_제일고_1학기_기말_고2_대수","1","대수","H22-A-05","사인법칙과 코사인법칙","H22-A-05-CORE","false","false","false","false","false","true"
"26_제일고_1학기_기말_고2_대수::q2","exams/original/high/h2/1final/26_제일고_1학기_기말_고2_대수.js","26_제일고_1학기_기말_고2_대수","2","대수","H22-A-06","등차수열과 등비수열","H22-A-06-SEQUENCE_BASIC","false","false","false","false","false","false"
"26_제일고_1학기_기말_고2_대수::q3","exams/original/high/h2/1final/26_제일고_1학기_기말_고2_대수.js","26_제일고_1학기_기말_고2_대수","3","대수","H22-A-07","수열의 합","H22-A-07-SEQUENCE_BASIC","false","false","false","false","false","false"
"26_제일고_1학기_기말_고2_대수::q4","exams/original/high/h2/1final/26_제일고_1학기_기말_고2_대수.js","26_제일고_1학기_기말_고2_대수","4","대수","H22-A-07","수열의 합","H22-A-07-SEQUENCE_BASIC","false","false","false","false","false","false"
"26_제일고_1학기_기말_고2_대수::q5","exams/original/high/h2/1final/26_제일고_1학기_기말_고2_대수.js","26_제일고_1학기_기말_고2_대수","5","대수","H22-A-06","등차수열과 등비수열","H22-A-06-SEQUENCE_BASIC","false","false","false","false","false","false"
"26_제일고_1학기_기말_고2_대수::q6","exams/original/high/h2/1final/26_제일고_1학기_기말_고2_대수.js","26_제일고_1학기_기말_고2_대수","6","대수","H22-A-07","수열의 합","H22-A-07-SEQUENCE_BASIC","false","false","false","false","false","false"
"26_제일고_1학기_기말_고2_대수::q7","exams/original/high/h2/1final/26_제일고_1학기_기말_고2_대수.js","26_제일고_1학기_기말_고2_대수","7","대수","H22-A-05","사인법칙과 코사인법칙","H22-A-05-CORE","false","false","false","false","false","true"
"26_제일고_1학기_기말_고2_대수::q8","exams/original/high/h2/1final/26_제일고_1학기_기말_고2_대수.js","26_제일고_1학기_기말_고2_대수","8","대수","H22-A-06","등차수열과 등비수열","H22-A-06-SEQUENCE_BASIC","false","false","false","false","false","true"
"26_제일고_1학기_기말_고2_대수::q9","exams/original/high/h2/1final/26_제일고_1학기_기말_고2_대수.js","26_제일고_1학기_기말_고2_대수","9","대수","H22-A-06","등차수열과 등비수열","H22-A-06-SEQUENCE_BASIC","false","false","false","false","false","false"
"26_제일고_1학기_기말_고2_대수::q10","exams/original/high/h2/1final/26_제일고_1학기_기말_고2_대수.js","26_제일고_1학기_기말_고2_대수","10","대수","H22-A-07","수열의 합","H22-A-07-SEQUENCE_BASIC","false","false","false","false","false","false"
"26_제일고_1학기_기말_고2_대수::q11","exams/original/high/h2/1final/26_제일고_1학기_기말_고2_대수.js","26_제일고_1학기_기말_고2_대수","11","대수","H22-A-07","수열의 합","H22-A-07-SEQUENCE_BASIC","false","false","false","false","false","false"
"26_제일고_1학기_기말_고2_대수::q12","exams/original/high/h2/1final/26_제일고_1학기_기말_고2_대수.js","26_제일고_1학기_기말_고2_대수","12","대수","H22-A-05","사인법칙과 코사인법칙","H22-A-05-CORE","false","false","false","false","false","true"
"26_제일고_1학기_기말_고2_대수::q13","exams/original/high/h2/1final/26_제일고_1학기_기말_고2_대수.js","26_제일고_1학기_기말_고2_대수","13","대수","H22-A-05","사인법칙과 코사인법칙","H22-A-05-CORE","false","false","false","false","false","true"
"26_제일고_1학기_기말_고2_대수::q14","exams/original/high/h2/1final/26_제일고_1학기_기말_고2_대수.js","26_제일고_1학기_기말_고2_대수","14","대수","H22-A-06","등차수열과 등비수열","H22-A-06-SEQUENCE_BASIC","false","false","false","false","false","true"
"26_제일고_1학기_기말_고2_대수::q15","exams/original/high/h2/1final/26_제일고_1학기_기말_고2_대수.js","26_제일고_1학기_기말_고2_대수","15","대수","H22-A-07","수열의 합","H22-A-07-SEQUENCE_BASIC","false","false","false","false","false","false"
"26_제일고_1학기_기말_고2_대수::q16","exams/original/high/h2/1final/26_제일고_1학기_기말_고2_대수.js","26_제일고_1학기_기말_고2_대수","16","대수","H22-A-05","사인법칙과 코사인법칙","H22-A-05-CORE","true","true","false","false","true","true"
"26_제일고_1학기_기말_고2_대수::q17","exams/original/high/h2/1final/26_제일고_1학기_기말_고2_대수.js","26_제일고_1학기_기말_고2_대수","17","대수","H22-A-05","사인법칙과 코사인법칙","H22-A-05-CORE","true","true","false","false","true","true"
"26_제일고_1학기_기말_고2_대수::q18","exams/original/high/h2/1final/26_제일고_1학기_기말_고2_대수.js","26_제일고_1학기_기말_고2_대수","18","대수","H22-A-08","수학적 귀납법","H22-A-08-CORE","false","false","false","false","false","false"
"26_제일고_1학기_기말_고2_대수::q20","exams/original/high/h2/1final/26_제일고_1학기_기말_고2_대수.js","26_제일고_1학기_기말_고2_대수","20","대수","H22-A-07","수열의 합","H22-A-07-SEQUENCE_BASIC","false","false","false","false","false","false"
"26_제일고_1학기_기말_고2_대수::q21","exams/original/high/h2/1final/26_제일고_1학기_기말_고2_대수.js","26_제일고_1학기_기말_고2_대수","21","대수","H22-A-08","수학적 귀납법","H22-A-08-CORE","false","false","false","false","false","false"
"26_팔마고_1학기_기말_고2_대수::q1","exams/original/high/h2/1final/26_팔마고_1학기_기말_고2_대수.js","26_팔마고_1학기_기말_고2_대수","1","대수","H22-A-07","수열의 합","H22-A-07-SEQUENCE_SUM","false","false","false","false","false","false"
"26_팔마고_1학기_기말_고2_대수::q2","exams/original/high/h2/1final/26_팔마고_1학기_기말_고2_대수.js","26_팔마고_1학기_기말_고2_대수","2","대수","H22-A-05","사인법칙과 코사인법칙","H22-A-05-CORE","true","true","false","false","true","true"
"26_팔마고_1학기_기말_고2_대수::q3","exams/original/high/h2/1final/26_팔마고_1학기_기말_고2_대수.js","26_팔마고_1학기_기말_고2_대수","3","대수","H22-A-06","등차수열과 등비수열","H22-A-06-SEQUENCE_BASIC","false","false","false","false","false","false"
"26_팔마고_1학기_기말_고2_대수::q4","exams/original/high/h2/1final/26_팔마고_1학기_기말_고2_대수.js","26_팔마고_1학기_기말_고2_대수","4","대수","H22-A-06","등차수열과 등비수열","H22-A-06-SEQUENCE_BASIC","false","false","false","false","false","false"
"26_팔마고_1학기_기말_고2_대수::q5","exams/original/high/h2/1final/26_팔마고_1학기_기말_고2_대수.js","26_팔마고_1학기_기말_고2_대수","5","대수","H22-A-08","수학적 귀납법","H22-A-08-CORE","true","true","false","false","true","true"
"26_팔마고_1학기_기말_고2_대수::q6","exams/original/high/h2/1final/26_팔마고_1학기_기말_고2_대수.js","26_팔마고_1학기_기말_고2_대수","6","대수","H22-A-07","수열의 합","H22-A-07-SEQUENCE_SUM","false","false","false","false","false","false"
"26_팔마고_1학기_기말_고2_대수::q7","exams/original/high/h2/1final/26_팔마고_1학기_기말_고2_대수.js","26_팔마고_1학기_기말_고2_대수","7","대수","H22-A-06","등차수열과 등비수열","H22-A-06-SEQUENCE_BASIC","false","false","false","false","false","false"
"26_팔마고_1학기_기말_고2_대수::q8","exams/original/high/h2/1final/26_팔마고_1학기_기말_고2_대수.js","26_팔마고_1학기_기말_고2_대수","8","대수","H22-A-07","수열의 합","H22-A-07-SEQUENCE_SUM","false","false","false","false","false","false"
"26_팔마고_1학기_기말_고2_대수::q9","exams/original/high/h2/1final/26_팔마고_1학기_기말_고2_대수.js","26_팔마고_1학기_기말_고2_대수","9","대수","H22-A-06","등차수열과 등비수열","H22-A-06-SEQUENCE_BASIC","false","false","false","false","false","true"
"26_팔마고_1학기_기말_고2_대수::q10","exams/original/high/h2/1final/26_팔마고_1학기_기말_고2_대수.js","26_팔마고_1학기_기말_고2_대수","10","대수","H22-A-05","사인법칙과 코사인법칙","H22-A-05-CORE","false","false","false","false","false","true"
"26_팔마고_1학기_기말_고2_대수::q11","exams/original/high/h2/1final/26_팔마고_1학기_기말_고2_대수.js","26_팔마고_1학기_기말_고2_대수","11","대수","H22-A-07","수열의 합","H22-A-07-SEQUENCE_SUM","false","false","false","false","false","false"
"26_팔마고_1학기_기말_고2_대수::q12","exams/original/high/h2/1final/26_팔마고_1학기_기말_고2_대수.js","26_팔마고_1학기_기말_고2_대수","12","대수","H22-A-08","수학적 귀납법","H22-A-08-CORE","false","false","false","false","false","false"
"26_팔마고_1학기_기말_고2_대수::q13","exams/original/high/h2/1final/26_팔마고_1학기_기말_고2_대수.js","26_팔마고_1학기_기말_고2_대수","13","대수","H22-A-05","사인법칙과 코사인법칙","H22-A-05-CORE","true","true","false","false","true","true"
"26_팔마고_1학기_기말_고2_대수::q14","exams/original/high/h2/1final/26_팔마고_1학기_기말_고2_대수.js","26_팔마고_1학기_기말_고2_대수","14","대수","H22-A-06","등차수열과 등비수열","H22-A-06-SEQUENCE_BASIC","false","false","false","false","false","false"
"26_팔마고_1학기_기말_고2_대수::q15","exams/original/high/h2/1final/26_팔마고_1학기_기말_고2_대수.js","26_팔마고_1학기_기말_고2_대수","15","대수","H22-A-07","수열의 합","H22-A-07-SEQUENCE_SUM","false","false","false","false","false","false"
"26_팔마고_1학기_기말_고2_대수::q16","exams/original/high/h2/1final/26_팔마고_1학기_기말_고2_대수.js","26_팔마고_1학기_기말_고2_대수","16","대수","H22-A-06","등차수열과 등비수열","H22-A-06-SEQUENCE_BASIC","false","false","false","false","false","false"
"26_팔마고_1학기_기말_고2_대수::q17","exams/original/high/h2/1final/26_팔마고_1학기_기말_고2_대수.js","26_팔마고_1학기_기말_고2_대수","17","대수","H22-A-05","사인법칙과 코사인법칙","H22-A-05-CORE","true","true","false","false","true","true"
"26_팔마고_1학기_기말_고2_대수::q18","exams/original/high/h2/1final/26_팔마고_1학기_기말_고2_대수.js","26_팔마고_1학기_기말_고2_대수","18","대수","H22-A-06","등차수열과 등비수열","H22-A-06-SEQUENCE_BASIC","false","false","false","false","false","false"
"26_팔마고_1학기_기말_고2_대수::q19","exams/original/high/h2/1final/26_팔마고_1학기_기말_고2_대수.js","26_팔마고_1학기_기말_고2_대수","19","대수","H22-A-08","수학적 귀납법","H22-A-08-CORE","false","false","false","false","false","false"
"26_팔마고_1학기_기말_고2_대수::q20","exams/original/high/h2/1final/26_팔마고_1학기_기말_고2_대수.js","26_팔마고_1학기_기말_고2_대수","20","대수","H22-A-07","수열의 합","H22-A-07-SEQUENCE_SUM","true","true","false","false","true","true"
"26_팔마고_1학기_기말_고2_대수::q21","exams/original/high/h2/1final/26_팔마고_1학기_기말_고2_대수.js","26_팔마고_1학기_기말_고2_대수","21","대수","H22-A-05","사인법칙과 코사인법칙","H22-A-05-CORE","true","true","false","false","true","true"
"26_효천고_1학기_기말_고2_대수::q1","exams/original/high/h2/1final/26_효천고_1학기_기말_고2_대수.js","26_효천고_1학기_기말_고2_대수","1","대수","H22-A-04","삼각함수","H22-A-04-TRIGONOMETRIC_BASIC","false","false","false","false","false","true"
"26_효천고_1학기_기말_고2_대수::q2","exams/original/high/h2/1final/26_효천고_1학기_기말_고2_대수.js","26_효천고_1학기_기말_고2_대수","2","대수","H22-A-04","삼각함수","H22-A-04-TRIGONOMETRIC_FUNCTION","false","false","false","false","false","false"
"26_효천고_1학기_기말_고2_대수::q3","exams/original/high/h2/1final/26_효천고_1학기_기말_고2_대수.js","26_효천고_1학기_기말_고2_대수","3","대수","H22-A-05","사인법칙과 코사인법칙","H22-A-05-CORE","false","false","false","false","false","true"
"26_효천고_1학기_기말_고2_대수::q4","exams/original/high/h2/1final/26_효천고_1학기_기말_고2_대수.js","26_효천고_1학기_기말_고2_대수","4","대수","H22-A-06","등차수열과 등비수열","H22-A-06-SEQUENCE_BASIC","false","false","false","false","false","false"
"26_효천고_1학기_기말_고2_대수::q5","exams/original/high/h2/1final/26_효천고_1학기_기말_고2_대수.js","26_효천고_1학기_기말_고2_대수","5","대수","H22-A-07","수열의 합","H22-A-07-SEQUENCE_SUM","false","false","false","false","false","false"
"26_효천고_1학기_기말_고2_대수::q6","exams/original/high/h2/1final/26_효천고_1학기_기말_고2_대수.js","26_효천고_1학기_기말_고2_대수","6","대수","H22-A-04","삼각함수","H22-A-04-TRIGONOMETRIC_BASIC","false","false","false","false","false","false"
"26_효천고_1학기_기말_고2_대수::q7","exams/original/high/h2/1final/26_효천고_1학기_기말_고2_대수.js","26_효천고_1학기_기말_고2_대수","7","대수","H22-A-07","수열의 합","H22-A-07-SEQUENCE_BASIC","false","false","false","false","false","false"
"26_효천고_1학기_기말_고2_대수::q8","exams/original/high/h2/1final/26_효천고_1학기_기말_고2_대수.js","26_효천고_1학기_기말_고2_대수","8","대수","H22-A-06","등차수열과 등비수열","H22-A-06-SEQUENCE_BASIC","false","false","false","false","false","false"
"26_효천고_1학기_기말_고2_대수::q9","exams/original/high/h2/1final/26_효천고_1학기_기말_고2_대수.js","26_효천고_1학기_기말_고2_대수","9","대수","H22-A-04","삼각함수","H22-A-04-TRIGONOMETRIC_BASIC","false","false","false","false","false","true"
"26_효천고_1학기_기말_고2_대수::q10","exams/original/high/h2/1final/26_효천고_1학기_기말_고2_대수.js","26_효천고_1학기_기말_고2_대수","10","대수","H22-A-04","삼각함수","H22-A-04-TRIGONOMETRIC_FUNCTION","true","true","false","false","true","true"
"26_효천고_1학기_기말_고2_대수::q11","exams/original/high/h2/1final/26_효천고_1학기_기말_고2_대수.js","26_효천고_1학기_기말_고2_대수","11","대수","H22-A-06","등차수열과 등비수열","H22-A-06-SEQUENCE_BASIC","false","false","false","false","false","false"
"26_효천고_1학기_기말_고2_대수::q12","exams/original/high/h2/1final/26_효천고_1학기_기말_고2_대수.js","26_효천고_1학기_기말_고2_대수","12","대수","H22-A-04","삼각함수","H22-A-04-TRIGONOMETRIC_FUNCTION","false","false","false","false","false","false"
"26_효천고_1학기_기말_고2_대수::q13","exams/original/high/h2/1final/26_효천고_1학기_기말_고2_대수.js","26_효천고_1학기_기말_고2_대수","13","대수","H22-A-07","수열의 합","H22-A-07-SEQUENCE_SUM","false","false","false","false","false","false"
"26_효천고_1학기_기말_고2_대수::q14","exams/original/high/h2/1final/26_효천고_1학기_기말_고2_대수.js","26_효천고_1학기_기말_고2_대수","14","대수","H22-A-05","사인법칙과 코사인법칙","H22-A-05-CORE","true","true","false","false","true","true"
"26_효천고_1학기_기말_고2_대수::q15","exams/original/high/h2/1final/26_효천고_1학기_기말_고2_대수.js","26_효천고_1학기_기말_고2_대수","15","대수","H22-A-05","사인법칙과 코사인법칙","H22-A-05-CORE","false","false","false","false","false","true"
"26_효천고_1학기_기말_고2_대수::q16","exams/original/high/h2/1final/26_효천고_1학기_기말_고2_대수.js","26_효천고_1학기_기말_고2_대수","16","대수","H22-A-06","등차수열과 등비수열","H22-A-06-SEQUENCE_BASIC","false","false","false","false","false","true"
"26_효천고_1학기_기말_고2_대수::q17","exams/original/high/h2/1final/26_효천고_1학기_기말_고2_대수.js","26_효천고_1학기_기말_고2_대수","17","대수","H22-A-06","등차수열과 등비수열","H22-A-06-SEQUENCE_BASIC","true","true","false","false","true","true"
"26_효천고_1학기_기말_고2_대수::q18","exams/original/high/h2/1final/26_효천고_1학기_기말_고2_대수.js","26_효천고_1학기_기말_고2_대수","18","대수","H22-A-06","등차수열과 등비수열","H22-A-06-SEQUENCE_BASIC","false","false","false","false","false","false"
"26_효천고_1학기_기말_고2_대수::q19","exams/original/high/h2/1final/26_효천고_1학기_기말_고2_대수.js","26_효천고_1학기_기말_고2_대수","19","대수","H22-A-08","수학적 귀납법","H22-A-08-CORE","false","false","false","false","false","false"
"26_효천고_1학기_기말_고2_대수::q20","exams/original/high/h2/1final/26_효천고_1학기_기말_고2_대수.js","26_효천고_1학기_기말_고2_대수","20","대수","H22-A-04","삼각함수","H22-A-04-TRIGONOMETRIC_BASIC","false","false","false","false","false","false"
"26_효천고_1학기_기말_고2_대수::q21","exams/original/high/h2/1final/26_효천고_1학기_기말_고2_대수.js","26_효천고_1학기_기말_고2_대수","21","대수","H22-A-04","삼각함수","H22-A-04-TRIGONOMETRIC_FUNCTION","false","false","false","false","false","true"
"26_효천고_1학기_기말_고2_대수::q22","exams/original/high/h2/1final/26_효천고_1학기_기말_고2_대수.js","26_효천고_1학기_기말_고2_대수","22","대수","H22-A-05","사인법칙과 코사인법칙","H22-A-05-CORE","true","true","false","false","true","true"
"26_효천고_1학기_기말_고2_대수::q23","exams/original/high/h2/1final/26_효천고_1학기_기말_고2_대수.js","26_효천고_1학기_기말_고2_대수","23","대수","H22-A-08","수학적 귀납법","H22-A-08-CORE","false","false","false","false","false","false"
"23_부영여고_1학기_중간_고2_대수::q1","exams/original/high/h2/1mid/23_부영여고_1학기_중간_고2_대수.js","23_부영여고_1학기_중간_고2_대수","1","대수","H22-A-01","지수와 로그","H22-A-01-EXPONENT_LOG","false","false","false","false","false","false"
"23_부영여고_1학기_중간_고2_대수::q2","exams/original/high/h2/1mid/23_부영여고_1학기_중간_고2_대수.js","23_부영여고_1학기_중간_고2_대수","2","대수","H22-A-01","지수와 로그","H22-A-01-EXPONENT_LOG","false","false","false","false","false","false"
"23_부영여고_1학기_중간_고2_대수::q3","exams/original/high/h2/1mid/23_부영여고_1학기_중간_고2_대수.js","23_부영여고_1학기_중간_고2_대수","3","대수","H22-A-02","지수함수","H22-A-02-EXPONENTIAL_FUNCTION","false","false","false","false","false","false"
"23_부영여고_1학기_중간_고2_대수::q4","exams/original/high/h2/1mid/23_부영여고_1학기_중간_고2_대수.js","23_부영여고_1학기_중간_고2_대수","4","대수","H22-A-01","지수와 로그","H22-A-01-EXPONENT_LOG","false","false","false","false","false","false"
"23_부영여고_1학기_중간_고2_대수::q5","exams/original/high/h2/1mid/23_부영여고_1학기_중간_고2_대수.js","23_부영여고_1학기_중간_고2_대수","5","대수","H22-A-04","삼각함수","H22-A-04-TRIGONOMETRIC_BASIC","false","false","false","false","true","true"
"23_부영여고_1학기_중간_고2_대수::q6","exams/original/high/h2/1mid/23_부영여고_1학기_중간_고2_대수.js","23_부영여고_1학기_중간_고2_대수","6","대수","H22-A-04","삼각함수","H22-A-04-TRIGONOMETRIC_BASIC","false","false","false","false","false","false"
"23_부영여고_1학기_중간_고2_대수::q7","exams/original/high/h2/1mid/23_부영여고_1학기_중간_고2_대수.js","23_부영여고_1학기_중간_고2_대수","7","대수","H22-A-01","지수와 로그","H22-A-01-EXPONENT_LOG","false","false","false","false","false","false"
"23_부영여고_1학기_중간_고2_대수::q8","exams/original/high/h2/1mid/23_부영여고_1학기_중간_고2_대수.js","23_부영여고_1학기_중간_고2_대수","8","대수","H22-A-01","지수와 로그","H22-A-01-EXPONENT_LOG","false","false","false","false","false","false"
"23_부영여고_1학기_중간_고2_대수::q9","exams/original/high/h2/1mid/23_부영여고_1학기_중간_고2_대수.js","23_부영여고_1학기_중간_고2_대수","9","대수","H22-A-01","지수와 로그","H22-A-01-EXPONENT_LOG","false","false","false","false","true","false"
"23_부영여고_1학기_중간_고2_대수::q10","exams/original/high/h2/1mid/23_부영여고_1학기_중간_고2_대수.js","23_부영여고_1학기_중간_고2_대수","10","대수","H22-A-01","지수와 로그","H22-A-01-EXPONENT_LOG","false","false","false","false","false","false"
"23_부영여고_1학기_중간_고2_대수::q11","exams/original/high/h2/1mid/23_부영여고_1학기_중간_고2_대수.js","23_부영여고_1학기_중간_고2_대수","11","대수","H22-A-03","로그함수","H22-A-03-FUNCTION_INVERSE","false","false","false","false","false","false"
"23_부영여고_1학기_중간_고2_대수::q14","exams/original/high/h2/1mid/23_부영여고_1학기_중간_고2_대수.js","23_부영여고_1학기_중간_고2_대수","14","대수","H22-A-01","지수와 로그","H22-A-01-EXPONENT_LOG","false","false","false","false","false","false"
"23_부영여고_1학기_중간_고2_대수::q15","exams/original/high/h2/1mid/23_부영여고_1학기_중간_고2_대수.js","23_부영여고_1학기_중간_고2_대수","15","대수","H22-A-03","로그함수","H22-A-03-LOGARITHMIC_FUNCTION","false","false","false","false","true","false"
"23_부영여고_1학기_중간_고2_대수::q17","exams/original/high/h2/1mid/23_부영여고_1학기_중간_고2_대수.js","23_부영여고_1학기_중간_고2_대수","17","대수","H22-A-01","지수와 로그","H22-A-01-EXPONENT_LOG","false","false","false","false","false","false"
"23_부영여고_1학기_중간_고2_대수::q20","exams/original/high/h2/1mid/23_부영여고_1학기_중간_고2_대수.js","23_부영여고_1학기_중간_고2_대수","20","대수","H22-A-01","지수와 로그","H22-A-01-EXPONENT_LOG","false","false","false","false","false","false"
"23_부영여고_1학기_중간_고2_대수::q21","exams/original/high/h2/1mid/23_부영여고_1학기_중간_고2_대수.js","23_부영여고_1학기_중간_고2_대수","21","대수","H22-A-01","지수와 로그","H22-A-01-EXPONENT_LOG","false","false","false","false","false","false"
"23_중앙여고_1학기_중간_고2_대수::q1","exams/original/high/h2/1mid/23_중앙여고_1학기_중간_고2_대수.js","23_중앙여고_1학기_중간_고2_대수","1","대수","H22-A-01","지수와 로그","H22-A-01-EXPONENT_LOG","false","false","false","false","false","false"
"23_중앙여고_1학기_중간_고2_대수::q2","exams/original/high/h2/1mid/23_중앙여고_1학기_중간_고2_대수.js","23_중앙여고_1학기_중간_고2_대수","2","대수","H22-A-01","지수와 로그","H22-A-01-EXPONENT_LOG","false","false","false","false","false","false"
"23_중앙여고_1학기_중간_고2_대수::q3","exams/original/high/h2/1mid/23_중앙여고_1학기_중간_고2_대수.js","23_중앙여고_1학기_중간_고2_대수","3","대수","H22-A-01","지수와 로그","H22-A-01-EXPONENT_LOG","false","false","false","false","false","false"
"23_중앙여고_1학기_중간_고2_대수::q4","exams/original/high/h2/1mid/23_중앙여고_1학기_중간_고2_대수.js","23_중앙여고_1학기_중간_고2_대수","4","대수","H22-A-01","지수와 로그","H22-A-01-EXPONENT_LOG","false","false","false","false","true","false"
"23_중앙여고_1학기_중간_고2_대수::q5","exams/original/high/h2/1mid/23_중앙여고_1학기_중간_고2_대수.js","23_중앙여고_1학기_중간_고2_대수","5","대수","H22-A-01","지수와 로그","H22-A-01-EXPONENT_LOG","false","false","false","false","false","false"
"23_한영고_1학기_중간_고2_대수::q1","exams/original/high/h2/1mid/23_한영고_1학기_중간_고2_대수.js","23_한영고_1학기_중간_고2_대수","1","대수","H22-A-01","지수와 로그","H22-A-01-EXPONENT_LOG","false","false","false","false","false","false"
"23_한영고_1학기_중간_고2_대수::q2","exams/original/high/h2/1mid/23_한영고_1학기_중간_고2_대수.js","23_한영고_1학기_중간_고2_대수","2","대수","H22-A-01","지수와 로그","H22-A-01-EXPONENT_LOG","false","false","false","false","false","false"
"23_한영고_1학기_중간_고2_대수::q3","exams/original/high/h2/1mid/23_한영고_1학기_중간_고2_대수.js","23_한영고_1학기_중간_고2_대수","3","대수","H22-A-03","로그함수","H22-A-03-LOGARITHMIC_FUNCTION","false","false","false","false","true","false"
"23_한영고_1학기_중간_고2_대수::q4","exams/original/high/h2/1mid/23_한영고_1학기_중간_고2_대수.js","23_한영고_1학기_중간_고2_대수","4","대수","H22-A-04","삼각함수","H22-A-04-TRIGONOMETRIC_BASIC","false","false","false","false","false","false"
"23_한영고_1학기_중간_고2_대수::q5","exams/original/high/h2/1mid/23_한영고_1학기_중간_고2_대수.js","23_한영고_1학기_중간_고2_대수","5","대수","H22-A-01","지수와 로그","H22-A-01-EXPONENT_LOG","false","false","false","false","false","false"
"23_한영고_1학기_중간_고2_대수::q6","exams/original/high/h2/1mid/23_한영고_1학기_중간_고2_대수.js","23_한영고_1학기_중간_고2_대수","6","대수","H22-A-01","지수와 로그","H22-A-01-EXPONENT_LOG","false","false","false","false","false","false"
"23_한영고_1학기_중간_고2_대수::q7","exams/original/high/h2/1mid/23_한영고_1학기_중간_고2_대수.js","23_한영고_1학기_중간_고2_대수","7","대수","H22-A-04","삼각함수","H22-A-04-TRIGONOMETRIC_BASIC","false","false","false","false","false","false"
"23_한영고_1학기_중간_고2_대수::q8","exams/original/high/h2/1mid/23_한영고_1학기_중간_고2_대수.js","23_한영고_1학기_중간_고2_대수","8","대수","H22-A-04","삼각함수","H22-A-04-TRIGONOMETRIC_BASIC","false","false","false","false","false","false"
"23_한영고_1학기_중간_고2_대수::q9","exams/original/high/h2/1mid/23_한영고_1학기_중간_고2_대수.js","23_한영고_1학기_중간_고2_대수","9","대수","H22-A-01","지수와 로그","H22-A-01-EXPONENT_LOG","false","false","false","false","true","true"
"23_한영고_1학기_중간_고2_대수::q10","exams/original/high/h2/1mid/23_한영고_1학기_중간_고2_대수.js","23_한영고_1학기_중간_고2_대수","10","대수","H22-A-04","삼각함수","H22-A-04-TRIGONOMETRIC_BASIC","false","false","false","false","true","true"
"23_한영고_1학기_중간_고2_대수::q11","exams/original/high/h2/1mid/23_한영고_1학기_중간_고2_대수.js","23_한영고_1학기_중간_고2_대수","11","대수","H22-A-01","지수와 로그","H22-A-01-EXPONENT_LOG","false","false","false","false","false","false"
"23_한영고_1학기_중간_고2_대수::q12","exams/original/high/h2/1mid/23_한영고_1학기_중간_고2_대수.js","23_한영고_1학기_중간_고2_대수","12","대수","H22-A-02","지수함수","H22-A-02-EXPONENTIAL_FUNCTION","false","false","false","false","true","true"
"23_한영고_1학기_중간_고2_대수::q13","exams/original/high/h2/1mid/23_한영고_1학기_중간_고2_대수.js","23_한영고_1학기_중간_고2_대수","13","대수","H22-A-04","삼각함수","H22-A-04-TRIGONOMETRIC_GRAPH","false","false","false","false","true","true"
"23_한영고_1학기_중간_고2_대수::q14","exams/original/high/h2/1mid/23_한영고_1학기_중간_고2_대수.js","23_한영고_1학기_중간_고2_대수","14","대수","H22-A-03","로그함수","H22-A-03-LOGARITHMIC_FUNCTION","false","false","false","false","false","false"
"23_한영고_1학기_중간_고2_대수::q15","exams/original/high/h2/1mid/23_한영고_1학기_중간_고2_대수.js","23_한영고_1학기_중간_고2_대수","15","대수","H22-A-01","지수와 로그","H22-A-01-EXPONENT_LOG","false","false","false","false","false","false"
"23_한영고_1학기_중간_고2_대수::q17","exams/original/high/h2/1mid/23_한영고_1학기_중간_고2_대수.js","23_한영고_1학기_중간_고2_대수","17","대수","H22-A-01","지수와 로그","H22-A-01-EXPONENT_LOG","false","false","false","false","false","false"
"23_한영고_1학기_중간_고2_대수::q18","exams/original/high/h2/1mid/23_한영고_1학기_중간_고2_대수.js","23_한영고_1학기_중간_고2_대수","18","대수","H22-A-01","지수와 로그","H22-A-01-EXPONENT_LOG","false","false","false","false","false","false"
"23_한영고_1학기_중간_고2_대수::q20","exams/original/high/h2/1mid/23_한영고_1학기_중간_고2_대수.js","23_한영고_1학기_중간_고2_대수","20","대수","H22-A-01","지수와 로그","H22-A-01-EXPONENT_LOG","false","false","false","false","false","false"
"23_한영고_1학기_중간_고2_대수::q21","exams/original/high/h2/1mid/23_한영고_1학기_중간_고2_대수.js","23_한영고_1학기_중간_고2_대수","21","대수","H22-A-03","로그함수","H22-A-03-LOGARITHMIC_FUNCTION","false","false","false","false","false","true"
"24_금당고_1학기_중간_고2_대수::q1","exams/original/high/h2/1mid/24_금당고_1학기_중간_고2_대수.js","24_금당고_1학기_중간_고2_대수","1","대수","H22-A-01","지수와 로그","H22-A-01-EXPONENT_LOG","false","false","false","false","false","false"
"24_금당고_1학기_중간_고2_대수::q2","exams/original/high/h2/1mid/24_금당고_1학기_중간_고2_대수.js","24_금당고_1학기_중간_고2_대수","2","대수","H22-A-01","지수와 로그","H22-A-01-EXPONENT_LOG","false","false","false","false","false","false"
"24_금당고_1학기_중간_고2_대수::q3","exams/original/high/h2/1mid/24_금당고_1학기_중간_고2_대수.js","24_금당고_1학기_중간_고2_대수","3","대수","H22-A-01","지수와 로그","H22-A-01-EXPONENT_LOG","false","false","false","false","false","false"
"24_금당고_1학기_중간_고2_대수::q4","exams/original/high/h2/1mid/24_금당고_1학기_중간_고2_대수.js","24_금당고_1학기_중간_고2_대수","4","대수","H22-A-01","지수와 로그","H22-A-01-EXPONENT_LOG","false","false","false","false","false","false"
"24_금당고_1학기_중간_고2_대수::q5","exams/original/high/h2/1mid/24_금당고_1학기_중간_고2_대수.js","24_금당고_1학기_중간_고2_대수","5","대수","H22-A-04","삼각함수","H22-A-04-TRIGONOMETRIC_BASIC","false","false","false","false","false","false"
"24_금당고_1학기_중간_고2_대수::q6","exams/original/high/h2/1mid/24_금당고_1학기_중간_고2_대수.js","24_금당고_1학기_중간_고2_대수","6","대수","H22-A-04","삼각함수","H22-A-04-TRIGONOMETRIC_BASIC","false","false","false","false","false","false"
"24_금당고_1학기_중간_고2_대수::q7","exams/original/high/h2/1mid/24_금당고_1학기_중간_고2_대수.js","24_금당고_1학기_중간_고2_대수","7","대수","H22-A-01","지수와 로그","H22-A-01-EXPONENT_LOG","false","false","false","false","false","false"
"24_금당고_1학기_중간_고2_대수::q8","exams/original/high/h2/1mid/24_금당고_1학기_중간_고2_대수.js","24_금당고_1학기_중간_고2_대수","8","대수","H22-A-04","삼각함수","H22-A-04-TRIGONOMETRIC_BASIC","false","false","false","false","true","true"
"24_금당고_1학기_중간_고2_대수::q11","exams/original/high/h2/1mid/24_금당고_1학기_중간_고2_대수.js","24_금당고_1학기_중간_고2_대수","11","대수","H22-A-01","지수와 로그","H22-A-01-EXPONENT_LOG","false","false","false","false","false","false"
"24_금당고_1학기_중간_고2_대수::q12","exams/original/high/h2/1mid/24_금당고_1학기_중간_고2_대수.js","24_금당고_1학기_중간_고2_대수","12","대수","H22-A-01","지수와 로그","H22-A-01-EXPONENT_LOG","false","false","false","false","false","false"
"24_금당고_1학기_중간_고2_대수::q13","exams/original/high/h2/1mid/24_금당고_1학기_중간_고2_대수.js","24_금당고_1학기_중간_고2_대수","13","대수","H22-A-03","로그함수","H22-A-03-LOGARITHMIC_FUNCTION","false","false","false","false","false","false"
"24_금당고_1학기_중간_고2_대수::q16","exams/original/high/h2/1mid/24_금당고_1학기_중간_고2_대수.js","24_금당고_1학기_중간_고2_대수","16","대수","H22-A-02","지수함수","H22-A-02-EXPONENTIAL_FUNCTION","false","false","false","false","true","true"
"24_금당고_1학기_중간_고2_대수::q17","exams/original/high/h2/1mid/24_금당고_1학기_중간_고2_대수.js","24_금당고_1학기_중간_고2_대수","17","대수","H22-A-04","삼각함수","H22-A-04-TRIGONOMETRIC_GRAPH","false","false","false","false","false","true"
"24_금당고_1학기_중간_고2_대수::q18","exams/original/high/h2/1mid/24_금당고_1학기_중간_고2_대수.js","24_금당고_1학기_중간_고2_대수","18","대수","H22-A-03","로그함수","H22-A-03-LOGARITHMIC_FUNCTION","false","false","false","false","true","true"
"24_금당고_1학기_중간_고2_대수::q19","exams/original/high/h2/1mid/24_금당고_1학기_중간_고2_대수.js","24_금당고_1학기_중간_고2_대수","19","대수","H22-A-04","삼각함수","H22-A-04-TRIGONOMETRIC_GRAPH","false","false","false","false","true","true"
"24_금당고_1학기_중간_고2_대수::q20","exams/original/high/h2/1mid/24_금당고_1학기_중간_고2_대수.js","24_금당고_1학기_중간_고2_대수","20","대수","H22-A-01","지수와 로그","H22-A-01-EXPONENT_LOG","false","false","false","false","false","false"
"24_금당고_1학기_중간_고2_대수::q21","exams/original/high/h2/1mid/24_금당고_1학기_중간_고2_대수.js","24_금당고_1학기_중간_고2_대수","21","대수","H22-A-02","지수함수","H22-A-02-EXPONENTIAL_FUNCTION","false","false","false","false","true","true"
"25_매산고_1학기_중간_고2_대수::q1","exams/original/high/h2/1mid/25_매산고_1학기_중간_고2_대수.js","25_매산고_1학기_중간_고2_대수","1","대수","H15-M1-05","삼각함수의 뜻과 값","H15-M1-05-TRIGONOMETRIC_DEFINITION","false","false","false","false","true","true"
"25_매산고_1학기_중간_고2_대수::q2","exams/original/high/h2/1mid/25_매산고_1학기_중간_고2_대수.js","25_매산고_1학기_중간_고2_대수","2","대수","H15-M1-01","지수의 뜻과 성질","H15-M1-01-EXPONENT","false","false","false","false","false","false"
"25_매산고_1학기_중간_고2_대수::q3","exams/original/high/h2/1mid/25_매산고_1학기_중간_고2_대수.js","25_매산고_1학기_중간_고2_대수","3","대수","H15-M1-07","삼각방정식과 삼각부등식","H15-M1-07-TRIGONOMETRIC_EQUATION","false","false","false","false","false","false"
"25_매산고_1학기_중간_고2_대수::q4","exams/original/high/h2/1mid/25_매산고_1학기_중간_고2_대수.js","25_매산고_1학기_중간_고2_대수","4","대수","H15-M1-02","로그의 뜻과 성질","H15-M1-02-LOGARITHM","false","false","false","false","false","false"
"25_매산고_1학기_중간_고2_대수::q5","exams/original/high/h2/1mid/25_매산고_1학기_중간_고2_대수.js","25_매산고_1학기_중간_고2_대수","5","대수","H15-M1-05","삼각함수의 뜻과 값","H15-M1-05-TRIGONOMETRIC_DEFINITION","false","false","false","false","false","false"
"25_매산고_1학기_중간_고2_대수::q6","exams/original/high/h2/1mid/25_매산고_1학기_중간_고2_대수.js","25_매산고_1학기_중간_고2_대수","6","대수","H15-M1-01","지수의 뜻과 성질","H15-M1-01-EXPONENT","false","false","false","false","false","false"
"25_매산고_1학기_중간_고2_대수::q7","exams/original/high/h2/1mid/25_매산고_1학기_중간_고2_대수.js","25_매산고_1학기_중간_고2_대수","7","대수","H15-M1-02","로그의 뜻과 성질","H15-M1-02-LOGARITHM","false","false","false","false","false","false"
"25_매산고_1학기_중간_고2_대수::q8","exams/original/high/h2/1mid/25_매산고_1학기_중간_고2_대수.js","25_매산고_1학기_중간_고2_대수","8","대수","H15-M1-02","로그의 뜻과 성질","H15-M1-02-LOGARITHM","false","false","false","false","false","false"
"25_매산고_1학기_중간_고2_대수::q9","exams/original/high/h2/1mid/25_매산고_1학기_중간_고2_대수.js","25_매산고_1학기_중간_고2_대수","9","대수","H15-M1-02","로그의 뜻과 성질","H15-M1-02-EXPONENT_LOG_APPLICATION","false","false","false","false","false","true"
"25_매산고_1학기_중간_고2_대수::q10","exams/original/high/h2/1mid/25_매산고_1학기_중간_고2_대수.js","25_매산고_1학기_중간_고2_대수","10","대수","H15-M1-02","로그의 뜻과 성질","H15-M1-02-LOGARITHM","false","false","false","false","false","false"
"25_매산고_1학기_중간_고2_대수::q11","exams/original/high/h2/1mid/25_매산고_1학기_중간_고2_대수.js","25_매산고_1학기_중간_고2_대수","11","대수","H15-M1-06","삼각함수의 그래프","H15-M1-06-TRIGONOMETRIC_GRAPH","false","false","false","false","true","true"
"25_매산고_1학기_중간_고2_대수::q12","exams/original/high/h2/1mid/25_매산고_1학기_중간_고2_대수.js","25_매산고_1학기_중간_고2_대수","12","대수","H15-M1-05","삼각함수의 뜻과 값","H15-M1-05-TRIGONOMETRIC_RELATION","false","false","false","false","false","false"
"25_매산고_1학기_중간_고2_대수::q13","exams/original/high/h2/1mid/25_매산고_1학기_중간_고2_대수.js","25_매산고_1학기_중간_고2_대수","13","대수","H15-M1-01","지수의 뜻과 성질","H15-M1-01-EXPONENT","false","false","false","false","false","false"
"25_매산고_1학기_중간_고2_대수::q14","exams/original/high/h2/1mid/25_매산고_1학기_중간_고2_대수.js","25_매산고_1학기_중간_고2_대수","14","대수","H15-M1-01","지수의 뜻과 성질","H15-M1-01-EXPONENT","false","false","false","false","false","true"
"25_매산고_1학기_중간_고2_대수::q15","exams/original/high/h2/1mid/25_매산고_1학기_중간_고2_대수.js","25_매산고_1학기_중간_고2_대수","15","대수","H15-M1-02","로그의 뜻과 성질","H15-M1-02-LOGARITHM","false","false","false","false","false","false"
"25_매산고_1학기_중간_고2_대수::q16","exams/original/high/h2/1mid/25_매산고_1학기_중간_고2_대수.js","25_매산고_1학기_중간_고2_대수","16","대수","H15-M1-02","로그의 뜻과 성질","H15-M1-02-LOGARITHM","false","false","false","false","false","false"
"25_매산고_1학기_중간_고2_대수::q17","exams/original/high/h2/1mid/25_매산고_1학기_중간_고2_대수.js","25_매산고_1학기_중간_고2_대수","17","대수","H15-M1-02","로그의 뜻과 성질","H15-M1-02-EXPONENT_LOG_APPLICATION","false","false","false","false","false","false"
"25_매산고_1학기_중간_고2_대수::q18","exams/original/high/h2/1mid/25_매산고_1학기_중간_고2_대수.js","25_매산고_1학기_중간_고2_대수","18","대수","H15-M1-05","삼각함수의 뜻과 값","H15-M1-05-TRIGONOMETRIC_DEFINITION","false","false","false","false","true","true"
"25_매산고_1학기_중간_고2_대수::q19","exams/original/high/h2/1mid/25_매산고_1학기_중간_고2_대수.js","25_매산고_1학기_중간_고2_대수","19","대수","H15-M1-01","지수의 뜻과 성질","H15-M1-01-EXPONENT","false","false","false","false","false","false"
"25_매산고_1학기_중간_고2_대수::q20","exams/original/high/h2/1mid/25_매산고_1학기_중간_고2_대수.js","25_매산고_1학기_중간_고2_대수","20","대수","H15-M1-07","삼각방정식과 삼각부등식","H15-M1-07-TRIGONOMETRIC_EQUATION","false","false","false","false","false","false"
"25_매산고_1학기_중간_고2_대수::q21","exams/original/high/h2/1mid/25_매산고_1학기_중간_고2_대수.js","25_매산고_1학기_중간_고2_대수","21","대수","H15-M1-02","로그의 뜻과 성질","H15-M1-02-EXPONENT_LOG_APPLICATION","false","false","false","false","false","false"
"25_순천고_1학기_중간_고2_대수::q1","exams/original/high/h2/1mid/25_순천고_1학기_중간_고2_대수.js","25_순천고_1학기_중간_고2_대수","1","대수","H22-A-01","지수와 로그","H22-A-01-CORE","false","false","false","false","false","false"
"25_순천고_1학기_중간_고2_대수::q2","exams/original/high/h2/1mid/25_순천고_1학기_중간_고2_대수.js","25_순천고_1학기_중간_고2_대수","2","대수","H22-A-01","지수와 로그","H22-A-01-EXPONENT_LOG","false","false","false","false","false","false"
"25_순천고_1학기_중간_고2_대수::q3","exams/original/high/h2/1mid/25_순천고_1학기_중간_고2_대수.js","25_순천고_1학기_중간_고2_대수","3","대수","H22-A-01","지수와 로그","H22-A-01-EXPONENT_LOG","false","false","false","false","false","true"
"25_순천고_1학기_중간_고2_대수::q4","exams/original/high/h2/1mid/25_순천고_1학기_중간_고2_대수.js","25_순천고_1학기_중간_고2_대수","4","대수","H22-A-04","삼각함수","H22-A-04-TRIGONOMETRIC_FUNCTION","false","false","false","false","false","false"
"25_순천고_1학기_중간_고2_대수::q5","exams/original/high/h2/1mid/25_순천고_1학기_중간_고2_대수.js","25_순천고_1학기_중간_고2_대수","5","대수","H22-A-02","지수함수","H22-A-02-EXPONENTIAL_FUNCTION","false","false","true","false","true","true"
"25_순천고_1학기_중간_고2_대수::q6","exams/original/high/h2/1mid/25_순천고_1학기_중간_고2_대수.js","25_순천고_1학기_중간_고2_대수","6","대수","H22-A-01","지수와 로그","H22-A-01-EXPONENT_LOG","false","false","false","false","false","false"
"25_순천고_1학기_중간_고2_대수::q7","exams/original/high/h2/1mid/25_순천고_1학기_중간_고2_대수.js","25_순천고_1학기_중간_고2_대수","7","대수","H22-A-03","로그함수","H22-A-03-LOGARITHMIC_FUNCTION","false","false","false","false","false","false"
"25_순천고_1학기_중간_고2_대수::q8","exams/original/high/h2/1mid/25_순천고_1학기_중간_고2_대수.js","25_순천고_1학기_중간_고2_대수","8","대수","H22-A-04","삼각함수","H22-A-04-TRIGONOMETRIC_BASIC","false","false","false","false","false","true"
"25_순천고_1학기_중간_고2_대수::q9","exams/original/high/h2/1mid/25_순천고_1학기_중간_고2_대수.js","25_순천고_1학기_중간_고2_대수","9","대수","H22-A-03","로그함수","H22-A-03-LOGARITHMIC_FUNCTION","false","false","false","false","true","true"
"25_순천고_1학기_중간_고2_대수::q10","exams/original/high/h2/1mid/25_순천고_1학기_중간_고2_대수.js","25_순천고_1학기_중간_고2_대수","10","대수","H22-A-01","지수와 로그","H22-A-01-CORE","false","false","false","false","false","false"
"25_순천고_1학기_중간_고2_대수::q11","exams/original/high/h2/1mid/25_순천고_1학기_중간_고2_대수.js","25_순천고_1학기_중간_고2_대수","11","대수","H22-A-01","지수와 로그","H22-A-01-CORE","false","false","false","false","false","false"
"25_순천고_1학기_중간_고2_대수::q12","exams/original/high/h2/1mid/25_순천고_1학기_중간_고2_대수.js","25_순천고_1학기_중간_고2_대수","12","대수","H22-A-03","로그함수","H22-A-03-LOGARITHMIC_FUNCTION","false","false","false","false","false","false"
"25_순천고_1학기_중간_고2_대수::q13","exams/original/high/h2/1mid/25_순천고_1학기_중간_고2_대수.js","25_순천고_1학기_중간_고2_대수","13","대수","H22-A-04","삼각함수","H22-A-04-TRIGONOMETRIC_BASIC","false","false","true","false","true","true"
"25_순천고_1학기_중간_고2_대수::q14","exams/original/high/h2/1mid/25_순천고_1학기_중간_고2_대수.js","25_순천고_1학기_중간_고2_대수","14","대수","H22-A-04","삼각함수","H22-A-04-TRIGONOMETRIC_BASIC","false","false","false","false","false","false"
"25_순천고_1학기_중간_고2_대수::q15","exams/original/high/h2/1mid/25_순천고_1학기_중간_고2_대수.js","25_순천고_1학기_중간_고2_대수","15","대수","H22-A-02","지수함수","H22-A-02-EXPONENTIAL_FUNCTION","false","false","false","false","false","false"
"25_순천고_1학기_중간_고2_대수::q16","exams/original/high/h2/1mid/25_순천고_1학기_중간_고2_대수.js","25_순천고_1학기_중간_고2_대수","16","대수","H22-A-01","지수와 로그","H22-A-01-EXPONENT_LOG","false","false","false","false","false","false"
"25_순천고_1학기_중간_고2_대수::q17","exams/original/high/h2/1mid/25_순천고_1학기_중간_고2_대수.js","25_순천고_1학기_중간_고2_대수","17","대수","H22-A-01","지수와 로그","H22-A-01-EXPONENT_LOG","false","false","false","false","false","false"
"25_순천고_1학기_중간_고2_대수::q18","exams/original/high/h2/1mid/25_순천고_1학기_중간_고2_대수.js","25_순천고_1학기_중간_고2_대수","18","대수","H22-A-02","지수함수","H22-A-02-EXPONENTIAL_FUNCTION","false","false","false","false","false","true"
"25_순천고_1학기_중간_고2_대수::q19","exams/original/high/h2/1mid/25_순천고_1학기_중간_고2_대수.js","25_순천고_1학기_중간_고2_대수","19","대수","H22-A-02","지수함수","H22-A-02-EXPONENT_LOG","false","false","false","false","false","false"
"25_순천고_1학기_중간_고2_대수::q20","exams/original/high/h2/1mid/25_순천고_1학기_중간_고2_대수.js","25_순천고_1학기_중간_고2_대수","20","대수","H22-A-01","지수와 로그","H22-A-01-EXPONENT_LOG","false","false","false","false","false","false"
"25_순천고_1학기_중간_고2_대수::q21","exams/original/high/h2/1mid/25_순천고_1학기_중간_고2_대수.js","25_순천고_1학기_중간_고2_대수","21","대수","H22-A-04","삼각함수","H22-A-04-TRIGONOMETRIC_BASIC","false","false","false","false","false","false"
"25_순천고_1학기_중간_고2_대수::q22","exams/original/high/h2/1mid/25_순천고_1학기_중간_고2_대수.js","25_순천고_1학기_중간_고2_대수","22","대수","H22-A-01","지수와 로그","H22-A-01-EXPONENT_LOG","false","false","false","false","false","false"
"25_순천고_1학기_중간_고2_대수::q23","exams/original/high/h2/1mid/25_순천고_1학기_중간_고2_대수.js","25_순천고_1학기_중간_고2_대수","23","대수","H22-A-01","지수와 로그","H22-A-01-EXPONENT_LOG","false","false","false","false","false","false"
"25_순천고_1학기_중간_고2_대수::q24","exams/original/high/h2/1mid/25_순천고_1학기_중간_고2_대수.js","25_순천고_1학기_중간_고2_대수","24","대수","H22-A-03","로그함수","H22-A-03-EXPONENTIAL_FUNCTION","false","false","true","false","true","true"
"25_순천여고_1학기_중간_고2_대수::q1","exams/original/high/h2/1mid/25_순천여고_1학기_중간_고2_대수.js","25_순천여고_1학기_중간_고2_대수","1","대수","H22-A-01","지수와 로그","H22-A-01-EXPONENT_LOG","false","false","false","false","false","false"
"25_순천여고_1학기_중간_고2_대수::q2","exams/original/high/h2/1mid/25_순천여고_1학기_중간_고2_대수.js","25_순천여고_1학기_중간_고2_대수","2","대수","H22-A-01","지수와 로그","H22-A-01-EXPONENT_LOG","false","false","false","false","false","false"
"25_순천여고_1학기_중간_고2_대수::q3","exams/original/high/h2/1mid/25_순천여고_1학기_중간_고2_대수.js","25_순천여고_1학기_중간_고2_대수","3","대수","H22-A-02","지수함수","H22-A-02-EXPONENTIAL_FUNCTION","false","false","false","false","true","true"
"25_순천여고_1학기_중간_고2_대수::q4","exams/original/high/h2/1mid/25_순천여고_1학기_중간_고2_대수.js","25_순천여고_1학기_중간_고2_대수","4","대수","H22-A-01","지수와 로그","H22-A-01-EXPONENT_LOG","false","false","false","false","false","false"
"25_순천여고_1학기_중간_고2_대수::q5","exams/original/high/h2/1mid/25_순천여고_1학기_중간_고2_대수.js","25_순천여고_1학기_중간_고2_대수","5","대수","H22-A-04","삼각함수","H22-A-04-TRIGONOMETRIC_BASIC","false","false","false","false","false","false"
"25_순천여고_1학기_중간_고2_대수::q6","exams/original/high/h2/1mid/25_순천여고_1학기_중간_고2_대수.js","25_순천여고_1학기_중간_고2_대수","6","대수","H22-A-04","삼각함수","H22-A-04-TRIGONOMETRIC_BASIC","false","false","false","false","false","false"
"25_순천여고_1학기_중간_고2_대수::q7","exams/original/high/h2/1mid/25_순천여고_1학기_중간_고2_대수.js","25_순천여고_1학기_중간_고2_대수","7","대수","H22-A-01","지수와 로그","H22-A-01-EXPONENT_LOG","false","false","false","false","false","false"
"25_순천여고_1학기_중간_고2_대수::q8","exams/original/high/h2/1mid/25_순천여고_1학기_중간_고2_대수.js","25_순천여고_1학기_중간_고2_대수","8","대수","H22-A-03","로그함수","H22-A-03-LOGARITHMIC_FUNCTION","false","false","false","false","true","true"
"25_순천여고_1학기_중간_고2_대수::q10","exams/original/high/h2/1mid/25_순천여고_1학기_중간_고2_대수.js","25_순천여고_1학기_중간_고2_대수","10","대수","H22-A-03","로그함수","H22-A-03-LOGARITHMIC_FUNCTION","false","false","false","false","true","true"
"25_순천여고_1학기_중간_고2_대수::q11","exams/original/high/h2/1mid/25_순천여고_1학기_중간_고2_대수.js","25_순천여고_1학기_중간_고2_대수","11","대수","H22-A-01","지수와 로그","H22-A-01-EXPONENT_LOG","false","false","false","false","false","false"
"25_순천여고_1학기_중간_고2_대수::q12","exams/original/high/h2/1mid/25_순천여고_1학기_중간_고2_대수.js","25_순천여고_1학기_중간_고2_대수","12","대수","H22-A-04","삼각함수","H22-A-04-TRIGONOMETRIC_BASIC","false","false","false","false","false","false"
"25_순천여고_1학기_중간_고2_대수::q13","exams/original/high/h2/1mid/25_순천여고_1학기_중간_고2_대수.js","25_순천여고_1학기_중간_고2_대수","13","대수","H22-A-04","삼각함수","H22-A-04-TRIGONOMETRIC_BASIC","false","false","false","false","true","true"
"25_순천여고_1학기_중간_고2_대수::q14","exams/original/high/h2/1mid/25_순천여고_1학기_중간_고2_대수.js","25_순천여고_1학기_중간_고2_대수","14","대수","H22-A-02","지수함수","H22-A-02-EXPONENTIAL_FUNCTION","false","false","false","false","true","false"
"25_순천여고_1학기_중간_고2_대수::q15","exams/original/high/h2/1mid/25_순천여고_1학기_중간_고2_대수.js","25_순천여고_1학기_중간_고2_대수","15","대수","H22-A-01","지수와 로그","H22-A-01-EXPONENT_LOG","false","false","false","false","false","false"
"25_순천여고_1학기_중간_고2_대수::q16","exams/original/high/h2/1mid/25_순천여고_1학기_중간_고2_대수.js","25_순천여고_1학기_중간_고2_대수","16","대수","H22-A-01","지수와 로그","H22-A-01-EXPONENT_LOG","false","false","false","false","false","false"
"25_순천여고_1학기_중간_고2_대수::q17","exams/original/high/h2/1mid/25_순천여고_1학기_중간_고2_대수.js","25_순천여고_1학기_중간_고2_대수","17","대수","H22-A-01","지수와 로그","H22-A-01-EXPONENT_LOG","false","false","false","false","false","false"
"25_순천여고_1학기_중간_고2_대수::q18","exams/original/high/h2/1mid/25_순천여고_1학기_중간_고2_대수.js","25_순천여고_1학기_중간_고2_대수","18","대수","H22-A-03","로그함수","H22-A-03-LOGARITHMIC_FUNCTION","false","false","false","false","true","true"
"25_순천여고_1학기_중간_고2_대수::q19","exams/original/high/h2/1mid/25_순천여고_1학기_중간_고2_대수.js","25_순천여고_1학기_중간_고2_대수","19","대수","H22-A-03","로그함수","H22-A-03-LOGARITHMIC_FUNCTION","false","false","false","false","true","false"
"25_순천여고_1학기_중간_고2_대수::q20","exams/original/high/h2/1mid/25_순천여고_1학기_중간_고2_대수.js","25_순천여고_1학기_중간_고2_대수","20","대수","H22-A-01","지수와 로그","H22-A-01-EXPONENTIAL_FUNCTION","true","true","false","false","true","true"
"25_순천여고_1학기_중간_고2_대수::q21","exams/original/high/h2/1mid/25_순천여고_1학기_중간_고2_대수.js","25_순천여고_1학기_중간_고2_대수","21","대수","H22-A-02","지수함수","H22-A-02-EXPONENTIAL_FUNCTION","false","false","false","false","true","false"
"25_순천여고_1학기_중간_고2_대수::q22","exams/original/high/h2/1mid/25_순천여고_1학기_중간_고2_대수.js","25_순천여고_1학기_중간_고2_대수","22","대수","H22-A-01","지수와 로그","H22-A-01-EXPONENT_LOG","false","false","false","false","false","false"
"25_순천여고_1학기_중간_고2_대수::q23","exams/original/high/h2/1mid/25_순천여고_1학기_중간_고2_대수.js","25_순천여고_1학기_중간_고2_대수","23","대수","H22-A-01","지수와 로그","H22-A-01-EXPONENT_LOG","false","false","false","false","false","false"
"25_제일고_1학기_중간_고2_대수::q1","exams/original/high/h2/1mid/25_제일고_1학기_중간_고2_대수.js","25_제일고_1학기_중간_고2_대수","1","대수","H22-A-02","지수함수","H22-A-02-EXPONENTIAL_FUNCTION","false","false","false","false","true","true"
"25_제일고_1학기_중간_고2_대수::q2","exams/original/high/h2/1mid/25_제일고_1학기_중간_고2_대수.js","25_제일고_1학기_중간_고2_대수","2","대수","H22-A-03","로그함수","H22-A-03-LOGARITHMIC_FUNCTION","false","false","false","false","true","true"
"25_제일고_1학기_중간_고2_대수::q3","exams/original/high/h2/1mid/25_제일고_1학기_중간_고2_대수.js","25_제일고_1학기_중간_고2_대수","3","대수","H22-A-01","지수와 로그","H22-A-01-EXPONENT_LOG","false","false","false","false","false","false"
"25_제일고_1학기_중간_고2_대수::q4","exams/original/high/h2/1mid/25_제일고_1학기_중간_고2_대수.js","25_제일고_1학기_중간_고2_대수","4","대수","H22-A-01","지수와 로그","H22-A-01-EXPONENT_LOG","false","false","false","false","false","false"
"25_제일고_1학기_중간_고2_대수::q5","exams/original/high/h2/1mid/25_제일고_1학기_중간_고2_대수.js","25_제일고_1학기_중간_고2_대수","5","대수","H22-A-01","지수와 로그","H22-A-01-EXPONENT_LOG","false","false","false","false","false","false"
"25_제일고_1학기_중간_고2_대수::q6","exams/original/high/h2/1mid/25_제일고_1학기_중간_고2_대수.js","25_제일고_1학기_중간_고2_대수","6","대수","H22-A-04","삼각함수","H22-A-04-TRIGONOMETRIC_BASIC","false","false","false","false","false","false"
"25_제일고_1학기_중간_고2_대수::q7","exams/original/high/h2/1mid/25_제일고_1학기_중간_고2_대수.js","25_제일고_1학기_중간_고2_대수","7","대수","H22-A-03","로그함수","H22-A-03-LOGARITHMIC_FUNCTION","false","false","false","false","true","true"
"25_제일고_1학기_중간_고2_대수::q8","exams/original/high/h2/1mid/25_제일고_1학기_중간_고2_대수.js","25_제일고_1학기_중간_고2_대수","8","대수","H22-A-01","지수와 로그","H22-A-01-EXPONENT_LOG","false","false","false","false","false","false"
"25_제일고_1학기_중간_고2_대수::q9","exams/original/high/h2/1mid/25_제일고_1학기_중간_고2_대수.js","25_제일고_1학기_중간_고2_대수","9","대수","H22-A-03","로그함수","H22-A-03-LOGARITHMIC_FUNCTION","false","false","false","false","true","true"
"25_제일고_1학기_중간_고2_대수::q10","exams/original/high/h2/1mid/25_제일고_1학기_중간_고2_대수.js","25_제일고_1학기_중간_고2_대수","10","대수","H22-A-03","로그함수","H22-A-03-LOGARITHMIC_FUNCTION","false","false","false","false","false","false"
"25_제일고_1학기_중간_고2_대수::q11","exams/original/high/h2/1mid/25_제일고_1학기_중간_고2_대수.js","25_제일고_1학기_중간_고2_대수","11","대수","H22-A-01","지수와 로그","H22-A-01-EXPONENT_LOG","false","false","false","false","false","false"
"25_제일고_1학기_중간_고2_대수::q12","exams/original/high/h2/1mid/25_제일고_1학기_중간_고2_대수.js","25_제일고_1학기_중간_고2_대수","12","대수","H22-A-04","삼각함수","H22-A-04-TRIGONOMETRIC_BASIC","false","false","false","false","true","true"
"25_제일고_1학기_중간_고2_대수::q13","exams/original/high/h2/1mid/25_제일고_1학기_중간_고2_대수.js","25_제일고_1학기_중간_고2_대수","13","대수","H22-A-01","지수와 로그","H22-A-01-LOGARITHMIC_FUNCTION","false","false","true","false","true","true"
"25_제일고_1학기_중간_고2_대수::q14","exams/original/high/h2/1mid/25_제일고_1학기_중간_고2_대수.js","25_제일고_1학기_중간_고2_대수","14","대수","H22-A-01","지수와 로그","H22-A-01-EXPONENT_LOG","false","false","false","false","false","false"
"25_제일고_1학기_중간_고2_대수::q15","exams/original/high/h2/1mid/25_제일고_1학기_중간_고2_대수.js","25_제일고_1학기_중간_고2_대수","15","대수","H22-A-01","지수와 로그","H22-A-01-EXPONENT_LOG","false","false","false","false","false","false"
"25_제일고_1학기_중간_고2_대수::q16","exams/original/high/h2/1mid/25_제일고_1학기_중간_고2_대수.js","25_제일고_1학기_중간_고2_대수","16","대수","H22-A-04","삼각함수","H22-A-04-TRIGONOMETRIC_BASIC","false","false","false","false","false","false"
"25_제일고_1학기_중간_고2_대수::q17","exams/original/high/h2/1mid/25_제일고_1학기_중간_고2_대수.js","25_제일고_1학기_중간_고2_대수","17","대수","H22-A-01","지수와 로그","H22-A-01-EXPONENT_LOG","false","false","false","false","false","false"
"25_제일고_1학기_중간_고2_대수::q18","exams/original/high/h2/1mid/25_제일고_1학기_중간_고2_대수.js","25_제일고_1학기_중간_고2_대수","18","대수","H22-A-01","지수와 로그","H22-A-01-EXPONENT_LOG","false","false","true","false","true","true"
"25_제일고_1학기_중간_고2_대수::q19","exams/original/high/h2/1mid/25_제일고_1학기_중간_고2_대수.js","25_제일고_1학기_중간_고2_대수","19","대수","H22-A-01","지수와 로그","H22-A-01-EXPONENT_LOG","false","false","true","false","false","true"
"25_제일고_1학기_중간_고2_대수::q20","exams/original/high/h2/1mid/25_제일고_1학기_중간_고2_대수.js","25_제일고_1학기_중간_고2_대수","20","대수","H22-A-02","지수함수","H22-A-02-EXPONENTIAL_FUNCTION","false","false","true","false","true","true"
"25_제일고_1학기_중간_고2_대수::q21","exams/original/high/h2/1mid/25_제일고_1학기_중간_고2_대수.js","25_제일고_1학기_중간_고2_대수","21","대수","H22-A-01","지수와 로그","H22-A-01-EXPONENT_LOG","false","false","false","false","false","false"
"25_제일고_1학기_중간_고2_대수::q22","exams/original/high/h2/1mid/25_제일고_1학기_중간_고2_대수.js","25_제일고_1학기_중간_고2_대수","22","대수","H22-A-01","지수와 로그","H22-A-01-EXPONENT_LOG","false","false","false","false","false","false"
"25_제일고_1학기_중간_고2_대수::q23","exams/original/high/h2/1mid/25_제일고_1학기_중간_고2_대수.js","25_제일고_1학기_중간_고2_대수","23","대수","H22-A-03","로그함수","H22-A-03-LOGARITHMIC_FUNCTION","false","false","false","false","false","false"
"25_제일고_1학기_중간_고2_대수::q24","exams/original/high/h2/1mid/25_제일고_1학기_중간_고2_대수.js","25_제일고_1학기_중간_고2_대수","24","대수","H22-A-01","지수와 로그","H22-A-01-EXPONENT_LOG","false","false","false","false","false","false"
"25_효천고_1학기_중간_고2_대수::q1","exams/original/high/h2/1mid/25_효천고_1학기_중간_고2_대수.js","25_효천고_1학기_중간_고2_대수","1","대수","H22-A-01","지수와 로그","H22-A-01-EXPONENT_LOG","false","false","false","false","false","false"
"25_효천고_1학기_중간_고2_대수::q2","exams/original/high/h2/1mid/25_효천고_1학기_중간_고2_대수.js","25_효천고_1학기_중간_고2_대수","2","대수","H22-A-01","지수와 로그","H22-A-01-CORE","false","false","false","false","false","false"
"25_효천고_1학기_중간_고2_대수::q3","exams/original/high/h2/1mid/25_효천고_1학기_중간_고2_대수.js","25_효천고_1학기_중간_고2_대수","3","대수","H22-A-01","지수와 로그","H22-A-01-EXPONENT_LOG","false","false","false","false","false","true"
"25_효천고_1학기_중간_고2_대수::q4","exams/original/high/h2/1mid/25_효천고_1학기_중간_고2_대수.js","25_효천고_1학기_중간_고2_대수","4","대수","H22-A-01","지수와 로그","H22-A-01-EXPONENT_LOG","false","false","false","false","false","false"
"25_효천고_1학기_중간_고2_대수::q5","exams/original/high/h2/1mid/25_효천고_1학기_중간_고2_대수.js","25_효천고_1학기_중간_고2_대수","5","대수","H22-A-02","지수함수","H22-A-02-FUNCTION_BASIC","false","false","true","false","true","true"
"25_효천고_1학기_중간_고2_대수::q6","exams/original/high/h2/1mid/25_효천고_1학기_중간_고2_대수.js","25_효천고_1학기_중간_고2_대수","6","대수","H22-A-04","삼각함수","H22-A-04-TRIGONOMETRIC_BASIC","false","false","false","false","false","false"
"25_효천고_1학기_중간_고2_대수::q7","exams/original/high/h2/1mid/25_효천고_1학기_중간_고2_대수.js","25_효천고_1학기_중간_고2_대수","7","대수","H22-A-02","지수함수","H22-A-02-EXPONENTIAL_FUNCTION","false","false","false","false","true","false"
"25_효천고_1학기_중간_고2_대수::q8","exams/original/high/h2/1mid/25_효천고_1학기_중간_고2_대수.js","25_효천고_1학기_중간_고2_대수","8","대수","H22-A-01","지수와 로그","H22-A-01-CORE","false","false","false","false","false","false"
"25_효천고_1학기_중간_고2_대수::q9","exams/original/high/h2/1mid/25_효천고_1학기_중간_고2_대수.js","25_효천고_1학기_중간_고2_대수","9","대수","H22-A-04","삼각함수","H22-A-04-TRIGONOMETRIC_BASIC","false","false","true","false","true","true"
"25_효천고_1학기_중간_고2_대수::q10","exams/original/high/h2/1mid/25_효천고_1학기_중간_고2_대수.js","25_효천고_1학기_중간_고2_대수","10","대수","H22-A-03","로그함수","H22-A-03-EXPONENTIAL_FUNCTION","false","false","false","false","false","false"
"25_효천고_1학기_중간_고2_대수::q11","exams/original/high/h2/1mid/25_효천고_1학기_중간_고2_대수.js","25_효천고_1학기_중간_고2_대수","11","대수","H22-A-02","지수함수","H22-A-02-EXPONENTIAL_FUNCTION","false","false","false","false","true","true"
"25_효천고_1학기_중간_고2_대수::q12","exams/original/high/h2/1mid/25_효천고_1학기_중간_고2_대수.js","25_효천고_1학기_중간_고2_대수","12","대수","H22-A-04","삼각함수","H22-A-04-TRIGONOMETRIC_BASIC","false","false","false","false","false","false"
"25_효천고_1학기_중간_고2_대수::q13","exams/original/high/h2/1mid/25_효천고_1학기_중간_고2_대수.js","25_효천고_1학기_중간_고2_대수","13","대수","H22-A-04","삼각함수","H22-A-04-TRIGONOMETRIC_FUNCTION","false","false","false","false","true","false"
"25_효천고_1학기_중간_고2_대수::q14","exams/original/high/h2/1mid/25_효천고_1학기_중간_고2_대수.js","25_효천고_1학기_중간_고2_대수","14","대수","H22-A-04","삼각함수","H22-A-04-TRIGONOMETRIC_BASIC","false","false","false","false","false","false"
"25_효천고_1학기_중간_고2_대수::q15","exams/original/high/h2/1mid/25_효천고_1학기_중간_고2_대수.js","25_효천고_1학기_중간_고2_대수","15","대수","H22-A-04","삼각함수","H22-A-04-TRIGONOMETRIC_FUNCTION","false","false","false","false","false","false"
"25_효천고_1학기_중간_고2_대수::q16","exams/original/high/h2/1mid/25_효천고_1학기_중간_고2_대수.js","25_효천고_1학기_중간_고2_대수","16","대수","H22-A-04","삼각함수","H22-A-04-TRIGONOMETRIC_BASIC","false","false","true","false","true","true"
"25_효천고_1학기_중간_고2_대수::q17","exams/original/high/h2/1mid/25_효천고_1학기_중간_고2_대수.js","25_효천고_1학기_중간_고2_대수","17","대수","H22-A-01","지수와 로그","H22-A-01-EXPONENT_LOG","false","false","false","false","false","false"
"25_효천고_1학기_중간_고2_대수::q18","exams/original/high/h2/1mid/25_효천고_1학기_중간_고2_대수.js","25_효천고_1학기_중간_고2_대수","18","대수","H22-A-01","지수와 로그","H22-A-01-EXPONENT_LOG","false","false","false","false","true","false"
"25_효천고_1학기_중간_고2_대수::q20","exams/original/high/h2/1mid/25_효천고_1학기_중간_고2_대수.js","25_효천고_1학기_중간_고2_대수","20","대수","H22-A-04","삼각함수","H22-A-04-EXPONENTIAL_FUNCTION","false","false","false","false","false","false"
"25_효천고_1학기_중간_고2_대수::q21","exams/original/high/h2/1mid/25_효천고_1학기_중간_고2_대수.js","25_효천고_1학기_중간_고2_대수","21","대수","H22-A-04","삼각함수","H22-A-04-TRIGONOMETRIC_BASIC","false","false","true","false","true","false"
"25_효천고_1학기_중간_고2_대수::q22","exams/original/high/h2/1mid/25_효천고_1학기_중간_고2_대수.js","25_효천고_1학기_중간_고2_대수","22","대수","H22-A-01","지수와 로그","H22-A-01-EXPONENT_LOG","false","false","false","false","false","false"
"25_효천고_1학기_중간_고2_대수::q24","exams/original/high/h2/1mid/25_효천고_1학기_중간_고2_대수.js","25_효천고_1학기_중간_고2_대수","24","대수","H22-A-04","삼각함수","H22-A-04-TRIGONOMETRIC_BASIC","false","false","false","false","false","false"
