questionUid,sourceJsPath,id,standardUnitKey,answer,extractedConclusion,solutionLength,staticStatus,independentSolveStatus,solutionDisposition,findings,jumpSignals
"23_복성고_1학기_기말_고2_수학I::q1","archive/exams/original/high/h2/1final/23_복성고_1학기_기말_고2_수학I.js","1","H15-M1-06","①","①","199","REVIEW","PENDING","UNFROZEN","",""
"23_복성고_1학기_기말_고2_수학I::q2","archive/exams/original/high/h2/1final/23_복성고_1학기_기말_고2_수학I.js","2","H15-M1-08","⑤","⑤","186","REVIEW","PENDING","UNFROZEN","",""
"23_복성고_1학기_기말_고2_수학I::q3","archive/exams/original/high/h2/1final/23_복성고_1학기_기말_고2_수학I.js","3","H15-M1-08","④","④","212","REVIEW","PENDING","UNFROZEN","",""
"23_복성고_1학기_기말_고2_수학I::q4","archive/exams/original/high/h2/1final/23_복성고_1학기_기말_고2_수학I.js","4","H15-M1-10","①","①","387","REVIEW","PENDING","UNFROZEN","",""
"23_복성고_1학기_기말_고2_수학I::q5","archive/exams/original/high/h2/1final/23_복성고_1학기_기말_고2_수학I.js","5","H15-M1-05","②","②","246","REVIEW","PENDING","UNFROZEN","",""
"23_복성고_1학기_기말_고2_수학I::q6","archive/exams/original/high/h2/1final/23_복성고_1학기_기말_고2_수학I.js","6","H15-M1-06","③","③","356","REVIEW","PENDING","UNFROZEN","",""
"23_복성고_1학기_기말_고2_수학I::q7","archive/exams/original/high/h2/1final/23_복성고_1학기_기말_고2_수학I.js","7","H15-M1-10","①","①","229","REVIEW","PENDING","UNFROZEN","",""
"23_복성고_1학기_기말_고2_수학I::q8","archive/exams/original/high/h2/1final/23_복성고_1학기_기말_고2_수학I.js","8","H15-M1-05","④","④","334","REVIEW","PENDING","UNFROZEN","",""
"23_복성고_1학기_기말_고2_수학I::q9","archive/exams/original/high/h2/1final/23_복성고_1학기_기말_고2_수학I.js","9","H15-M1-08","②","②","301","REVIEW","PENDING","UNFROZEN","LOGIC_JUMP_PHRASE_REVIEW","대입하면"
"23_복성고_1학기_기말_고2_수학I::q10","archive/exams/original/high/h2/1final/23_복성고_1학기_기말_고2_수학I.js","10","H15-M1-05","③","③","381","REVIEW","PENDING","UNFROZEN","LOGIC_JUMP_PHRASE_REVIEW","정리하면"
"23_복성고_1학기_기말_고2_수학I::q11","archive/exams/original/high/h2/1final/23_복성고_1학기_기말_고2_수학I.js","11","H15-M1-05","⑤","⑤","440","REVIEW","PENDING","UNFROZEN","",""
"23_복성고_1학기_기말_고2_수학I::q12","archive/exams/original/high/h2/1final/23_복성고_1학기_기말_고2_수학I.js","12","H15-M1-09","③","③","244","REVIEW","PENDING","UNFROZEN","",""
"23_복성고_1학기_기말_고2_수학I::q13","archive/exams/original/high/h2/1final/23_복성고_1학기_기말_고2_수학I.js","13","H15-M1-10","②","②","275","REVIEW","PENDING","UNFROZEN","",""
"23_복성고_1학기_기말_고2_수학I::q14","archive/exams/original/high/h2/1final/23_복성고_1학기_기말_고2_수학I.js","14","H15-M1-05","①","①","734","REVIEW","PENDING","UNFROZEN","",""
"23_복성고_1학기_기말_고2_수학I::q15","archive/exams/original/high/h2/1final/23_복성고_1학기_기말_고2_수학I.js","15","H15-M1-05","⑤","⑤","799","REVIEW","PENDING","UNFROZEN","",""
"23_복성고_1학기_기말_고2_수학I::q16","archive/exams/original/high/h2/1final/23_복성고_1학기_기말_고2_수학I.js","16","H15-M1-07","③","③","471","REVIEW","PENDING","UNFROZEN","",""
"23_복성고_1학기_기말_고2_수학I::q17","archive/exams/original/high/h2/1final/23_복성고_1학기_기말_고2_수학I.js","17","H15-M1-09","⑤","⑤","615","REVIEW","PENDING","UNFROZEN","",""
"23_복성고_1학기_기말_고2_수학I::q18","archive/exams/original/high/h2/1final/23_복성고_1학기_기말_고2_수학I.js","18","H15-M1-06","④","④","790","REVIEW","PENDING","UNFROZEN","",""
"23_복성고_1학기_기말_고2_수학I::q19","archive/exams/original/high/h2/1final/23_복성고_1학기_기말_고2_수학I.js","19","H15-M1-06","②","②","685","REVIEW","PENDING","UNFROZEN","",""
"23_복성고_1학기_기말_고2_수학I::q20","archive/exams/original/high/h2/1final/23_복성고_1학기_기말_고2_수학I.js","20","H15-M1-05","$\dfrac{\sqrt2}{2}$","","476","REVIEW","PENDING","UNFROZEN","",""
"23_복성고_1학기_기말_고2_수학I::q21","archive/exams/original/high/h2/1final/23_복성고_1학기_기말_고2_수학I.js","21","H15-M1-07","$0\le x\le \dfrac{\pi}{3}$ 또는 $\dfrac{5\pi}{3}\le x<2\pi$","","501","REVIEW","PENDING","UNFROZEN","",""
"23_복성고_1학기_기말_고2_수학I::q22","archive/exams/original/high/h2/1final/23_복성고_1학기_기말_고2_수학I.js","22","H15-M1-05","$\dfrac{\sqrt3}{3}$","","705","REVIEW","PENDING","UNFROZEN","",""
"23_제일고_1학기_기말_고2_수학I::q1","archive/exams/original/high/h2/1final/23_제일고_1학기_기말_고2_수학I.js","1","H15-M1-07","④","④","350","REVIEW","PENDING","UNFROZEN","",""
"23_제일고_1학기_기말_고2_수학I::q2","archive/exams/original/high/h2/1final/23_제일고_1학기_기말_고2_수학I.js","2","H15-M1-05","④","④","367","REVIEW","PENDING","UNFROZEN","",""
"23_제일고_1학기_기말_고2_수학I::q3","archive/exams/original/high/h2/1final/23_제일고_1학기_기말_고2_수학I.js","3","H15-M1-10","③","③","253","REVIEW","PENDING","UNFROZEN","",""
"23_제일고_1학기_기말_고2_수학I::q4","archive/exams/original/high/h2/1final/23_제일고_1학기_기말_고2_수학I.js","4","H15-M1-08","①","①","321","REVIEW","PENDING","UNFROZEN","LOGIC_JUMP_PHRASE_REVIEW","대입하면"
"23_제일고_1학기_기말_고2_수학I::q5","archive/exams/original/high/h2/1final/23_제일고_1학기_기말_고2_수학I.js","5","H15-M1-05","②","②","376","REVIEW","PENDING","UNFROZEN","",""
"23_제일고_1학기_기말_고2_수학I::q6","archive/exams/original/high/h2/1final/23_제일고_1학기_기말_고2_수학I.js","6","H15-M1-05","①","①","259","REVIEW","PENDING","UNFROZEN","",""
"23_제일고_1학기_기말_고2_수학I::q7","archive/exams/original/high/h2/1final/23_제일고_1학기_기말_고2_수학I.js","7","H15-M1-07","②","②","441","REVIEW","PENDING","UNFROZEN","",""
"23_제일고_1학기_기말_고2_수학I::q8","archive/exams/original/high/h2/1final/23_제일고_1학기_기말_고2_수학I.js","8","H15-M1-05","⑤","⑤","733","REVIEW","PENDING","UNFROZEN","",""
"23_제일고_1학기_기말_고2_수학I::q9","archive/exams/original/high/h2/1final/23_제일고_1학기_기말_고2_수학I.js","9","H15-M1-06","⑤","⑤","631","REVIEW","PENDING","UNFROZEN","",""
"23_제일고_1학기_기말_고2_수학I::q10","archive/exams/original/high/h2/1final/23_제일고_1학기_기말_고2_수학I.js","10","H15-M1-05","③","③","633","REVIEW","PENDING","UNFROZEN","",""
"23_제일고_1학기_기말_고2_수학I::q11","archive/exams/original/high/h2/1final/23_제일고_1학기_기말_고2_수학I.js","11","H15-M1-08","②","②","299","REVIEW","PENDING","UNFROZEN","LOGIC_JUMP_PHRASE_REVIEW","대입하면"
"23_제일고_1학기_기말_고2_수학I::q12","archive/exams/original/high/h2/1final/23_제일고_1학기_기말_고2_수학I.js","12","H15-M1-10","④","④","414","REVIEW","PENDING","UNFROZEN","",""
"23_제일고_1학기_기말_고2_수학I::q13","archive/exams/original/high/h2/1final/23_제일고_1학기_기말_고2_수학I.js","13","H15-M1-09","③","③","303","REVIEW","PENDING","UNFROZEN","",""
"23_제일고_1학기_기말_고2_수학I::q14","archive/exams/original/high/h2/1final/23_제일고_1학기_기말_고2_수학I.js","14","H15-M1-10","②","②","305","REVIEW","PENDING","UNFROZEN","LOGIC_JUMP_PHRASE_REVIEW","정리하면"
"23_제일고_1학기_기말_고2_수학I::q15","archive/exams/original/high/h2/1final/23_제일고_1학기_기말_고2_수학I.js","15","H15-M1-10","④","④","349","REVIEW","PENDING","UNFROZEN","",""
"23_제일고_1학기_기말_고2_수학I::q16","archive/exams/original/high/h2/1final/23_제일고_1학기_기말_고2_수학I.js","16","H15-M1-09","⑤","⑤","332","REVIEW","PENDING","UNFROZEN","LOGIC_JUMP_PHRASE_REVIEW","계산하면"
"23_제일고_1학기_기말_고2_수학I::q17","archive/exams/original/high/h2/1final/23_제일고_1학기_기말_고2_수학I.js","17","H15-M1-11","③","③","418","REVIEW","PENDING","UNFROZEN","",""
"23_제일고_1학기_기말_고2_수학I::q18","archive/exams/original/high/h2/1final/23_제일고_1학기_기말_고2_수학I.js","18","H15-M1-10","①","①","643","REVIEW","PENDING","UNFROZEN","",""
"23_제일고_1학기_기말_고2_수학I::q19","archive/exams/original/high/h2/1final/23_제일고_1학기_기말_고2_수학I.js","19","H15-M1-09","①","①","838","REVIEW","PENDING","UNFROZEN","LOGIC_JUMP_PHRASE_REVIEW","정리하면|대입하면"
"23_제일고_1학기_기말_고2_수학I::q20","archive/exams/original/high/h2/1final/23_제일고_1학기_기말_고2_수학I.js","20","H15-M1-06","주기 $\dfrac{\pi}{2}$, 최댓값 $2$, 최솟값 $-1$","","650","REVIEW","PENDING","UNFROZEN","",""
"23_제일고_1학기_기말_고2_수학I::q21","archive/exams/original/high/h2/1final/23_제일고_1학기_기말_고2_수학I.js","21","H15-M1-09","90","","440","REVIEW","PENDING","UNFROZEN","",""
"23_제일고_1학기_기말_고2_수학I::q22","archive/exams/original/high/h2/1final/23_제일고_1학기_기말_고2_수학I.js","22","H15-M1-08","12","","531","REVIEW","PENDING","UNFROZEN","",""
"23_제일고_1학기_기말_고2_수학I::q23","archive/exams/original/high/h2/1final/23_제일고_1학기_기말_고2_수학I.js","23","H15-M1-08","$m=-3$, $k=5$, $a_7=-8$, $b_7=54$, $a_7+b_7=46$","","1170","REVIEW","PENDING","UNFROZEN","",""
"23_팔마고_1학기_기말_고2_수학I::q1","archive/exams/original/high/h2/1final/23_팔마고_1학기_기말_고2_수학I.js","1","H15-M1-07","④","④","330","REVIEW","PENDING","UNFROZEN","",""
"23_팔마고_1학기_기말_고2_수학I::q2","archive/exams/original/high/h2/1final/23_팔마고_1학기_기말_고2_수학I.js","2","H15-M1-09","②","②","178","REVIEW","PENDING","UNFROZEN","SHORT_SOLUTION_REVIEW",""
"23_팔마고_1학기_기말_고2_수학I::q3","archive/exams/original/high/h2/1final/23_팔마고_1학기_기말_고2_수학I.js","3","H15-M1-10","①","①","249","REVIEW","PENDING","UNFROZEN","",""
"23_팔마고_1학기_기말_고2_수학I::q4","archive/exams/original/high/h2/1final/23_팔마고_1학기_기말_고2_수학I.js","4","H15-M1-05","③","③","227","REVIEW","PENDING","UNFROZEN","",""
"23_팔마고_1학기_기말_고2_수학I::q5","archive/exams/original/high/h2/1final/23_팔마고_1학기_기말_고2_수학I.js","5","H15-M1-08","④","④","241","REVIEW","PENDING","UNFROZEN","",""
"23_팔마고_1학기_기말_고2_수학I::q6","archive/exams/original/high/h2/1final/23_팔마고_1학기_기말_고2_수학I.js","6","H15-M1-05","①","①","310","REVIEW","PENDING","UNFROZEN","",""
"23_팔마고_1학기_기말_고2_수학I::q7","archive/exams/original/high/h2/1final/23_팔마고_1학기_기말_고2_수학I.js","7","H15-M1-05","②","②","473","REVIEW","PENDING","UNFROZEN","LOGIC_JUMP_PHRASE_REVIEW","정리하면"
"23_팔마고_1학기_기말_고2_수학I::q8","archive/exams/original/high/h2/1final/23_팔마고_1학기_기말_고2_수학I.js","8","H15-M1-08","③","③","252","REVIEW","PENDING","UNFROZEN","",""
"23_팔마고_1학기_기말_고2_수학I::q9","archive/exams/original/high/h2/1final/23_팔마고_1학기_기말_고2_수학I.js","9","H15-M1-07","⑤","⑤","466","REVIEW","PENDING","UNFROZEN","LOGIC_JUMP_PHRASE_REVIEW","대입하면"
"23_팔마고_1학기_기말_고2_수학I::q10","archive/exams/original/high/h2/1final/23_팔마고_1학기_기말_고2_수학I.js","10","H15-M1-09","③","③","394","REVIEW","PENDING","UNFROZEN","LOGIC_JUMP_PHRASE_REVIEW","대입하면"
"23_팔마고_1학기_기말_고2_수학I::q11","archive/exams/original/high/h2/1final/23_팔마고_1학기_기말_고2_수학I.js","11","H15-M1-10","⑤","⑤","298","REVIEW","PENDING","UNFROZEN","",""
"23_팔마고_1학기_기말_고2_수학I::q12","archive/exams/original/high/h2/1final/23_팔마고_1학기_기말_고2_수학I.js","12","H15-M1-09","④","④","389","REVIEW","PENDING","UNFROZEN","",""
"23_팔마고_1학기_기말_고2_수학I::q13","archive/exams/original/high/h2/1final/23_팔마고_1학기_기말_고2_수학I.js","13","H15-M1-07","⑤","⑤","477","REVIEW","PENDING","UNFROZEN","LOGIC_JUMP_PHRASE_REVIEW","대입하면"
"23_팔마고_1학기_기말_고2_수학I::q14","archive/exams/original/high/h2/1final/23_팔마고_1학기_기말_고2_수학I.js","14","H15-M1-10","②","②","481","REVIEW","PENDING","UNFROZEN","",""
"23_팔마고_1학기_기말_고2_수학I::q15","archive/exams/original/high/h2/1final/23_팔마고_1학기_기말_고2_수학I.js","15","H15-M1-10","④","④","333","REVIEW","PENDING","UNFROZEN","",""
"23_팔마고_1학기_기말_고2_수학I::q16","archive/exams/original/high/h2/1final/23_팔마고_1학기_기말_고2_수학I.js","16","H15-M1-07","①","①","489","REVIEW","PENDING","UNFROZEN","",""
"23_팔마고_1학기_기말_고2_수학I::q17","archive/exams/original/high/h2/1final/23_팔마고_1학기_기말_고2_수학I.js","17","H15-M1-05","②","②","876","REVIEW","PENDING","UNFROZEN","LOGIC_JUMP_PHRASE_REVIEW","정리하면|대입하면"
"23_팔마고_1학기_기말_고2_수학I::q18","archive/exams/original/high/h2/1final/23_팔마고_1학기_기말_고2_수학I.js","18","H15-M1-05","$\dfrac{15\pi}{2}$","","984","REVIEW","PENDING","UNFROZEN","LOGIC_JUMP_PHRASE_REVIEW","대입하면"
"23_팔마고_1학기_기말_고2_수학I::q19","archive/exams/original/high/h2/1final/23_팔마고_1학기_기말_고2_수학I.js","19","H15-M1-08","75","","339","REVIEW","PENDING","UNFROZEN","",""
"23_팔마고_1학기_기말_고2_수학I::q20","archive/exams/original/high/h2/1final/23_팔마고_1학기_기말_고2_수학I.js","20","H15-M1-05","$\sqrt{19}$","","358","REVIEW","PENDING","UNFROZEN","",""
"23_팔마고_1학기_기말_고2_수학I::q21","archive/exams/original/high/h2/1final/23_팔마고_1학기_기말_고2_수학I.js","21","H15-M1-07","$\dfrac{7\pi}{4}$","","812","REVIEW","PENDING","UNFROZEN","",""
"23_팔마고_1학기_기말_고2_수학I::q22","archive/exams/original/high/h2/1final/23_팔마고_1학기_기말_고2_수학I.js","22","H15-M1-10","826","","411","REVIEW","PENDING","UNFROZEN","",""
"24_강남여고_1학기_기말_고2_수학I::q1","archive/exams/original/high/h2/1final/24_강남여고_1학기_기말_고2_수학I.js","1","H15-M1-08","②","②","136","REVIEW","PENDING","UNFROZEN","SHORT_SOLUTION_REVIEW",""
"24_강남여고_1학기_기말_고2_수학I::q2","archive/exams/original/high/h2/1final/24_강남여고_1학기_기말_고2_수학I.js","2","H15-M1-10","⑤","⑤","232","REVIEW","PENDING","UNFROZEN","",""
"24_강남여고_1학기_기말_고2_수학I::q3","archive/exams/original/high/h2/1final/24_강남여고_1학기_기말_고2_수학I.js","3","H15-M1-08","①","①","171","REVIEW","PENDING","UNFROZEN","SHORT_SOLUTION_REVIEW",""
"24_강남여고_1학기_기말_고2_수학I::q4","archive/exams/original/high/h2/1final/24_강남여고_1학기_기말_고2_수학I.js","4","H15-M1-10","④","④","215","REVIEW","PENDING","UNFROZEN","",""
"24_강남여고_1학기_기말_고2_수학I::q5","archive/exams/original/high/h2/1final/24_강남여고_1학기_기말_고2_수학I.js","5","H15-M1-05","③","③","237","REVIEW","PENDING","UNFROZEN","",""
"24_강남여고_1학기_기말_고2_수학I::q6","archive/exams/original/high/h2/1final/24_강남여고_1학기_기말_고2_수학I.js","6","H15-M1-05","①","①","238","REVIEW","PENDING","UNFROZEN","",""
"24_강남여고_1학기_기말_고2_수학I::q7","archive/exams/original/high/h2/1final/24_강남여고_1학기_기말_고2_수학I.js","7","H15-M1-05","⑤","⑤","302","REVIEW","PENDING","UNFROZEN","",""
"24_강남여고_1학기_기말_고2_수학I::q8","archive/exams/original/high/h2/1final/24_강남여고_1학기_기말_고2_수학I.js","8","H15-M1-09","②","②","185","REVIEW","PENDING","UNFROZEN","",""
"24_강남여고_1학기_기말_고2_수학I::q9","archive/exams/original/high/h2/1final/24_강남여고_1학기_기말_고2_수학I.js","9","H15-M1-05","③","③","237","REVIEW","PENDING","UNFROZEN","",""
"24_강남여고_1학기_기말_고2_수학I::q10","archive/exams/original/high/h2/1final/24_강남여고_1학기_기말_고2_수학I.js","10","H15-M1-10","②","②","344","REVIEW","PENDING","UNFROZEN","",""
"24_강남여고_1학기_기말_고2_수학I::q11","archive/exams/original/high/h2/1final/24_강남여고_1학기_기말_고2_수학I.js","11","H15-M1-09","④","④","469","REVIEW","PENDING","UNFROZEN","",""
"24_강남여고_1학기_기말_고2_수학I::q12","archive/exams/original/high/h2/1final/24_강남여고_1학기_기말_고2_수학I.js","12","H15-M1-05","①","①","248","REVIEW","PENDING","UNFROZEN","",""
"24_강남여고_1학기_기말_고2_수학I::q13","archive/exams/original/high/h2/1final/24_강남여고_1학기_기말_고2_수학I.js","13","H15-M1-10","①","①","368","REVIEW","PENDING","UNFROZEN","",""
"24_강남여고_1학기_기말_고2_수학I::q14","archive/exams/original/high/h2/1final/24_강남여고_1학기_기말_고2_수학I.js","14","H15-M1-09","⑤","⑤","315","REVIEW","PENDING","UNFROZEN","",""
"24_강남여고_1학기_기말_고2_수학I::q15","archive/exams/original/high/h2/1final/24_강남여고_1학기_기말_고2_수학I.js","15","H15-M1-09","②","②","292","REVIEW","PENDING","UNFROZEN","",""
"24_강남여고_1학기_기말_고2_수학I::q16","archive/exams/original/high/h2/1final/24_강남여고_1학기_기말_고2_수학I.js","16","H15-M1-10","④","④","337","REVIEW","PENDING","UNFROZEN","",""
"24_강남여고_1학기_기말_고2_수학I::q17","archive/exams/original/high/h2/1final/24_강남여고_1학기_기말_고2_수학I.js","17","H15-M1-05","①","①","403","REVIEW","PENDING","UNFROZEN","",""
"24_강남여고_1학기_기말_고2_수학I::q18","archive/exams/original/high/h2/1final/24_강남여고_1학기_기말_고2_수학I.js","18","H15-M1-08","⑤","⑤","649","REVIEW","PENDING","UNFROZEN","LOGIC_JUMP_PHRASE_REVIEW","대입하면"
"24_강남여고_1학기_기말_고2_수학I::q19","archive/exams/original/high/h2/1final/24_강남여고_1학기_기말_고2_수학I.js","19","H15-M1-10","②","②","527","REVIEW","PENDING","UNFROZEN","",""
"24_강남여고_1학기_기말_고2_수학I::q20","archive/exams/original/high/h2/1final/24_강남여고_1학기_기말_고2_수학I.js","20","H15-M1-11","③","③","680","REVIEW","PENDING","UNFROZEN","",""
"24_강남여고_1학기_기말_고2_수학I::q21","archive/exams/original/high/h2/1final/24_강남여고_1학기_기말_고2_수학I.js","21","H15-M1-05","④","④","632","REVIEW","PENDING","UNFROZEN","LOGIC_JUMP_PHRASE_REVIEW","대입하면"
"24_강남여고_1학기_기말_고2_수학I::q22","archive/exams/original/high/h2/1final/24_강남여고_1학기_기말_고2_수학I.js","22","H15-M1-08","$a=3,\ b=7,\ c=9,\ d=1$","","419","REVIEW","PENDING","UNFROZEN","LOGIC_JUMP_PHRASE_REVIEW","대입하면"
"24_강남여고_1학기_기말_고2_수학I::q23","archive/exams/original/high/h2/1final/24_강남여고_1학기_기말_고2_수학I.js","23","H15-M1-05","$a=4\sqrt3,\ B=90^\circ,\ C=30^\circ$","","399","REVIEW","PENDING","UNFROZEN","",""
"24_강남여고_1학기_기말_고2_수학I::q24","archive/exams/original/high/h2/1final/24_강남여고_1학기_기말_고2_수학I.js","24","H15-M1-10","$a_n=\dfrac{1}{(2n-1)(2n+1)}$","","475","REVIEW","PENDING","UNFROZEN","",""
"24_강남여고_1학기_기말_고2_수학I::q25","archive/exams/original/high/h2/1final/24_강남여고_1학기_기말_고2_수학I.js","25","H15-M1-10","165","","454","REVIEW","PENDING","UNFROZEN","",""
"24_팔마고_1학기_기말_고2_수학I::q1","archive/exams/original/high/h2/1final/24_팔마고_1학기_기말_고2_수학I.js","1","H15-M1-05","④","④","462","REVIEW","PENDING","UNFROZEN","",""
"24_팔마고_1학기_기말_고2_수학I::q2","archive/exams/original/high/h2/1final/24_팔마고_1학기_기말_고2_수학I.js","2","H15-M1-05","③","③","463","REVIEW","PENDING","UNFROZEN","",""
"24_팔마고_1학기_기말_고2_수학I::q3","archive/exams/original/high/h2/1final/24_팔마고_1학기_기말_고2_수학I.js","3","H15-M1-08","①","①","314","REVIEW","PENDING","UNFROZEN","",""
"24_팔마고_1학기_기말_고2_수학I::q4","archive/exams/original/high/h2/1final/24_팔마고_1학기_기말_고2_수학I.js","4","H15-M1-10","②","②","256","REVIEW","PENDING","UNFROZEN","",""
"24_팔마고_1학기_기말_고2_수학I::q5","archive/exams/original/high/h2/1final/24_팔마고_1학기_기말_고2_수학I.js","5","H15-M1-09","①","①","313","REVIEW","PENDING","UNFROZEN","",""
"24_팔마고_1학기_기말_고2_수학I::q6","archive/exams/original/high/h2/1final/24_팔마고_1학기_기말_고2_수학I.js","6","H15-M1-10","②","②","433","REVIEW","PENDING","UNFROZEN","",""
"24_팔마고_1학기_기말_고2_수학I::q7","archive/exams/original/high/h2/1final/24_팔마고_1학기_기말_고2_수학I.js","7","H15-M1-06","⑤","","528","FAIL","PENDING","UNFROZEN","CONCLUSION_MISSING",""
"24_팔마고_1학기_기말_고2_수학I::q8","archive/exams/original/high/h2/1final/24_팔마고_1학기_기말_고2_수학I.js","8","H15-M1-09","④","④","403","REVIEW","PENDING","UNFROZEN","",""
"24_팔마고_1학기_기말_고2_수학I::q9","archive/exams/original/high/h2/1final/24_팔마고_1학기_기말_고2_수학I.js","9","H15-M1-06","①","①","456","REVIEW","PENDING","UNFROZEN","",""
"24_팔마고_1학기_기말_고2_수학I::q10","archive/exams/original/high/h2/1final/24_팔마고_1학기_기말_고2_수학I.js","10","H15-M1-11","⑤","⑤","381","REVIEW","PENDING","UNFROZEN","",""
"24_팔마고_1학기_기말_고2_수학I::q11","archive/exams/original/high/h2/1final/24_팔마고_1학기_기말_고2_수학I.js","11","H15-M1-06","③","③","413","REVIEW","PENDING","UNFROZEN","",""
"24_팔마고_1학기_기말_고2_수학I::q12","archive/exams/original/high/h2/1final/24_팔마고_1학기_기말_고2_수학I.js","12","H15-M1-07","④","④","555","REVIEW","PENDING","UNFROZEN","",""
"24_팔마고_1학기_기말_고2_수학I::q13","archive/exams/original/high/h2/1final/24_팔마고_1학기_기말_고2_수학I.js","13","H15-M1-07","③","③","911","REVIEW","PENDING","UNFROZEN","",""
"24_팔마고_1학기_기말_고2_수학I::q14","archive/exams/original/high/h2/1final/24_팔마고_1학기_기말_고2_수학I.js","14","H15-M1-06","③","③","628","REVIEW","PENDING","UNFROZEN","LOGIC_JUMP_PHRASE_REVIEW","대입하면"
"24_팔마고_1학기_기말_고2_수학I::q15","archive/exams/original/high/h2/1final/24_팔마고_1학기_기말_고2_수학I.js","15","H15-M1-05","②","②","696","REVIEW","PENDING","UNFROZEN","LOGIC_JUMP_PHRASE_REVIEW","정리하면|대입하면"
"24_팔마고_1학기_기말_고2_수학I::q16","archive/exams/original/high/h2/1final/24_팔마고_1학기_기말_고2_수학I.js","16","H15-M1-06","①","①","862","REVIEW","PENDING","UNFROZEN","",""
"24_팔마고_1학기_기말_고2_수학I::q17","archive/exams/original/high/h2/1final/24_팔마고_1학기_기말_고2_수학I.js","17","H15-M1-05","$-\dfrac{3}{5}$","","609","REVIEW","PENDING","UNFROZEN","",""
"24_팔마고_1학기_기말_고2_수학I::q18","archive/exams/original/high/h2/1final/24_팔마고_1학기_기말_고2_수학I.js","18","H15-M1-10","61","","460","REVIEW","PENDING","UNFROZEN","LOGIC_JUMP_PHRASE_REVIEW","대입하면"
"24_팔마고_1학기_기말_고2_수학I::q19","archive/exams/original/high/h2/1final/24_팔마고_1학기_기말_고2_수학I.js","19","H15-M1-05","$\sqrt5$","","816","REVIEW","PENDING","UNFROZEN","",""
"24_팔마고_1학기_기말_고2_수학I::q20","archive/exams/original/high/h2/1final/24_팔마고_1학기_기말_고2_수학I.js","20","H15-M1-08","$3n-12$","","491","REVIEW","PENDING","UNFROZEN","",""
"24_팔마고_1학기_기말_고2_수학I::q21","archive/exams/original/high/h2/1final/24_팔마고_1학기_기말_고2_수학I.js","21","H15-M1-07","$\dfrac{\pi}{3}\le\theta<\dfrac{\pi}{2}$","","918","REVIEW","PENDING","UNFROZEN","LOGIC_JUMP_PHRASE_REVIEW","정리하면|대입하면"
"24_팔마고_1학기_기말_고2_수학I::q22","archive/exams/original/high/h2/1final/24_팔마고_1학기_기말_고2_수학I.js","22","H15-M1-05","$6\sqrt2$","","889","REVIEW","PENDING","UNFROZEN","",""
"25_금당고_1학기_기말_고2_수학I::q1","archive/exams/original/high/h2/1final/25_금당고_1학기_기말_고2_수학I.js","1","H15-M1-08","④","④","289","REVIEW","PENDING","UNFROZEN","",""
"25_금당고_1학기_기말_고2_수학I::q2","archive/exams/original/high/h2/1final/25_금당고_1학기_기말_고2_수학I.js","2","H15-M1-08","⑤","⑤","341","REVIEW","PENDING","UNFROZEN","",""
"25_금당고_1학기_기말_고2_수학I::q3","archive/exams/original/high/h2/1final/25_금당고_1학기_기말_고2_수학I.js","3","H15-M1-09","③","③","347","REVIEW","PENDING","UNFROZEN","LOGIC_JUMP_PHRASE_REVIEW","대입하면|공식에 대입하면"
"25_금당고_1학기_기말_고2_수학I::q4","archive/exams/original/high/h2/1final/25_금당고_1학기_기말_고2_수학I.js","4","H15-M1-05","②","②","631","REVIEW","PENDING","UNFROZEN","",""
"25_금당고_1학기_기말_고2_수학I::q5","archive/exams/original/high/h2/1final/25_금당고_1학기_기말_고2_수학I.js","5","H15-M1-05","①","①","380","REVIEW","PENDING","UNFROZEN","LOGIC_JUMP_PHRASE_REVIEW","정리하면|대입하면"
"25_금당고_1학기_기말_고2_수학I::q6","archive/exams/original/high/h2/1final/25_금당고_1학기_기말_고2_수학I.js","6","H15-M1-05","⑤","⑤","345","REVIEW","PENDING","UNFROZEN","LOGIC_JUMP_PHRASE_REVIEW","대입하면|공식에 대입하면"
"25_금당고_1학기_기말_고2_수학I::q7","archive/exams/original/high/h2/1final/25_금당고_1학기_기말_고2_수학I.js","7","H15-M1-10","①","①","643","REVIEW","PENDING","UNFROZEN","LOGIC_JUMP_PHRASE_REVIEW","정리하면|대입하면"
"25_금당고_1학기_기말_고2_수학I::q8","archive/exams/original/high/h2/1final/25_금당고_1학기_기말_고2_수학I.js","8","H15-M1-05","⑤","⑤","527","REVIEW","PENDING","UNFROZEN","",""
"25_금당고_1학기_기말_고2_수학I::q9","archive/exams/original/high/h2/1final/25_금당고_1학기_기말_고2_수학I.js","9","H15-M1-05","①","①","501","REVIEW","PENDING","UNFROZEN","",""
"25_금당고_1학기_기말_고2_수학I::q10","archive/exams/original/high/h2/1final/25_금당고_1학기_기말_고2_수학I.js","10","H15-M1-05","②","②","637","REVIEW","PENDING","UNFROZEN","",""
"25_금당고_1학기_기말_고2_수학I::q11","archive/exams/original/high/h2/1final/25_금당고_1학기_기말_고2_수학I.js","11","H15-M1-10","②","②","428","REVIEW","PENDING","UNFROZEN","",""
"25_금당고_1학기_기말_고2_수학I::q12","archive/exams/original/high/h2/1final/25_금당고_1학기_기말_고2_수학I.js","12","H15-M1-09","②","②","601","REVIEW","PENDING","UNFROZEN","LOGIC_JUMP_PHRASE_REVIEW","대입하면"
"25_금당고_1학기_기말_고2_수학I::q13","archive/exams/original/high/h2/1final/25_금당고_1학기_기말_고2_수학I.js","13","H15-M1-05","④","④","839","REVIEW","PENDING","UNFROZEN","",""
"25_금당고_1학기_기말_고2_수학I::q14","archive/exams/original/high/h2/1final/25_금당고_1학기_기말_고2_수학I.js","14","H15-M1-10","③","③","917","REVIEW","PENDING","UNFROZEN","",""
"25_금당고_1학기_기말_고2_수학I::q15","archive/exams/original/high/h2/1final/25_금당고_1학기_기말_고2_수학I.js","15","H15-M1-10","②","②","1046","REVIEW","PENDING","UNFROZEN","LOGIC_JUMP_PHRASE_REVIEW","정리하면|대입하면"
"25_금당고_1학기_기말_고2_수학I::q16","archive/exams/original/high/h2/1final/25_금당고_1학기_기말_고2_수학I.js","16","H15-M1-05","③","③","906","REVIEW","PENDING","UNFROZEN","",""
"25_금당고_1학기_기말_고2_수학I::q17","archive/exams/original/high/h2/1final/25_금당고_1학기_기말_고2_수학I.js","17","H15-M1-11","⑤","⑤","1239","REVIEW","PENDING","UNFROZEN","",""
"25_금당고_1학기_기말_고2_수학I::q18","archive/exams/original/high/h2/1final/25_금당고_1학기_기말_고2_수학I.js","18","H15-M1-05","④","④","1667","REVIEW","PENDING","UNFROZEN","",""
"25_금당고_1학기_기말_고2_수학I::q19","archive/exams/original/high/h2/1final/25_금당고_1학기_기말_고2_수학I.js","19","H15-M1-10","24","","557","REVIEW","PENDING","UNFROZEN","",""
"25_금당고_1학기_기말_고2_수학I::q20","archive/exams/original/high/h2/1final/25_금당고_1학기_기말_고2_수학I.js","20","H15-M1-07","83","","804","REVIEW","PENDING","UNFROZEN","LOGIC_JUMP_PHRASE_REVIEW","대입하면"
"25_금당고_1학기_기말_고2_수학I::q21","archive/exams/original/high/h2/1final/25_금당고_1학기_기말_고2_수학I.js","21","H15-M1-09","27","","1654","REVIEW","PENDING","UNFROZEN","LOGIC_JUMP_PHRASE_REVIEW","대입하면"
"25_제일고_1학기_기말_고2_수학I::q1","archive/exams/original/high/h2/1final/25_제일고_1학기_기말_고2_대수c.js","1","H15-M1-06","①","①","338","REVIEW","PENDING","UNFROZEN","",""
"25_제일고_1학기_기말_고2_수학I::q2","archive/exams/original/high/h2/1final/25_제일고_1학기_기말_고2_대수c.js","2","H15-M1-06","③","③","394","REVIEW","PENDING","UNFROZEN","",""
"25_제일고_1학기_기말_고2_수학I::q3","archive/exams/original/high/h2/1final/25_제일고_1학기_기말_고2_대수c.js","3","H15-M1-05","②","②","655","REVIEW","PENDING","UNFROZEN","",""
"25_제일고_1학기_기말_고2_수학I::q4","archive/exams/original/high/h2/1final/25_제일고_1학기_기말_고2_대수c.js","4","H15-M1-08","③","③","303","REVIEW","PENDING","UNFROZEN","LOGIC_JUMP_PHRASE_REVIEW","대입하면"
"25_제일고_1학기_기말_고2_수학I::q5","archive/exams/original/high/h2/1final/25_제일고_1학기_기말_고2_대수c.js","5","H15-M1-09","⑤","⑤","454","REVIEW","PENDING","UNFROZEN","",""
"25_제일고_1학기_기말_고2_수학I::q6","archive/exams/original/high/h2/1final/25_제일고_1학기_기말_고2_대수c.js","6","H15-M1-10","③","③","508","REVIEW","PENDING","UNFROZEN","",""
"25_제일고_1학기_기말_고2_수학I::q7","archive/exams/original/high/h2/1final/25_제일고_1학기_기말_고2_대수c.js","7","H15-M1-05","⑤","⑤","1025","REVIEW","PENDING","UNFROZEN","LOGIC_JUMP_PHRASE_REVIEW","대입하면"
"25_제일고_1학기_기말_고2_수학I::q8","archive/exams/original/high/h2/1final/25_제일고_1학기_기말_고2_대수c.js","8","H15-M1-05","③","③","585","REVIEW","PENDING","UNFROZEN","",""
"25_제일고_1학기_기말_고2_수학I::q9","archive/exams/original/high/h2/1final/25_제일고_1학기_기말_고2_대수c.js","9","H15-M1-05","⑤","⑤","650","REVIEW","PENDING","UNFROZEN","LOGIC_JUMP_PHRASE_REVIEW","정리하면"
"25_제일고_1학기_기말_고2_수학I::q10","archive/exams/original/high/h2/1final/25_제일고_1학기_기말_고2_대수c.js","10","H15-M1-06","④","④","1076","REVIEW","PENDING","UNFROZEN","LOGIC_JUMP_PHRASE_REVIEW","대입하면"
"25_제일고_1학기_기말_고2_수학I::q11","archive/exams/original/high/h2/1final/25_제일고_1학기_기말_고2_대수c.js","11","H15-M1-08","①","①","581","REVIEW","PENDING","UNFROZEN","LOGIC_JUMP_PHRASE_REVIEW","정리하면"
"25_제일고_1학기_기말_고2_수학I::q12","archive/exams/original/high/h2/1final/25_제일고_1학기_기말_고2_대수c.js","12","H15-M1-09","②","②","621","REVIEW","PENDING","UNFROZEN","",""
"25_제일고_1학기_기말_고2_수학I::q13","archive/exams/original/high/h2/1final/25_제일고_1학기_기말_고2_대수c.js","13","H15-M1-09","②","②","516","REVIEW","PENDING","UNFROZEN","LOGIC_JUMP_PHRASE_REVIEW","정리하면"
"25_제일고_1학기_기말_고2_수학I::q14","archive/exams/original/high/h2/1final/25_제일고_1학기_기말_고2_대수c.js","14","H15-M1-10","②","②","578","REVIEW","PENDING","UNFROZEN","",""
"25_제일고_1학기_기말_고2_수학I::q15","archive/exams/original/high/h2/1final/25_제일고_1학기_기말_고2_대수c.js","15","H15-M1-06","①","①","908","REVIEW","PENDING","UNFROZEN","",""
"25_제일고_1학기_기말_고2_수학I::q16","archive/exams/original/high/h2/1final/25_제일고_1학기_기말_고2_대수c.js","16","H15-M1-06","④","④","776","REVIEW","PENDING","UNFROZEN","",""
"25_제일고_1학기_기말_고2_수학I::q17","archive/exams/original/high/h2/1final/25_제일고_1학기_기말_고2_대수c.js","17","H15-M1-05","②","②","1849","REVIEW","PENDING","UNFROZEN","",""
"25_제일고_1학기_기말_고2_수학I::q18","archive/exams/original/high/h2/1final/25_제일고_1학기_기말_고2_대수c.js","18","H15-M1-09","④","④","665","REVIEW","PENDING","UNFROZEN","",""
"25_제일고_1학기_기말_고2_수학I::q19","archive/exams/original/high/h2/1final/25_제일고_1학기_기말_고2_대수c.js","19","H15-M1-09","①","①","1051","REVIEW","PENDING","UNFROZEN","LOGIC_JUMP_PHRASE_REVIEW","대입하면"
"25_제일고_1학기_기말_고2_수학I::q20","archive/exams/original/high/h2/1final/25_제일고_1학기_기말_고2_대수c.js","20","H15-M1-10","⑤","⑤","1828","REVIEW","PENDING","UNFROZEN","",""
"25_제일고_1학기_기말_고2_수학I::q21","archive/exams/original/high/h2/1final/25_제일고_1학기_기말_고2_대수c.js","21","H15-M1-06","(1) $g(t)=-t^2+t$ (단, $-1 \le t \le 1$)\n(2) $\alpha$의 최솟값: $\dfrac{\pi}{8}$, $\beta$의 최댓값: $\dfrac{43\pi}{24}$\n(3) $20$","","1343","REVIEW","PENDING","UNFROZEN","",""
"25_제일고_1학기_기말_고2_수학I::q23","archive/exams/original/high/h2/1final/25_제일고_1학기_기말_고2_대수c.js","23","H15-M1-10","$a=1,\ b=2$ 또는 $a=2,\ b=1$","","592","REVIEW","PENDING","UNFROZEN","LOGIC_JUMP_PHRASE_REVIEW","대입하면"
"25_효천고_1학기_기말_고2_대수::q1","archive/exams/original/high/h2/1final/25_효천고_1학기_기말_고2_대수c.js","1","H22-A-06","④","④","273","REVIEW","PENDING","UNFROZEN","",""
"25_효천고_1학기_기말_고2_대수::q2","archive/exams/original/high/h2/1final/25_효천고_1학기_기말_고2_대수c.js","2","H22-A-06","②","②","287","REVIEW","PENDING","UNFROZEN","LOGIC_JUMP_PHRASE_REVIEW","대입하면"
"25_효천고_1학기_기말_고2_대수::q3","archive/exams/original/high/h2/1final/25_효천고_1학기_기말_고2_대수c.js","3","H22-A-07","①","①","197","REVIEW","PENDING","UNFROZEN","",""
"25_효천고_1학기_기말_고2_대수::q4","archive/exams/original/high/h2/1final/25_효천고_1학기_기말_고2_대수c.js","4","H22-A-07","②","②","304","REVIEW","PENDING","UNFROZEN","",""
"25_효천고_1학기_기말_고2_대수::q5","archive/exams/original/high/h2/1final/25_효천고_1학기_기말_고2_대수c.js","5","H22-A-05","⑤","⑤","407","REVIEW","PENDING","UNFROZEN","",""
"25_효천고_1학기_기말_고2_대수::q6","archive/exams/original/high/h2/1final/25_효천고_1학기_기말_고2_대수c.js","6","H22-A-07","③","③","309","REVIEW","PENDING","UNFROZEN","",""
"25_효천고_1학기_기말_고2_대수::q7","archive/exams/original/high/h2/1final/25_효천고_1학기_기말_고2_대수c.js","7","H22-A-07","①","①","710","REVIEW","PENDING","UNFROZEN","",""
"25_효천고_1학기_기말_고2_대수::q8","archive/exams/original/high/h2/1final/25_효천고_1학기_기말_고2_대수c.js","8","H22-A-07","②","②","434","REVIEW","PENDING","UNFROZEN","",""
"25_효천고_1학기_기말_고2_대수::q9","archive/exams/original/high/h2/1final/25_효천고_1학기_기말_고2_대수c.js","9","H22-A-05","⑤","⑤","664","REVIEW","PENDING","UNFROZEN","LOGIC_JUMP_PHRASE_REVIEW","대입하면"
"25_효천고_1학기_기말_고2_대수::q10","archive/exams/original/high/h2/1final/25_효천고_1학기_기말_고2_대수c.js","10","H22-A-07","②","②","640","REVIEW","PENDING","UNFROZEN","",""
"25_효천고_1학기_기말_고2_대수::q11","archive/exams/original/high/h2/1final/25_효천고_1학기_기말_고2_대수c.js","11","H22-A-06","③","③","786","REVIEW","PENDING","UNFROZEN","",""
"25_효천고_1학기_기말_고2_대수::q12","archive/exams/original/high/h2/1final/25_효천고_1학기_기말_고2_대수c.js","12","H22-A-01","⑤","⑤","550","REVIEW","PENDING","UNFROZEN","",""
"25_효천고_1학기_기말_고2_대수::q13","archive/exams/original/high/h2/1final/25_효천고_1학기_기말_고2_대수c.js","13","H22-A-08","④","④","777","REVIEW","PENDING","UNFROZEN","",""
"25_효천고_1학기_기말_고2_대수::q14","archive/exams/original/high/h2/1final/25_효천고_1학기_기말_고2_대수c.js","14","H22-A-05","④","④","1621","REVIEW","PENDING","UNFROZEN","",""
"25_효천고_1학기_기말_고2_대수::q15","archive/exams/original/high/h2/1final/25_효천고_1학기_기말_고2_대수c.js","15","H22-A-07","①","①","795","REVIEW","PENDING","UNFROZEN","",""
"25_효천고_1학기_기말_고2_대수::q16","archive/exams/original/high/h2/1final/25_효천고_1학기_기말_고2_대수c.js","16","H22-A-06","②","②","1515","REVIEW","PENDING","UNFROZEN","LOGIC_JUMP_PHRASE_REVIEW","대입하면"
"25_효천고_1학기_기말_고2_대수::q17","archive/exams/original/high/h2/1final/25_효천고_1학기_기말_고2_대수c.js","17","H22-A-06","①","①","903","REVIEW","PENDING","UNFROZEN","LOGIC_JUMP_PHRASE_REVIEW","대입하면"
"25_효천고_1학기_기말_고2_대수::q18","archive/exams/original/high/h2/1final/25_효천고_1학기_기말_고2_대수c.js","18","H22-A-05","①","①","2718","REVIEW","PENDING","UNFROZEN","LOGIC_JUMP_PHRASE_REVIEW","정리하면|대입하면"
"25_효천고_1학기_기말_고2_대수::q19","archive/exams/original/high/h2/1final/25_효천고_1학기_기말_고2_대수c.js","19","H22-A-08","④","④","895","REVIEW","PENDING","UNFROZEN","LOGIC_JUMP_PHRASE_REVIEW","대입하면"
"25_효천고_1학기_기말_고2_대수::q20","archive/exams/original/high/h2/1final/25_효천고_1학기_기말_고2_대수c.js","20","H22-A-06","$a_n = 2^n$","","599","REVIEW","PENDING","UNFROZEN","LOGIC_JUMP_PHRASE_REVIEW","대입하면"
"25_효천고_1학기_기말_고2_대수::q21","archive/exams/original/high/h2/1final/25_효천고_1학기_기말_고2_대수c.js","21","H22-A-05","$\dfrac{8\sqrt{7}}{7}$","","2041","REVIEW","PENDING","UNFROZEN","",""
"25_효천고_1학기_기말_고2_대수::q22","archive/exams/original/high/h2/1final/25_효천고_1학기_기말_고2_대수c.js","22","H22-A-06","$a=-\dfrac{1}{2}, b=\dfrac{1}{2}$","","1141","REVIEW","PENDING","UNFROZEN","LOGIC_JUMP_PHRASE_REVIEW","대입하면"
"25_효천고_1학기_기말_고2_대수::q23","archive/exams/original/high/h2/1final/25_효천고_1학기_기말_고2_대수c.js","23","H22-A-05","14","","2395","REVIEW","PENDING","UNFROZEN","",""
"26_금당고_1학기_기말_고2_대수::q1","archive/exams/original/high/h2/1final/26_금당고_1학기_기말_고2_대수.js","1","H22-A-04","④","④","383","REVIEW","PENDING","UNFROZEN","",""
"26_금당고_1학기_기말_고2_대수::q2","archive/exams/original/high/h2/1final/26_금당고_1학기_기말_고2_대수.js","2","H22-A-06","②","②","191","REVIEW","PENDING","UNFROZEN","",""
"26_금당고_1학기_기말_고2_대수::q3","archive/exams/original/high/h2/1final/26_금당고_1학기_기말_고2_대수.js","3","H22-A-05","③","③","251","REVIEW","PENDING","UNFROZEN","",""
"26_금당고_1학기_기말_고2_대수::q4","archive/exams/original/high/h2/1final/26_금당고_1학기_기말_고2_대수.js","4","H22-A-05","⑤","⑤","250","REVIEW","PENDING","UNFROZEN","",""
"26_금당고_1학기_기말_고2_대수::q5","archive/exams/original/high/h2/1final/26_금당고_1학기_기말_고2_대수.js","5","H22-A-04","①","①","358","REVIEW","PENDING","UNFROZEN","",""
"26_금당고_1학기_기말_고2_대수::q6","archive/exams/original/high/h2/1final/26_금당고_1학기_기말_고2_대수.js","6","H22-A-06","③","③","272","REVIEW","PENDING","UNFROZEN","",""
"26_금당고_1학기_기말_고2_대수::q7","archive/exams/original/high/h2/1final/26_금당고_1학기_기말_고2_대수.js","7","H22-A-07","④","④","240","REVIEW","PENDING","UNFROZEN","",""
"26_금당고_1학기_기말_고2_대수::q8","archive/exams/original/high/h2/1final/26_금당고_1학기_기말_고2_대수.js","8","H22-A-05","⑤","⑤","359","REVIEW","PENDING","UNFROZEN","",""
"26_금당고_1학기_기말_고2_대수::q9","archive/exams/original/high/h2/1final/26_금당고_1학기_기말_고2_대수.js","9","H22-A-05","①","①","370","REVIEW","PENDING","UNFROZEN","",""
"26_금당고_1학기_기말_고2_대수::q10","archive/exams/original/high/h2/1final/26_금당고_1학기_기말_고2_대수.js","10","H22-A-05","④","④","550","REVIEW","PENDING","UNFROZEN","",""
"26_금당고_1학기_기말_고2_대수::q11","archive/exams/original/high/h2/1final/26_금당고_1학기_기말_고2_대수.js","11","H22-A-07","③","③","439","REVIEW","PENDING","UNFROZEN","",""
"26_금당고_1학기_기말_고2_대수::q12","archive/exams/original/high/h2/1final/26_금당고_1학기_기말_고2_대수.js","12","H22-A-07","②","②","418","REVIEW","PENDING","UNFROZEN","",""
"26_금당고_1학기_기말_고2_대수::q13","archive/exams/original/high/h2/1final/26_금당고_1학기_기말_고2_대수.js","13","H22-A-06","①","①","388","REVIEW","PENDING","UNFROZEN","LOGIC_JUMP_PHRASE_REVIEW","정리하면"
"26_금당고_1학기_기말_고2_대수::q14","archive/exams/original/high/h2/1final/26_금당고_1학기_기말_고2_대수.js","14","H22-A-04","③","③","411","REVIEW","PENDING","UNFROZEN","",""
"26_금당고_1학기_기말_고2_대수::q15","archive/exams/original/high/h2/1final/26_금당고_1학기_기말_고2_대수.js","15","H22-A-05","①","①","357","REVIEW","PENDING","UNFROZEN","",""
"26_금당고_1학기_기말_고2_대수::q16","archive/exams/original/high/h2/1final/26_금당고_1학기_기말_고2_대수.js","16","H22-A-06","④","④","539","REVIEW","PENDING","UNFROZEN","",""
"26_금당고_1학기_기말_고2_대수::q17","archive/exams/original/high/h2/1final/26_금당고_1학기_기말_고2_대수.js","17","H22-A-07","⑤","⑤","718","REVIEW","PENDING","UNFROZEN","LOGIC_JUMP_PHRASE_REVIEW","대입하면"
"26_금당고_1학기_기말_고2_대수::q18","archive/exams/original/high/h2/1final/26_금당고_1학기_기말_고2_대수.js","18","H22-A-04","②","②","635","REVIEW","PENDING","UNFROZEN","",""
"26_금당고_1학기_기말_고2_대수::q19","archive/exams/original/high/h2/1final/26_금당고_1학기_기말_고2_대수.js","19","H22-A-05","⑤","⑤","698","REVIEW","PENDING","UNFROZEN","",""
"26_금당고_1학기_기말_고2_대수::q20","archive/exams/original/high/h2/1final/26_금당고_1학기_기말_고2_대수.js","20","H22-A-07","5","","629","REVIEW","PENDING","UNFROZEN","LOGIC_JUMP_PHRASE_REVIEW","정리하면"
"26_금당고_1학기_기말_고2_대수::q21","archive/exams/original/high/h2/1final/26_금당고_1학기_기말_고2_대수.js","21","H22-A-04","$(3,1),(4,1),(2,2),(1,4)$","","932","REVIEW","PENDING","UNFROZEN","",""
"26_순천고_1학기_기말_고2_대수::q1","archive/exams/original/high/h2/1final/26_순천고_1학기_기말_고2_대수.js","1","H22-A-04","①","①","295","REVIEW","PENDING","UNFROZEN","",""
"26_순천고_1학기_기말_고2_대수::q2","archive/exams/original/high/h2/1final/26_순천고_1학기_기말_고2_대수.js","2","H22-A-06","③","③","181","REVIEW","PENDING","UNFROZEN","",""
"26_순천고_1학기_기말_고2_대수::q3","archive/exams/original/high/h2/1final/26_순천고_1학기_기말_고2_대수.js","3","H22-A-06","④","④","174","REVIEW","PENDING","UNFROZEN","SHORT_SOLUTION_REVIEW",""
"26_순천고_1학기_기말_고2_대수::q4","archive/exams/original/high/h2/1final/26_순천고_1학기_기말_고2_대수.js","4","H22-A-05","⑤","⑤","206","REVIEW","PENDING","UNFROZEN","",""
"26_순천고_1학기_기말_고2_대수::q5","archive/exams/original/high/h2/1final/26_순천고_1학기_기말_고2_대수.js","5","H22-A-04","⑤","⑤","300","REVIEW","PENDING","UNFROZEN","",""
"26_순천고_1학기_기말_고2_대수::q6","archive/exams/original/high/h2/1final/26_순천고_1학기_기말_고2_대수.js","6","H22-A-05","②","②","326","REVIEW","PENDING","UNFROZEN","",""
"26_순천고_1학기_기말_고2_대수::q7","archive/exams/original/high/h2/1final/26_순천고_1학기_기말_고2_대수.js","7","H22-A-07","③","③","209","REVIEW","PENDING","UNFROZEN","",""
"26_순천고_1학기_기말_고2_대수::q8","archive/exams/original/high/h2/1final/26_순천고_1학기_기말_고2_대수.js","8","H22-A-07","②","②","333","REVIEW","PENDING","UNFROZEN","",""
"26_순천고_1학기_기말_고2_대수::q9","archive/exams/original/high/h2/1final/26_순천고_1학기_기말_고2_대수.js","9","H22-A-05","①","①","382","REVIEW","PENDING","UNFROZEN","",""
"26_순천고_1학기_기말_고2_대수::q10","archive/exams/original/high/h2/1final/26_순천고_1학기_기말_고2_대수.js","10","H22-A-07","②","②","262","REVIEW","PENDING","UNFROZEN","",""
"26_순천고_1학기_기말_고2_대수::q11","archive/exams/original/high/h2/1final/26_순천고_1학기_기말_고2_대수.js","11","H22-A-05","⑤","⑤","489","REVIEW","PENDING","UNFROZEN","",""
"26_순천고_1학기_기말_고2_대수::q12","archive/exams/original/high/h2/1final/26_순천고_1학기_기말_고2_대수.js","12","H22-A-04","③","③","415","REVIEW","PENDING","UNFROZEN","",""
"26_순천고_1학기_기말_고2_대수::q13","archive/exams/original/high/h2/1final/26_순천고_1학기_기말_고2_대수.js","13","H22-A-07","④","④","452","REVIEW","PENDING","UNFROZEN","",""
"26_순천고_1학기_기말_고2_대수::q14","archive/exams/original/high/h2/1final/26_순천고_1학기_기말_고2_대수.js","14","H22-A-07","⑤","⑤","329","REVIEW","PENDING","UNFROZEN","",""
"26_순천고_1학기_기말_고2_대수::q15","archive/exams/original/high/h2/1final/26_순천고_1학기_기말_고2_대수.js","15","H22-A-04","②","②","591","REVIEW","PENDING","UNFROZEN","",""
"26_순천고_1학기_기말_고2_대수::q16","archive/exams/original/high/h2/1final/26_순천고_1학기_기말_고2_대수.js","16","H22-A-07","①","①","333","REVIEW","PENDING","UNFROZEN","",""
"26_순천고_1학기_기말_고2_대수::q17","archive/exams/original/high/h2/1final/26_순천고_1학기_기말_고2_대수.js","17","H22-A-04","①","①","444","REVIEW","PENDING","UNFROZEN","",""
"26_순천고_1학기_기말_고2_대수::q18","archive/exams/original/high/h2/1final/26_순천고_1학기_기말_고2_대수.js","18","H22-A-05","①","①","630","REVIEW","PENDING","UNFROZEN","",""
"26_순천고_1학기_기말_고2_대수::q19","archive/exams/original/high/h2/1final/26_순천고_1학기_기말_고2_대수.js","19","H22-A-06","④","④","376","REVIEW","PENDING","UNFROZEN","",""
"26_순천고_1학기_기말_고2_대수::q20","archive/exams/original/high/h2/1final/26_순천고_1학기_기말_고2_대수.js","20","H22-A-08","③","③","432","REVIEW","PENDING","UNFROZEN","",""
"26_순천고_1학기_기말_고2_대수::q21","archive/exams/original/high/h2/1final/26_순천고_1학기_기말_고2_대수.js","21","H22-A-07","$5$","","390","REVIEW","PENDING","UNFROZEN","",""
"26_순천고_1학기_기말_고2_대수::q22","archive/exams/original/high/h2/1final/26_순천고_1학기_기말_고2_대수.js","22","H22-A-04","$\left[0,\dfrac\pi3\right]\cup\{\pi\}\cup\left[\dfrac{5\pi}{3},\dfrac{7\pi}{3}\right]\cup\{3\pi\}$","","599","REVIEW","PENDING","UNFROZEN","LOGIC_JUMP_PHRASE_REVIEW","대입하면"
"26_순천고_1학기_기말_고2_대수::q23","archive/exams/original/high/h2/1final/26_순천고_1학기_기말_고2_대수.js","23","H22-A-05","$\dfrac{\sqrt2}{3}$","","536","REVIEW","PENDING","UNFROZEN","",""
"26_순천고_1학기_기말_고2_대수::q24","archive/exams/original/high/h2/1final/26_순천고_1학기_기말_고2_대수.js","24","H22-A-08","증명","","432","REVIEW","PENDING","UNFROZEN","LOGIC_JUMP_PHRASE_REVIEW","대입하면"
"26_제일고_1학기_기말_고2_대수::q1","archive/exams/original/high/h2/1final/26_제일고_1학기_기말_고2_대수.js","1","H22-A-05","④","④","238","REVIEW","PENDING","UNFROZEN","",""
"26_제일고_1학기_기말_고2_대수::q2","archive/exams/original/high/h2/1final/26_제일고_1학기_기말_고2_대수.js","2","H22-A-06","③","③","172","REVIEW","PENDING","UNFROZEN","SHORT_SOLUTION_REVIEW",""
"26_제일고_1학기_기말_고2_대수::q3","archive/exams/original/high/h2/1final/26_제일고_1학기_기말_고2_대수.js","3","H22-A-07","②","②","312","REVIEW","PENDING","UNFROZEN","",""
"26_제일고_1학기_기말_고2_대수::q4","archive/exams/original/high/h2/1final/26_제일고_1학기_기말_고2_대수.js","4","H22-A-07","⑤","⑤","376","REVIEW","PENDING","UNFROZEN","",""
"26_제일고_1학기_기말_고2_대수::q5","archive/exams/original/high/h2/1final/26_제일고_1학기_기말_고2_대수.js","5","H22-A-06","④","④","400","REVIEW","PENDING","UNFROZEN","",""
"26_제일고_1학기_기말_고2_대수::q6","archive/exams/original/high/h2/1final/26_제일고_1학기_기말_고2_대수.js","6","H22-A-07","④","④","324","REVIEW","PENDING","UNFROZEN","LOGIC_JUMP_PHRASE_REVIEW","정리하면"
"26_제일고_1학기_기말_고2_대수::q7","archive/exams/original/high/h2/1final/26_제일고_1학기_기말_고2_대수.js","7","H22-A-05","⑤","⑤","336","REVIEW","PENDING","UNFROZEN","",""
"26_제일고_1학기_기말_고2_대수::q8","archive/exams/original/high/h2/1final/26_제일고_1학기_기말_고2_대수.js","8","H22-A-06","②","②","304","REVIEW","PENDING","UNFROZEN","",""
"26_제일고_1학기_기말_고2_대수::q9","archive/exams/original/high/h2/1final/26_제일고_1학기_기말_고2_대수.js","9","H22-A-06","①","①","239","REVIEW","PENDING","UNFROZEN","",""
"26_제일고_1학기_기말_고2_대수::q10","archive/exams/original/high/h2/1final/26_제일고_1학기_기말_고2_대수.js","10","H22-A-07","③","③","279","REVIEW","PENDING","UNFROZEN","",""
"26_제일고_1학기_기말_고2_대수::q11","archive/exams/original/high/h2/1final/26_제일고_1학기_기말_고2_대수.js","11","H22-A-07","①","①","407","REVIEW","PENDING","UNFROZEN","",""
"26_제일고_1학기_기말_고2_대수::q12","archive/exams/original/high/h2/1final/26_제일고_1학기_기말_고2_대수.js","12","H22-A-05","②","②","369","REVIEW","PENDING","UNFROZEN","",""
"26_제일고_1학기_기말_고2_대수::q13","archive/exams/original/high/h2/1final/26_제일고_1학기_기말_고2_대수.js","13","H22-A-05","⑤","⑤","513","REVIEW","PENDING","UNFROZEN","",""
"26_제일고_1학기_기말_고2_대수::q14","archive/exams/original/high/h2/1final/26_제일고_1학기_기말_고2_대수.js","14","H22-A-06","①","①","312","REVIEW","PENDING","UNFROZEN","",""
"26_제일고_1학기_기말_고2_대수::q15","archive/exams/original/high/h2/1final/26_제일고_1학기_기말_고2_대수.js","15","H22-A-07","③","③","455","REVIEW","PENDING","UNFROZEN","LOGIC_JUMP_PHRASE_REVIEW","대입하면"
"26_제일고_1학기_기말_고2_대수::q16","archive/exams/original/high/h2/1final/26_제일고_1학기_기말_고2_대수.js","16","H22-A-05","②","②","672","REVIEW","PENDING","UNFROZEN","LOGIC_JUMP_PHRASE_REVIEW","대입하면"
"26_제일고_1학기_기말_고2_대수::q17","archive/exams/original/high/h2/1final/26_제일고_1학기_기말_고2_대수.js","17","H22-A-05","①","①","559","REVIEW","PENDING","UNFROZEN","",""
"26_제일고_1학기_기말_고2_대수::q18","archive/exams/original/high/h2/1final/26_제일고_1학기_기말_고2_대수.js","18","H22-A-08","③","③","439","REVIEW","PENDING","UNFROZEN","",""
"26_제일고_1학기_기말_고2_대수::q20","archive/exams/original/high/h2/1final/26_제일고_1학기_기말_고2_대수.js","20","H22-A-07","$186$","","457","REVIEW","PENDING","UNFROZEN","",""
"26_제일고_1학기_기말_고2_대수::q21","archive/exams/original/high/h2/1final/26_제일고_1학기_기말_고2_대수.js","21","H22-A-08","증명","","437","REVIEW","PENDING","UNFROZEN","",""
"26_팔마고_1학기_기말_고2_대수::q1","archive/exams/original/high/h2/1final/26_팔마고_1학기_기말_고2_대수.js","1","H22-A-07","④","④","282","REVIEW","PENDING","UNFROZEN","",""
"26_팔마고_1학기_기말_고2_대수::q2","archive/exams/original/high/h2/1final/26_팔마고_1학기_기말_고2_대수.js","2","H22-A-05","①","①","283","REVIEW","PENDING","UNFROZEN","",""
"26_팔마고_1학기_기말_고2_대수::q3","archive/exams/original/high/h2/1final/26_팔마고_1학기_기말_고2_대수.js","3","H22-A-06","②","②","259","REVIEW","PENDING","UNFROZEN","",""
"26_팔마고_1학기_기말_고2_대수::q4","archive/exams/original/high/h2/1final/26_팔마고_1학기_기말_고2_대수.js","4","H22-A-06","③","③","301","REVIEW","PENDING","UNFROZEN","",""
"26_팔마고_1학기_기말_고2_대수::q5","archive/exams/original/high/h2/1final/26_팔마고_1학기_기말_고2_대수.js","5","H22-A-08","⑤","⑤","381","REVIEW","PENDING","UNFROZEN","",""
"26_팔마고_1학기_기말_고2_대수::q6","archive/exams/original/high/h2/1final/26_팔마고_1학기_기말_고2_대수.js","6","H22-A-07","④","④","301","REVIEW","PENDING","UNFROZEN","",""
"26_팔마고_1학기_기말_고2_대수::q7","archive/exams/original/high/h2/1final/26_팔마고_1학기_기말_고2_대수.js","7","H22-A-06","⑤","⑤","291","REVIEW","PENDING","UNFROZEN","",""
"26_팔마고_1학기_기말_고2_대수::q8","archive/exams/original/high/h2/1final/26_팔마고_1학기_기말_고2_대수.js","8","H22-A-07","①","①","437","REVIEW","PENDING","UNFROZEN","",""
"26_팔마고_1학기_기말_고2_대수::q9","archive/exams/original/high/h2/1final/26_팔마고_1학기_기말_고2_대수.js","9","H22-A-06","③","③","383","REVIEW","PENDING","UNFROZEN","LOGIC_JUMP_PHRASE_REVIEW","대입하면"
"26_팔마고_1학기_기말_고2_대수::q10","archive/exams/original/high/h2/1final/26_팔마고_1학기_기말_고2_대수.js","10","H22-A-05","③","③","287","REVIEW","PENDING","UNFROZEN","",""
"26_팔마고_1학기_기말_고2_대수::q11","archive/exams/original/high/h2/1final/26_팔마고_1학기_기말_고2_대수.js","11","H22-A-07","②","②","425","REVIEW","PENDING","UNFROZEN","",""
"26_팔마고_1학기_기말_고2_대수::q12","archive/exams/original/high/h2/1final/26_팔마고_1학기_기말_고2_대수.js","12","H22-A-08","②","②","670","REVIEW","PENDING","UNFROZEN","",""
"26_팔마고_1학기_기말_고2_대수::q13","archive/exams/original/high/h2/1final/26_팔마고_1학기_기말_고2_대수.js","13","H22-A-05","②","②","389","REVIEW","PENDING","UNFROZEN","",""
"26_팔마고_1학기_기말_고2_대수::q14","archive/exams/original/high/h2/1final/26_팔마고_1학기_기말_고2_대수.js","14","H22-A-06","④","④","426","REVIEW","PENDING","UNFROZEN","",""
"26_팔마고_1학기_기말_고2_대수::q15","archive/exams/original/high/h2/1final/26_팔마고_1학기_기말_고2_대수.js","15","H22-A-07","$2356$","","297","REVIEW","PENDING","UNFROZEN","",""
"26_팔마고_1학기_기말_고2_대수::q16","archive/exams/original/high/h2/1final/26_팔마고_1학기_기말_고2_대수.js","16","H22-A-06","$64$","","628","REVIEW","PENDING","UNFROZEN","",""
"26_팔마고_1학기_기말_고2_대수::q17","archive/exams/original/high/h2/1final/26_팔마고_1학기_기말_고2_대수.js","17","H22-A-05","$\dfrac{3\sqrt3}{4}$","","756","REVIEW","PENDING","UNFROZEN","",""
"26_팔마고_1학기_기말_고2_대수::q18","archive/exams/original/high/h2/1final/26_팔마고_1학기_기말_고2_대수.js","18","H22-A-06","$19$","","566","REVIEW","PENDING","UNFROZEN","LOGIC_JUMP_PHRASE_REVIEW","대입하면"
"26_팔마고_1학기_기말_고2_대수::q19","archive/exams/original/high/h2/1final/26_팔마고_1학기_기말_고2_대수.js","19","H22-A-08","증명","","521","REVIEW","PENDING","UNFROZEN","",""
"26_팔마고_1학기_기말_고2_대수::q20","archive/exams/original/high/h2/1final/26_팔마고_1학기_기말_고2_대수.js","20","H22-A-07","$12$","","879","REVIEW","PENDING","UNFROZEN","",""
"26_팔마고_1학기_기말_고2_대수::q21","archive/exams/original/high/h2/1final/26_팔마고_1학기_기말_고2_대수.js","21","H22-A-05","$\dfrac{180\pi}{11}$","","959","REVIEW","PENDING","UNFROZEN","",""
"26_효천고_1학기_기말_고2_대수::q1","archive/exams/original/high/h2/1final/26_효천고_1학기_기말_고2_대수.js","1","H22-A-04","③","③","234","REVIEW","PENDING","UNFROZEN","",""
"26_효천고_1학기_기말_고2_대수::q2","archive/exams/original/high/h2/1final/26_효천고_1학기_기말_고2_대수.js","2","H22-A-04","①","","376","FAIL","PENDING","UNFROZEN","CONCLUSION_MISSING",""
"26_효천고_1학기_기말_고2_대수::q3","archive/exams/original/high/h2/1final/26_효천고_1학기_기말_고2_대수.js","3","H22-A-05","②","②","252","REVIEW","PENDING","UNFROZEN","",""
"26_효천고_1학기_기말_고2_대수::q4","archive/exams/original/high/h2/1final/26_효천고_1학기_기말_고2_대수.js","4","H22-A-06","②","②","208","REVIEW","PENDING","UNFROZEN","",""
"26_효천고_1학기_기말_고2_대수::q5","archive/exams/original/high/h2/1final/26_효천고_1학기_기말_고2_대수.js","5","H22-A-07","⑤","⑤","306","REVIEW","PENDING","UNFROZEN","",""
"26_효천고_1학기_기말_고2_대수::q6","archive/exams/original/high/h2/1final/26_효천고_1학기_기말_고2_대수.js","6","H22-A-04","①","①","584","REVIEW","PENDING","UNFROZEN","",""
"26_효천고_1학기_기말_고2_대수::q7","archive/exams/original/high/h2/1final/26_효천고_1학기_기말_고2_대수.js","7","H22-A-07","④","④","280","REVIEW","PENDING","UNFROZEN","",""
"26_효천고_1학기_기말_고2_대수::q8","archive/exams/original/high/h2/1final/26_효천고_1학기_기말_고2_대수.js","8","H22-A-06","①","①","339","REVIEW","PENDING","UNFROZEN","",""
"26_효천고_1학기_기말_고2_대수::q9","archive/exams/original/high/h2/1final/26_효천고_1학기_기말_고2_대수.js","9","H22-A-04","②","②","415","REVIEW","PENDING","UNFROZEN","LOGIC_JUMP_PHRASE_REVIEW","대입하면"
"26_효천고_1학기_기말_고2_대수::q10","archive/exams/original/high/h2/1final/26_효천고_1학기_기말_고2_대수.js","10","H22-A-04","①","①","595","REVIEW","PENDING","UNFROZEN","",""
"26_효천고_1학기_기말_고2_대수::q11","archive/exams/original/high/h2/1final/26_효천고_1학기_기말_고2_대수.js","11","H22-A-06","②","②","359","REVIEW","PENDING","UNFROZEN","",""
"26_효천고_1학기_기말_고2_대수::q12","archive/exams/original/high/h2/1final/26_효천고_1학기_기말_고2_대수.js","12","H22-A-04","⑤","⑤","413","REVIEW","PENDING","UNFROZEN","",""
"26_효천고_1학기_기말_고2_대수::q13","archive/exams/original/high/h2/1final/26_효천고_1학기_기말_고2_대수.js","13","H22-A-07","④","④","427","REVIEW","PENDING","UNFROZEN","",""
"26_효천고_1학기_기말_고2_대수::q14","archive/exams/original/high/h2/1final/26_효천고_1학기_기말_고2_대수.js","14","H22-A-05","④","④","649","REVIEW","PENDING","UNFROZEN","",""
"26_효천고_1학기_기말_고2_대수::q15","archive/exams/original/high/h2/1final/26_효천고_1학기_기말_고2_대수.js","15","H22-A-05","③","③","665","REVIEW","PENDING","UNFROZEN","",""
"26_효천고_1학기_기말_고2_대수::q16","archive/exams/original/high/h2/1final/26_효천고_1학기_기말_고2_대수.js","16","H22-A-06","⑤","⑤","530","REVIEW","PENDING","UNFROZEN","",""
"26_효천고_1학기_기말_고2_대수::q17","archive/exams/original/high/h2/1final/26_효천고_1학기_기말_고2_대수.js","17","H22-A-06","③","③","848","REVIEW","PENDING","UNFROZEN","",""
"26_효천고_1학기_기말_고2_대수::q18","archive/exams/original/high/h2/1final/26_효천고_1학기_기말_고2_대수.js","18","H22-A-06","$a_n=2^{n-1}$","","264","REVIEW","PENDING","UNFROZEN","",""
"26_효천고_1학기_기말_고2_대수::q19","archive/exams/original/high/h2/1final/26_효천고_1학기_기말_고2_대수.js","19","H22-A-08","$13$","","203","REVIEW","PENDING","UNFROZEN","",""
"26_효천고_1학기_기말_고2_대수::q20","archive/exams/original/high/h2/1final/26_효천고_1학기_기말_고2_대수.js","20","H22-A-04","$\dfrac{\sqrt7}{2}$","","454","REVIEW","PENDING","UNFROZEN","",""
"26_효천고_1학기_기말_고2_대수::q21","archive/exams/original/high/h2/1final/26_효천고_1학기_기말_고2_대수.js","21","H22-A-04","$4$","","313","REVIEW","PENDING","UNFROZEN","",""
"26_효천고_1학기_기말_고2_대수::q22","archive/exams/original/high/h2/1final/26_효천고_1학기_기말_고2_대수.js","22","H22-A-05","$\dfrac{9\sqrt7}{14}$","","591","REVIEW","PENDING","UNFROZEN","",""
"26_효천고_1학기_기말_고2_대수::q23","archive/exams/original/high/h2/1final/26_효천고_1학기_기말_고2_대수.js","23","H22-A-08","$58$","","524","REVIEW","PENDING","UNFROZEN","",""
"23_부영여고_1학기_중간_고2_대수::q1","archive/exams/original/high/h2/1mid/23_부영여고_1학기_중간_고2_대수.js","1","H22-A-01","④","","381","FAIL","PENDING","UNFROZEN","CONCLUSION_MISSING",""
"23_부영여고_1학기_중간_고2_대수::q2","archive/exams/original/high/h2/1mid/23_부영여고_1학기_중간_고2_대수.js","2","H22-A-01","②","","382","FAIL","PENDING","UNFROZEN","CONCLUSION_MISSING",""
"23_부영여고_1학기_중간_고2_대수::q3","archive/exams/original/high/h2/1mid/23_부영여고_1학기_중간_고2_대수.js","3","H22-A-02","④","","357","FAIL","PENDING","UNFROZEN","CONCLUSION_MISSING",""
"23_부영여고_1학기_중간_고2_대수::q4","archive/exams/original/high/h2/1mid/23_부영여고_1학기_중간_고2_대수.js","4","H22-A-01","⑤","","391","FAIL","PENDING","UNFROZEN","CONCLUSION_MISSING",""
"23_부영여고_1학기_중간_고2_대수::q5","archive/exams/original/high/h2/1mid/23_부영여고_1학기_중간_고2_대수.js","5","H22-A-04","④","","351","FAIL","PENDING","UNFROZEN","CONCLUSION_MISSING",""
"23_부영여고_1학기_중간_고2_대수::q6","archive/exams/original/high/h2/1mid/23_부영여고_1학기_중간_고2_대수.js","6","H22-A-04","①","","278","FAIL","PENDING","UNFROZEN","CONCLUSION_MISSING",""
"23_부영여고_1학기_중간_고2_대수::q7","archive/exams/original/high/h2/1mid/23_부영여고_1학기_중간_고2_대수.js","7","H22-A-01","④","","261","FAIL","PENDING","UNFROZEN","CONCLUSION_MISSING",""
"23_부영여고_1학기_중간_고2_대수::q8","archive/exams/original/high/h2/1mid/23_부영여고_1학기_중간_고2_대수.js","8","H22-A-01","②","","304","FAIL","PENDING","UNFROZEN","CONCLUSION_MISSING",""
"23_부영여고_1학기_중간_고2_대수::q9","archive/exams/original/high/h2/1mid/23_부영여고_1학기_중간_고2_대수.js","9","H22-A-01","③","","240","FAIL","PENDING","UNFROZEN","CONCLUSION_MISSING",""
"23_부영여고_1학기_중간_고2_대수::q10","archive/exams/original/high/h2/1mid/23_부영여고_1학기_중간_고2_대수.js","10","H22-A-01","②","","342","FAIL","PENDING","UNFROZEN","CONCLUSION_MISSING",""
"23_부영여고_1학기_중간_고2_대수::q11","archive/exams/original/high/h2/1mid/23_부영여고_1학기_중간_고2_대수.js","11","H22-A-03","④","","289","FAIL","PENDING","UNFROZEN","CONCLUSION_MISSING",""
"23_부영여고_1학기_중간_고2_대수::q14","archive/exams/original/high/h2/1mid/23_부영여고_1학기_중간_고2_대수.js","14","H22-A-01","②","","323","FAIL","PENDING","UNFROZEN","CONCLUSION_MISSING",""
"23_부영여고_1학기_중간_고2_대수::q15","archive/exams/original/high/h2/1mid/23_부영여고_1학기_중간_고2_대수.js","15","H22-A-03","⑤","","297","FAIL","PENDING","UNFROZEN","CONCLUSION_MISSING",""
"23_부영여고_1학기_중간_고2_대수::q17","archive/exams/original/high/h2/1mid/23_부영여고_1학기_중간_고2_대수.js","17","H22-A-01","③","","369","FAIL","PENDING","UNFROZEN","CONCLUSION_MISSING",""
"23_부영여고_1학기_중간_고2_대수::q20","archive/exams/original/high/h2/1mid/23_부영여고_1학기_중간_고2_대수.js","20","H22-A-01","27/2","","514","FAIL","PENDING","UNFROZEN","CONCLUSION_MISSING",""
"23_부영여고_1학기_중간_고2_대수::q21","archive/exams/original/high/h2/1mid/23_부영여고_1학기_중간_고2_대수.js","21","H22-A-01","a=1, b=4","","369","FAIL","PENDING","UNFROZEN","CONCLUSION_MISSING",""
"23_중앙여고_1학기_중간_고2_대수::q1","archive/exams/original/high/h2/1mid/23_중앙여고_1학기_중간_고2_대수.js","1","H22-A-01","④","","532","FAIL","PENDING","UNFROZEN","CONCLUSION_MISSING",""
"23_중앙여고_1학기_중간_고2_대수::q2","archive/exams/original/high/h2/1mid/23_중앙여고_1학기_중간_고2_대수.js","2","H22-A-01","④","","518","FAIL","PENDING","UNFROZEN","CONCLUSION_MISSING",""
"23_중앙여고_1학기_중간_고2_대수::q3","archive/exams/original/high/h2/1mid/23_중앙여고_1학기_중간_고2_대수.js","3","H22-A-01","①","","578","FAIL","PENDING","UNFROZEN","CONCLUSION_MISSING",""
"23_중앙여고_1학기_중간_고2_대수::q4","archive/exams/original/high/h2/1mid/23_중앙여고_1학기_중간_고2_대수.js","4","H22-A-01","①","","717","FAIL","PENDING","UNFROZEN","CONCLUSION_MISSING",""
"23_중앙여고_1학기_중간_고2_대수::q5","archive/exams/original/high/h2/1mid/23_중앙여고_1학기_중간_고2_대수.js","5","H22-A-01","9, -3 < k < 0","","802","FAIL","PENDING","UNFROZEN","CONCLUSION_MISSING",""
"23_한영고_1학기_중간_고2_대수::q1","archive/exams/original/high/h2/1mid/23_한영고_1학기_중간_고2_대수.js","1","H22-A-01","①","","291","FAIL","PENDING","UNFROZEN","CONCLUSION_MISSING",""
"23_한영고_1학기_중간_고2_대수::q2","archive/exams/original/high/h2/1mid/23_한영고_1학기_중간_고2_대수.js","2","H22-A-01","②","","343","FAIL","PENDING","UNFROZEN","CONCLUSION_MISSING",""
"23_한영고_1학기_중간_고2_대수::q3","archive/exams/original/high/h2/1mid/23_한영고_1학기_중간_고2_대수.js","3","H22-A-03","⑤","","430","FAIL","PENDING","UNFROZEN","CONCLUSION_MISSING",""
"23_한영고_1학기_중간_고2_대수::q4","archive/exams/original/high/h2/1mid/23_한영고_1학기_중간_고2_대수.js","4","H22-A-04","④","","228","FAIL","PENDING","UNFROZEN","CONCLUSION_MISSING",""
"23_한영고_1학기_중간_고2_대수::q5","archive/exams/original/high/h2/1mid/23_한영고_1학기_중간_고2_대수.js","5","H22-A-01","③","","388","FAIL","PENDING","UNFROZEN","CONCLUSION_MISSING",""
"23_한영고_1학기_중간_고2_대수::q6","archive/exams/original/high/h2/1mid/23_한영고_1학기_중간_고2_대수.js","6","H22-A-01","③","","318","FAIL","PENDING","UNFROZEN","CONCLUSION_MISSING",""
"23_한영고_1학기_중간_고2_대수::q7","archive/exams/original/high/h2/1mid/23_한영고_1학기_중간_고2_대수.js","7","H22-A-04","④","","216","FAIL","PENDING","UNFROZEN","CONCLUSION_MISSING",""
"23_한영고_1학기_중간_고2_대수::q8","archive/exams/original/high/h2/1mid/23_한영고_1학기_중간_고2_대수.js","8","H22-A-04","⑤","","525","FAIL","PENDING","UNFROZEN","CONCLUSION_MISSING",""
"23_한영고_1학기_중간_고2_대수::q9","archive/exams/original/high/h2/1mid/23_한영고_1학기_중간_고2_대수.js","9","H22-A-01","④","","374","FAIL","PENDING","UNFROZEN","CONCLUSION_MISSING",""
"23_한영고_1학기_중간_고2_대수::q10","archive/exams/original/high/h2/1mid/23_한영고_1학기_중간_고2_대수.js","10","H22-A-04","④","","513","FAIL","PENDING","UNFROZEN","CONCLUSION_MISSING",""
"23_한영고_1학기_중간_고2_대수::q11","archive/exams/original/high/h2/1mid/23_한영고_1학기_중간_고2_대수.js","11","H22-A-01","①","","478","FAIL","PENDING","UNFROZEN","CONCLUSION_MISSING",""
"23_한영고_1학기_중간_고2_대수::q12","archive/exams/original/high/h2/1mid/23_한영고_1학기_중간_고2_대수.js","12","H22-A-02","③","","295","FAIL","PENDING","UNFROZEN","CONCLUSION_MISSING",""
"23_한영고_1학기_중간_고2_대수::q13","archive/exams/original/high/h2/1mid/23_한영고_1학기_중간_고2_대수.js","13","H22-A-04","③","","526","FAIL","PENDING","UNFROZEN","CONCLUSION_MISSING",""
"23_한영고_1학기_중간_고2_대수::q14","archive/exams/original/high/h2/1mid/23_한영고_1학기_중간_고2_대수.js","14","H22-A-03","①","","618","FAIL","PENDING","UNFROZEN","CONCLUSION_MISSING",""
"23_한영고_1학기_중간_고2_대수::q15","archive/exams/original/high/h2/1mid/23_한영고_1학기_중간_고2_대수.js","15","H22-A-01","$\sqrt[4]{8}$","","266","FAIL","PENDING","UNFROZEN","CONCLUSION_MISSING",""
"23_한영고_1학기_중간_고2_대수::q17","archive/exams/original/high/h2/1mid/23_한영고_1학기_중간_고2_대수.js","17","H22-A-01","60","","579","FAIL","PENDING","UNFROZEN","CONCLUSION_MISSING",""
"23_한영고_1학기_중간_고2_대수::q18","archive/exams/original/high/h2/1mid/23_한영고_1학기_중간_고2_대수.js","18","H22-A-01","175","","580","FAIL","PENDING","UNFROZEN","CONCLUSION_MISSING",""
"23_한영고_1학기_중간_고2_대수::q20","archive/exams/original/high/h2/1mid/23_한영고_1학기_중간_고2_대수.js","20","H22-A-01","(1) $I_n = A(0.97)^n, \ (2) 369\text{lx}$","","478","FAIL","PENDING","UNFROZEN","CONCLUSION_MISSING",""
"23_한영고_1학기_중간_고2_대수::q21","archive/exams/original/high/h2/1mid/23_한영고_1학기_중간_고2_대수.js","21","H22-A-03","$964$","","491","FAIL","PENDING","UNFROZEN","CONCLUSION_MISSING",""
"24_금당고_1학기_중간_고2_대수::q1","archive/exams/original/high/h2/1mid/24_금당고_1학기_중간_고2_대수.js","1","H22-A-01","②","","43","FAIL","PENDING","UNFROZEN","CONCLUSION_MISSING|SHORT_SOLUTION_REVIEW",""
"24_금당고_1학기_중간_고2_대수::q2","archive/exams/original/high/h2/1mid/24_금당고_1학기_중간_고2_대수.js","2","H22-A-01","⑤","","106","FAIL","PENDING","UNFROZEN","CONCLUSION_MISSING|SHORT_SOLUTION_REVIEW",""
"24_금당고_1학기_중간_고2_대수::q3","archive/exams/original/high/h2/1mid/24_금당고_1학기_중간_고2_대수.js","3","H22-A-01","⑤","","88","FAIL","PENDING","UNFROZEN","CONCLUSION_MISSING|SHORT_SOLUTION_REVIEW",""
"24_금당고_1학기_중간_고2_대수::q4","archive/exams/original/high/h2/1mid/24_금당고_1학기_중간_고2_대수.js","4","H22-A-01","④","","116","FAIL","PENDING","UNFROZEN","CONCLUSION_MISSING|SHORT_SOLUTION_REVIEW",""
"24_금당고_1학기_중간_고2_대수::q5","archive/exams/original/high/h2/1mid/24_금당고_1학기_중간_고2_대수.js","5","H22-A-04","⑤","","97","FAIL","PENDING","UNFROZEN","CONCLUSION_MISSING|SHORT_SOLUTION_REVIEW",""
"24_금당고_1학기_중간_고2_대수::q6","archive/exams/original/high/h2/1mid/24_금당고_1학기_중간_고2_대수.js","6","H22-A-04","①","","208","FAIL","PENDING","UNFROZEN","CONCLUSION_MISSING",""
"24_금당고_1학기_중간_고2_대수::q7","archive/exams/original/high/h2/1mid/24_금당고_1학기_중간_고2_대수.js","7","H22-A-01","②","","186","FAIL","PENDING","UNFROZEN","CONCLUSION_MISSING",""
"24_금당고_1학기_중간_고2_대수::q8","archive/exams/original/high/h2/1mid/24_금당고_1학기_중간_고2_대수.js","8","H22-A-04","③","","268","FAIL","PENDING","UNFROZEN","CONCLUSION_MISSING|LOGIC_JUMP_PHRASE_REVIEW","대입하면"
"24_금당고_1학기_중간_고2_대수::q11","archive/exams/original/high/h2/1mid/24_금당고_1학기_중간_고2_대수.js","11","H22-A-01","④","","253","FAIL","PENDING","UNFROZEN","CONCLUSION_MISSING",""
"24_금당고_1학기_중간_고2_대수::q12","archive/exams/original/high/h2/1mid/24_금당고_1학기_중간_고2_대수.js","12","H22-A-01","①","①","301","REVIEW","PENDING","UNFROZEN","",""
"24_금당고_1학기_중간_고2_대수::q13","archive/exams/original/high/h2/1mid/24_금당고_1학기_중간_고2_대수.js","13","H22-A-03","③","","259","FAIL","PENDING","UNFROZEN","CONCLUSION_MISSING",""
"24_금당고_1학기_중간_고2_대수::q16","archive/exams/original/high/h2/1mid/24_금당고_1학기_중간_고2_대수.js","16","H22-A-02","④","","2433","FAIL","PENDING","UNFROZEN","CONCLUSION_MISSING",""
"24_금당고_1학기_중간_고2_대수::q17","archive/exams/original/high/h2/1mid/24_금당고_1학기_중간_고2_대수.js","17","H22-A-04","④","","1877","FAIL","PENDING","UNFROZEN","CONCLUSION_MISSING",""
"24_금당고_1학기_중간_고2_대수::q18","archive/exams/original/high/h2/1mid/24_금당고_1학기_중간_고2_대수.js","18","H22-A-03","\frac{5}{8}","","286","REVIEW","PENDING","UNFROZEN","",""
"24_금당고_1학기_중간_고2_대수::q19","archive/exams/original/high/h2/1mid/24_금당고_1학기_중간_고2_대수.js","19","H22-A-04","3<t<9","","2183","REVIEW","PENDING","UNFROZEN","",""
"24_금당고_1학기_중간_고2_대수::q20","archive/exams/original/high/h2/1mid/24_금당고_1학기_중간_고2_대수.js","20","H22-A-01","4","","383","REVIEW","PENDING","UNFROZEN","",""
"24_금당고_1학기_중간_고2_대수::q21","archive/exams/original/high/h2/1mid/24_금당고_1학기_중간_고2_대수.js","21","H22-A-02","\left(\frac{27}{4}\right)^{\frac{4}{5}}","","2087","REVIEW","PENDING","UNFROZEN","LOGIC_JUMP_PHRASE_REVIEW","정리하면"
"25_매산고_1학기_중간_고2_대수::q1","archive/exams/original/high/h2/1mid/25_매산고_1학기_중간_고2_대수.js","1","H15-M1-05","④","④","203","REVIEW","PENDING","UNFROZEN","",""
"25_매산고_1학기_중간_고2_대수::q2","archive/exams/original/high/h2/1mid/25_매산고_1학기_중간_고2_대수.js","2","H15-M1-01","⑤","⑤","310","REVIEW","PENDING","UNFROZEN","",""
"25_매산고_1학기_중간_고2_대수::q3","archive/exams/original/high/h2/1mid/25_매산고_1학기_중간_고2_대수.js","3","H15-M1-07","④","④","416","REVIEW","PENDING","UNFROZEN","",""
"25_매산고_1학기_중간_고2_대수::q4","archive/exams/original/high/h2/1mid/25_매산고_1학기_중간_고2_대수.js","4","H15-M1-02","②","②","399","REVIEW","PENDING","UNFROZEN","",""
"25_매산고_1학기_중간_고2_대수::q5","archive/exams/original/high/h2/1mid/25_매산고_1학기_중간_고2_대수.js","5","H15-M1-05","①","①","554","REVIEW","PENDING","UNFROZEN","LOGIC_JUMP_PHRASE_REVIEW","정리하면|대입하면"
"25_매산고_1학기_중간_고2_대수::q6","archive/exams/original/high/h2/1mid/25_매산고_1학기_중간_고2_대수.js","6","H15-M1-01","④","④","403","REVIEW","PENDING","UNFROZEN","",""
"25_매산고_1학기_중간_고2_대수::q7","archive/exams/original/high/h2/1mid/25_매산고_1학기_중간_고2_대수.js","7","H15-M1-02","④","④","501","REVIEW","PENDING","UNFROZEN","LOGIC_JUMP_PHRASE_REVIEW","대입하면"
"25_매산고_1학기_중간_고2_대수::q8","archive/exams/original/high/h2/1mid/25_매산고_1학기_중간_고2_대수.js","8","H15-M1-02","②","②","419","REVIEW","PENDING","UNFROZEN","",""
"25_매산고_1학기_중간_고2_대수::q9","archive/exams/original/high/h2/1mid/25_매산고_1학기_중간_고2_대수.js","9","H15-M1-02","⑤","⑤","649","REVIEW","PENDING","UNFROZEN","",""
"25_매산고_1학기_중간_고2_대수::q10","archive/exams/original/high/h2/1mid/25_매산고_1학기_중간_고2_대수.js","10","H15-M1-02","①","①","890","REVIEW","PENDING","UNFROZEN","LOGIC_JUMP_PHRASE_REVIEW","대입하면"
"25_매산고_1학기_중간_고2_대수::q11","archive/exams/original/high/h2/1mid/25_매산고_1학기_중간_고2_대수.js","11","H15-M1-06","②","②","799","REVIEW","PENDING","UNFROZEN","",""
"25_매산고_1학기_중간_고2_대수::q12","archive/exams/original/high/h2/1mid/25_매산고_1학기_중간_고2_대수.js","12","H15-M1-05","⑤","⑤","774","REVIEW","PENDING","UNFROZEN","",""
"25_매산고_1학기_중간_고2_대수::q13","archive/exams/original/high/h2/1mid/25_매산고_1학기_중간_고2_대수.js","13","H15-M1-01","①","①","627","REVIEW","PENDING","UNFROZEN","",""
"25_매산고_1학기_중간_고2_대수::q14","archive/exams/original/high/h2/1mid/25_매산고_1학기_중간_고2_대수.js","14","H15-M1-01","③","③","1144","REVIEW","PENDING","UNFROZEN","LOGIC_JUMP_PHRASE_REVIEW","정리하면"
"25_매산고_1학기_중간_고2_대수::q15","archive/exams/original/high/h2/1mid/25_매산고_1학기_중간_고2_대수.js","15","H15-M1-02","$\dfrac{1-a}{a}$","","271","REVIEW","PENDING","UNFROZEN","",""
"25_매산고_1학기_중간_고2_대수::q16","archive/exams/original/high/h2/1mid/25_매산고_1학기_중간_고2_대수.js","16","H15-M1-02","$b$","","202","REVIEW","PENDING","UNFROZEN","",""
"25_매산고_1학기_중간_고2_대수::q17","archive/exams/original/high/h2/1mid/25_매산고_1학기_중간_고2_대수.js","17","H15-M1-02","$(4, \frac{1}{2}), (\frac{1}{64}, 8)$","","755","REVIEW","PENDING","UNFROZEN","LOGIC_JUMP_PHRASE_REVIEW","대입하면"
"25_매산고_1학기_중간_고2_대수::q18","archive/exams/original/high/h2/1mid/25_매산고_1학기_중간_고2_대수.js","18","H15-M1-05","12","","749","REVIEW","PENDING","UNFROZEN","LOGIC_JUMP_PHRASE_REVIEW","대입하면"
"25_매산고_1학기_중간_고2_대수::q19","archive/exams/original/high/h2/1mid/25_매산고_1학기_중간_고2_대수.js","19","H15-M1-01","18","","462","REVIEW","PENDING","UNFROZEN","LOGIC_JUMP_PHRASE_REVIEW","대입하면"
"25_매산고_1학기_중간_고2_대수::q20","archive/exams/original/high/h2/1mid/25_매산고_1학기_중간_고2_대수.js","20","H15-M1-07","$a=1-\sqrt{2}$, $\sin^3\theta+\cos^3\theta = \sqrt{2}-2$","","911","REVIEW","PENDING","UNFROZEN","LOGIC_JUMP_PHRASE_REVIEW","대입하면"
"25_매산고_1학기_중간_고2_대수::q21","archive/exams/original/high/h2/1mid/25_매산고_1학기_중간_고2_대수.js","21","H15-M1-02","$a=-6$ 또는 $a>3$","","826","REVIEW","PENDING","UNFROZEN","",""
"25_순천고_1학기_중간_고2_대수::q1","archive/exams/original/high/h2/1mid/25_순천고_1학기_중간_고2_대수.js","1","H22-A-01","④","④","445","REVIEW","PENDING","UNFROZEN","",""
"25_순천고_1학기_중간_고2_대수::q2","archive/exams/original/high/h2/1mid/25_순천고_1학기_중간_고2_대수.js","2","H22-A-01","②","②","138","REVIEW","PENDING","UNFROZEN","SHORT_SOLUTION_REVIEW",""
"25_순천고_1학기_중간_고2_대수::q3","archive/exams/original/high/h2/1mid/25_순천고_1학기_중간_고2_대수.js","3","H22-A-01","④","④","204","REVIEW","PENDING","UNFROZEN","",""
"25_순천고_1학기_중간_고2_대수::q4","archive/exams/original/high/h2/1mid/25_순천고_1학기_중간_고2_대수.js","4","H22-A-04","⑤","⑤","418","REVIEW","PENDING","UNFROZEN","",""
"25_순천고_1학기_중간_고2_대수::q5","archive/exams/original/high/h2/1mid/25_순천고_1학기_중간_고2_대수.js","5","H22-A-02","①","①","286","REVIEW","PENDING","UNFROZEN","LOGIC_JUMP_PHRASE_REVIEW","대입하면"
"25_순천고_1학기_중간_고2_대수::q6","archive/exams/original/high/h2/1mid/25_순천고_1학기_중간_고2_대수.js","6","H22-A-01","③","③","457","REVIEW","PENDING","UNFROZEN","",""
"25_순천고_1학기_중간_고2_대수::q7","archive/exams/original/high/h2/1mid/25_순천고_1학기_중간_고2_대수.js","7","H22-A-03","⑤","⑤","371","REVIEW","PENDING","UNFROZEN","",""
"25_순천고_1학기_중간_고2_대수::q8","archive/exams/original/high/h2/1mid/25_순천고_1학기_중간_고2_대수.js","8","H22-A-04","①","①","380","REVIEW","PENDING","UNFROZEN","LOGIC_JUMP_PHRASE_REVIEW","대입하면"
"25_순천고_1학기_중간_고2_대수::q9","archive/exams/original/high/h2/1mid/25_순천고_1학기_중간_고2_대수.js","9","H22-A-03","⑤","⑤","407","REVIEW","PENDING","UNFROZEN","",""
"25_순천고_1학기_중간_고2_대수::q10","archive/exams/original/high/h2/1mid/25_순천고_1학기_중간_고2_대수.js","10","H22-A-01","④","④","710","REVIEW","PENDING","UNFROZEN","LOGIC_JUMP_PHRASE_REVIEW","계산하면"
"25_순천고_1학기_중간_고2_대수::q11","archive/exams/original/high/h2/1mid/25_순천고_1학기_중간_고2_대수.js","11","H22-A-01","⑤","⑤","378","REVIEW","PENDING","UNFROZEN","",""
"25_순천고_1학기_중간_고2_대수::q12","archive/exams/original/high/h2/1mid/25_순천고_1학기_중간_고2_대수.js","12","H22-A-03","①","①","374","REVIEW","PENDING","UNFROZEN","",""
"25_순천고_1학기_중간_고2_대수::q13","archive/exams/original/high/h2/1mid/25_순천고_1학기_중간_고2_대수.js","13","H22-A-04","③","③","676","REVIEW","PENDING","UNFROZEN","LOGIC_JUMP_PHRASE_REVIEW","대입하면"
"25_순천고_1학기_중간_고2_대수::q14","archive/exams/original/high/h2/1mid/25_순천고_1학기_중간_고2_대수.js","14","H22-A-04","②","②","551","REVIEW","PENDING","UNFROZEN","LOGIC_JUMP_PHRASE_REVIEW","정리하면"
"25_순천고_1학기_중간_고2_대수::q15","archive/exams/original/high/h2/1mid/25_순천고_1학기_중간_고2_대수.js","15","H22-A-02","④","④","625","REVIEW","PENDING","UNFROZEN","",""
"25_순천고_1학기_중간_고2_대수::q16","archive/exams/original/high/h2/1mid/25_순천고_1학기_중간_고2_대수.js","16","H22-A-01","③","③","561","REVIEW","PENDING","UNFROZEN","",""
"25_순천고_1학기_중간_고2_대수::q17","archive/exams/original/high/h2/1mid/25_순천고_1학기_중간_고2_대수.js","17","H22-A-01","②","②","465","REVIEW","PENDING","UNFROZEN","",""
"25_순천고_1학기_중간_고2_대수::q18","archive/exams/original/high/h2/1mid/25_순천고_1학기_중간_고2_대수.js","18","H22-A-02","②","②","753","REVIEW","PENDING","UNFROZEN","LOGIC_JUMP_PHRASE_REVIEW","정리하면"
"25_순천고_1학기_중간_고2_대수::q19","archive/exams/original/high/h2/1mid/25_순천고_1학기_중간_고2_대수.js","19","H22-A-02","①","①","797","REVIEW","PENDING","UNFROZEN","LOGIC_JUMP_PHRASE_REVIEW","정리하면"
"25_순천고_1학기_중간_고2_대수::q20","archive/exams/original/high/h2/1mid/25_순천고_1학기_중간_고2_대수.js","20","H22-A-01","③","③","612","REVIEW","PENDING","UNFROZEN","LOGIC_JUMP_PHRASE_REVIEW","정리하면"
"25_순천고_1학기_중간_고2_대수::q21","archive/exams/original/high/h2/1mid/25_순천고_1학기_중간_고2_대수.js","21","H22-A-04","$-\frac{\sqrt{3}}{3}$","","1097","REVIEW","PENDING","UNFROZEN","",""
"25_순천고_1학기_중간_고2_대수::q22","archive/exams/original/high/h2/1mid/25_순천고_1학기_중간_고2_대수.js","22","H22-A-01","77","","600","REVIEW","PENDING","UNFROZEN","",""
"25_순천고_1학기_중간_고2_대수::q23","archive/exams/original/high/h2/1mid/25_순천고_1학기_중간_고2_대수.js","23","H22-A-01","4","","500","REVIEW","PENDING","UNFROZEN","LOGIC_JUMP_PHRASE_REVIEW","정리하면|대입하면"
"25_순천고_1학기_중간_고2_대수::q24","archive/exams/original/high/h2/1mid/25_순천고_1학기_중간_고2_대수.js","24","H22-A-03","3","","744","REVIEW","PENDING","UNFROZEN","",""
"25_순천여고_1학기_중간_고2_대수::q1","archive/exams/original/high/h2/1mid/25_순천여고_1학기_중간_고2_대수.js","1","H22-A-01","③","","167","FAIL","PENDING","UNFROZEN","CONCLUSION_MISSING|SHORT_SOLUTION_REVIEW",""
"25_순천여고_1학기_중간_고2_대수::q2","archive/exams/original/high/h2/1mid/25_순천여고_1학기_중간_고2_대수.js","2","H22-A-01","④","","288","FAIL","PENDING","UNFROZEN","CONCLUSION_MISSING",""
"25_순천여고_1학기_중간_고2_대수::q3","archive/exams/original/high/h2/1mid/25_순천여고_1학기_중간_고2_대수.js","3","H22-A-02","⑤","","315","FAIL","PENDING","UNFROZEN","CONCLUSION_MISSING",""
"25_순천여고_1학기_중간_고2_대수::q4","archive/exams/original/high/h2/1mid/25_순천여고_1학기_중간_고2_대수.js","4","H22-A-01","③","","296","FAIL","PENDING","UNFROZEN","CONCLUSION_MISSING",""
"25_순천여고_1학기_중간_고2_대수::q5","archive/exams/original/high/h2/1mid/25_순천여고_1학기_중간_고2_대수.js","5","H22-A-04","①","","482","FAIL","PENDING","UNFROZEN","CONCLUSION_MISSING",""
"25_순천여고_1학기_중간_고2_대수::q6","archive/exams/original/high/h2/1mid/25_순천여고_1학기_중간_고2_대수.js","6","H22-A-04","①","","351","FAIL","PENDING","UNFROZEN","CONCLUSION_MISSING",""
"25_순천여고_1학기_중간_고2_대수::q7","archive/exams/original/high/h2/1mid/25_순천여고_1학기_중간_고2_대수.js","7","H22-A-01","②","","504","FAIL","PENDING","UNFROZEN","CONCLUSION_MISSING|LOGIC_JUMP_PHRASE_REVIEW","정리하면"
"25_순천여고_1학기_중간_고2_대수::q8","archive/exams/original/high/h2/1mid/25_순천여고_1학기_중간_고2_대수.js","8","H22-A-03","⑤","","248","FAIL","PENDING","UNFROZEN","CONCLUSION_MISSING",""
"25_순천여고_1학기_중간_고2_대수::q10","archive/exams/original/high/h2/1mid/25_순천여고_1학기_중간_고2_대수.js","10","H22-A-03","②","②","308","REVIEW","PENDING","UNFROZEN","LOGIC_JUMP_PHRASE_REVIEW","대입하면"
"25_순천여고_1학기_중간_고2_대수::q11","archive/exams/original/high/h2/1mid/25_순천여고_1학기_중간_고2_대수.js","11","H22-A-01","③","","379","FAIL","PENDING","UNFROZEN","CONCLUSION_MISSING",""
"25_순천여고_1학기_중간_고2_대수::q12","archive/exams/original/high/h2/1mid/25_순천여고_1학기_중간_고2_대수.js","12","H22-A-04","②","","404","FAIL","PENDING","UNFROZEN","CONCLUSION_MISSING",""
"25_순천여고_1학기_중간_고2_대수::q13","archive/exams/original/high/h2/1mid/25_순천여고_1학기_중간_고2_대수.js","13","H22-A-04","⑤","","328","FAIL","PENDING","UNFROZEN","CONCLUSION_MISSING",""
"25_순천여고_1학기_중간_고2_대수::q14","archive/exams/original/high/h2/1mid/25_순천여고_1학기_중간_고2_대수.js","14","H22-A-02","③","","272","FAIL","PENDING","UNFROZEN","CONCLUSION_MISSING",""
"25_순천여고_1학기_중간_고2_대수::q15","archive/exams/original/high/h2/1mid/25_순천여고_1학기_중간_고2_대수.js","15","H22-A-01","①","","491","FAIL","PENDING","UNFROZEN","CONCLUSION_MISSING",""
"25_순천여고_1학기_중간_고2_대수::q16","archive/exams/original/high/h2/1mid/25_순천여고_1학기_중간_고2_대수.js","16","H22-A-01","④","","431","FAIL","PENDING","UNFROZEN","CONCLUSION_MISSING",""
"25_순천여고_1학기_중간_고2_대수::q17","archive/exams/original/high/h2/1mid/25_순천여고_1학기_중간_고2_대수.js","17","H22-A-01","①","","472","FAIL","PENDING","UNFROZEN","CONCLUSION_MISSING",""
"25_순천여고_1학기_중간_고2_대수::q18","archive/exams/original/high/h2/1mid/25_순천여고_1학기_중간_고2_대수.js","18","H22-A-03","③","","655","FAIL","PENDING","UNFROZEN","CONCLUSION_MISSING",""
"25_순천여고_1학기_중간_고2_대수::q19","archive/exams/original/high/h2/1mid/25_순천여고_1학기_중간_고2_대수.js","19","H22-A-03","②","","723","FAIL","PENDING","UNFROZEN","CONCLUSION_MISSING",""
"25_순천여고_1학기_중간_고2_대수::q20","archive/exams/original/high/h2/1mid/25_순천여고_1학기_중간_고2_대수.js","20","H22-A-01","④","④","1378","REVIEW","PENDING","UNFROZEN","",""
"25_순천여고_1학기_중간_고2_대수::q21","archive/exams/original/high/h2/1mid/25_순천여고_1학기_중간_고2_대수.js","21","H22-A-02","a=2, b=0, M=0, m=-9","","505","REVIEW","PENDING","UNFROZEN","",""
"25_순천여고_1학기_중간_고2_대수::q22","archive/exams/original/high/h2/1mid/25_순천여고_1학기_중간_고2_대수.js","22","H22-A-01","0.3581","","544","REVIEW","PENDING","UNFROZEN","",""
"25_순천여고_1학기_중간_고2_대수::q23","archive/exams/original/high/h2/1mid/25_순천여고_1학기_중간_고2_대수.js","23","H22-A-01","275","","931","REVIEW","PENDING","UNFROZEN","LOGIC_JUMP_PHRASE_REVIEW","대입하면"
"25_제일고_1학기_중간_고2_대수::q1","archive/exams/original/high/h2/1mid/25_제일고_1학기_중간_고2_대수.js","1","H22-A-02","⑤","","158","FAIL","PENDING","UNFROZEN","CONCLUSION_MISSING|SHORT_SOLUTION_REVIEW",""
"25_제일고_1학기_중간_고2_대수::q2","archive/exams/original/high/h2/1mid/25_제일고_1학기_중간_고2_대수.js","2","H22-A-03","①","","141","FAIL","PENDING","UNFROZEN","CONCLUSION_MISSING|SHORT_SOLUTION_REVIEW",""
"25_제일고_1학기_중간_고2_대수::q3","archive/exams/original/high/h2/1mid/25_제일고_1학기_중간_고2_대수.js","3","H22-A-01","④","","152","FAIL","PENDING","UNFROZEN","CONCLUSION_MISSING|SHORT_SOLUTION_REVIEW|LOGIC_JUMP_PHRASE_REVIEW","정리하면"
"25_제일고_1학기_중간_고2_대수::q4","archive/exams/original/high/h2/1mid/25_제일고_1학기_중간_고2_대수.js","4","H22-A-01","②","","167","FAIL","PENDING","UNFROZEN","CONCLUSION_MISSING|SHORT_SOLUTION_REVIEW",""
"25_제일고_1학기_중간_고2_대수::q5","archive/exams/original/high/h2/1mid/25_제일고_1학기_중간_고2_대수.js","5","H22-A-01","②","","160","FAIL","PENDING","UNFROZEN","CONCLUSION_MISSING|SHORT_SOLUTION_REVIEW",""
"25_제일고_1학기_중간_고2_대수::q6","archive/exams/original/high/h2/1mid/25_제일고_1학기_중간_고2_대수.js","6","H22-A-04","④","","219","FAIL","PENDING","UNFROZEN","CONCLUSION_MISSING",""
"25_제일고_1학기_중간_고2_대수::q7","archive/exams/original/high/h2/1mid/25_제일고_1학기_중간_고2_대수.js","7","H22-A-03","③","","173","FAIL","PENDING","UNFROZEN","CONCLUSION_MISSING|SHORT_SOLUTION_REVIEW|LOGIC_JUMP_PHRASE_REVIEW","정리하면"
"25_제일고_1학기_중간_고2_대수::q8","archive/exams/original/high/h2/1mid/25_제일고_1학기_중간_고2_대수.js","8","H22-A-01","④","","151","FAIL","PENDING","UNFROZEN","CONCLUSION_MISSING|SHORT_SOLUTION_REVIEW",""
"25_제일고_1학기_중간_고2_대수::q9","archive/exams/original/high/h2/1mid/25_제일고_1학기_중간_고2_대수.js","9","H22-A-03","①","","249","FAIL","PENDING","UNFROZEN","CONCLUSION_MISSING",""
"25_제일고_1학기_중간_고2_대수::q10","archive/exams/original/high/h2/1mid/25_제일고_1학기_중간_고2_대수.js","10","H22-A-03","③","","256","FAIL","PENDING","UNFROZEN","CONCLUSION_MISSING|LOGIC_JUMP_PHRASE_REVIEW","정리하면"
"25_제일고_1학기_중간_고2_대수::q11","archive/exams/original/high/h2/1mid/25_제일고_1학기_중간_고2_대수.js","11","H22-A-01","④","","287","FAIL","PENDING","UNFROZEN","CONCLUSION_MISSING",""
"25_제일고_1학기_중간_고2_대수::q12","archive/exams/original/high/h2/1mid/25_제일고_1학기_중간_고2_대수.js","12","H22-A-04","①","","199","FAIL","PENDING","UNFROZEN","CONCLUSION_MISSING",""
"25_제일고_1학기_중간_고2_대수::q13","archive/exams/original/high/h2/1mid/25_제일고_1학기_중간_고2_대수.js","13","H22-A-01","③","③","676","REVIEW","PENDING","UNFROZEN","",""
"25_제일고_1학기_중간_고2_대수::q14","archive/exams/original/high/h2/1mid/25_제일고_1학기_중간_고2_대수.js","14","H22-A-01","⑤","","322","FAIL","PENDING","UNFROZEN","CONCLUSION_MISSING",""
"25_제일고_1학기_중간_고2_대수::q15","archive/exams/original/high/h2/1mid/25_제일고_1학기_중간_고2_대수.js","15","H22-A-01","①","","275","FAIL","PENDING","UNFROZEN","CONCLUSION_MISSING|LOGIC_JUMP_PHRASE_REVIEW","정리하면"
"25_제일고_1학기_중간_고2_대수::q16","archive/exams/original/high/h2/1mid/25_제일고_1학기_중간_고2_대수.js","16","H22-A-04","③","","387","FAIL","PENDING","UNFROZEN","CONCLUSION_MISSING",""
"25_제일고_1학기_중간_고2_대수::q17","archive/exams/original/high/h2/1mid/25_제일고_1학기_중간_고2_대수.js","17","H22-A-01","⑤","","261","FAIL","PENDING","UNFROZEN","CONCLUSION_MISSING",""
"25_제일고_1학기_중간_고2_대수::q18","archive/exams/original/high/h2/1mid/25_제일고_1학기_중간_고2_대수.js","18","H22-A-01","④","④","538","REVIEW","PENDING","UNFROZEN","LOGIC_JUMP_PHRASE_REVIEW","정리하면|대입하면"
"25_제일고_1학기_중간_고2_대수::q19","archive/exams/original/high/h2/1mid/25_제일고_1학기_중간_고2_대수.js","19","H22-A-01","②","②","601","REVIEW","PENDING","UNFROZEN","",""
"25_제일고_1학기_중간_고2_대수::q20","archive/exams/original/high/h2/1mid/25_제일고_1학기_중간_고2_대수.js","20","H22-A-02","④","","278","FAIL","PENDING","UNFROZEN","CONCLUSION_MISSING",""
"25_제일고_1학기_중간_고2_대수::q21","archive/exams/original/high/h2/1mid/25_제일고_1학기_중간_고2_대수.js","21","H22-A-01","23","","145","REVIEW","PENDING","UNFROZEN","SHORT_SOLUTION_REVIEW",""
"25_제일고_1학기_중간_고2_대수::q22","archive/exams/original/high/h2/1mid/25_제일고_1학기_중간_고2_대수.js","22","H22-A-01","$\sqrt{21}$","","119","REVIEW","PENDING","UNFROZEN","SHORT_SOLUTION_REVIEW",""
"25_제일고_1학기_중간_고2_대수::q23","archive/exams/original/high/h2/1mid/25_제일고_1학기_중간_고2_대수.js","23","H22-A-03","6","","188","REVIEW","PENDING","UNFROZEN","",""
"25_제일고_1학기_중간_고2_대수::q24","archive/exams/original/high/h2/1mid/25_제일고_1학기_중간_고2_대수.js","24","H22-A-01","$0 < a \le \frac{1}{10}$ (단, $a \neq \frac{1}{100}$) 또는 $a \ge 100$","","285","REVIEW","PENDING","UNFROZEN","",""
"25_효천고_1학기_중간_고2_대수::q1","archive/exams/original/high/h2/1mid/25_효천고_1학기_중간_고2_대수.js","1","H22-A-01","③","③","422","REVIEW","PENDING","UNFROZEN","",""
"25_효천고_1학기_중간_고2_대수::q2","archive/exams/original/high/h2/1mid/25_효천고_1학기_중간_고2_대수.js","2","H22-A-01","②","②","438","REVIEW","PENDING","UNFROZEN","",""
"25_효천고_1학기_중간_고2_대수::q3","archive/exams/original/high/h2/1mid/25_효천고_1학기_중간_고2_대수.js","3","H22-A-01","④","④","181","REVIEW","PENDING","UNFROZEN","",""
"25_효천고_1학기_중간_고2_대수::q4","archive/exams/original/high/h2/1mid/25_효천고_1학기_중간_고2_대수.js","4","H22-A-01","①","①","223","REVIEW","PENDING","UNFROZEN","LOGIC_JUMP_PHRASE_REVIEW","대입하면"
"25_효천고_1학기_중간_고2_대수::q5","archive/exams/original/high/h2/1mid/25_효천고_1학기_중간_고2_대수.js","5","H22-A-02","③","③","373","REVIEW","PENDING","UNFROZEN","LOGIC_JUMP_PHRASE_REVIEW","대입하면"
"25_효천고_1학기_중간_고2_대수::q6","archive/exams/original/high/h2/1mid/25_효천고_1학기_중간_고2_대수.js","6","H22-A-04","①","①","200","REVIEW","PENDING","UNFROZEN","",""
"25_효천고_1학기_중간_고2_대수::q7","archive/exams/original/high/h2/1mid/25_효천고_1학기_중간_고2_대수.js","7","H22-A-02","⑤","⑤","375","REVIEW","PENDING","UNFROZEN","",""
"25_효천고_1학기_중간_고2_대수::q8","archive/exams/original/high/h2/1mid/25_효천고_1학기_중간_고2_대수.js","8","H22-A-01","⑤","⑤","403","REVIEW","PENDING","UNFROZEN","",""
"25_효천고_1학기_중간_고2_대수::q9","archive/exams/original/high/h2/1mid/25_효천고_1학기_중간_고2_대수.js","9","H22-A-04","②","②","368","REVIEW","PENDING","UNFROZEN","",""
"25_효천고_1학기_중간_고2_대수::q10","archive/exams/original/high/h2/1mid/25_효천고_1학기_중간_고2_대수.js","10","H22-A-03","③","③","342","REVIEW","PENDING","UNFROZEN","",""
"25_효천고_1학기_중간_고2_대수::q11","archive/exams/original/high/h2/1mid/25_효천고_1학기_중간_고2_대수.js","11","H22-A-02","④","④","276","REVIEW","PENDING","UNFROZEN","",""
"25_효천고_1학기_중간_고2_대수::q12","archive/exams/original/high/h2/1mid/25_효천고_1학기_중간_고2_대수.js","12","H22-A-04","⑤","⑤","391","REVIEW","PENDING","UNFROZEN","",""
"25_효천고_1학기_중간_고2_대수::q13","archive/exams/original/high/h2/1mid/25_효천고_1학기_중간_고2_대수.js","13","H22-A-04","①","①","362","REVIEW","PENDING","UNFROZEN","",""
"25_효천고_1학기_중간_고2_대수::q14","archive/exams/original/high/h2/1mid/25_효천고_1학기_중간_고2_대수.js","14","H22-A-04","①","①","588","REVIEW","PENDING","UNFROZEN","",""
"25_효천고_1학기_중간_고2_대수::q15","archive/exams/original/high/h2/1mid/25_효천고_1학기_중간_고2_대수.js","15","H22-A-04","②","②","366","REVIEW","PENDING","UNFROZEN","",""
"25_효천고_1학기_중간_고2_대수::q16","archive/exams/original/high/h2/1mid/25_효천고_1학기_중간_고2_대수.js","16","H22-A-04","④","④","527","REVIEW","PENDING","UNFROZEN","",""
"25_효천고_1학기_중간_고2_대수::q17","archive/exams/original/high/h2/1mid/25_효천고_1학기_중간_고2_대수.js","17","H22-A-01","③","③","419","REVIEW","PENDING","UNFROZEN","",""
"25_효천고_1학기_중간_고2_대수::q18","archive/exams/original/high/h2/1mid/25_효천고_1학기_중간_고2_대수.js","18","H22-A-01","③","③","464","REVIEW","PENDING","UNFROZEN","",""
"25_효천고_1학기_중간_고2_대수::q20","archive/exams/original/high/h2/1mid/25_효천고_1학기_중간_고2_대수.js","20","H22-A-04","$\frac{4\pi}{3}$","","740","REVIEW","PENDING","UNFROZEN","",""
"25_효천고_1학기_중간_고2_대수::q21","archive/exams/original/high/h2/1mid/25_효천고_1학기_중간_고2_대수.js","21","H22-A-04","④","④","584","REVIEW","PENDING","UNFROZEN","",""
"25_효천고_1학기_중간_고2_대수::q22","archive/exams/original/high/h2/1mid/25_효천고_1학기_중간_고2_대수.js","22","H22-A-01","18","","553","REVIEW","PENDING","UNFROZEN","",""
"25_효천고_1학기_중간_고2_대수::q24","archive/exams/original/high/h2/1mid/25_효천고_1학기_중간_고2_대수.js","24","H22-A-04","$0<k<\frac{1}{2}$, $\frac{4\pi}{3}$","","660","REVIEW","PENDING","UNFROZEN","",""
