0	PASS	21	c032ebe9ce52b40c74745cd7e9b31577cbd32706204ac95d5b69eccb4af7a67c	30b6951e696cd6b2cbdfe3b588d000175fe3371536a5cc602155f8a2545ad4d8
1	PASS	23	0c5b21a4430ba45413a193f1b0a2aa16f3bef69823b7a63d26a801fed3fe6489	2951173d301d8510a0a7e34bf324f527d22f29cccc5041b12c25064698389afb
2	PASS	22	195c5aced8b360e75a8807f49a86bf633faff51593043cdb24779f9454c7a254	fce292092e190865c385ca5ef6134fdc3f3820d5271c49e9d7dcb3356814776f
3	REUSE_CHAIN_VALIDATED_BY_INDEX3_DRYRUN
4	PASS	23	4bd603062a14fd27c033aee84b2b27e64a4e9e51425a2bf304288d0d1e243db0	8c3479c6f1f6d26f4ba274973b6b2091aaba3c1ddff2fbb308e780f849aaf3a9
5	PASS	23	271935ae9d6eb2ce37dbac9cb1cf77544c760a34cd3fdf7796c3762b41902336	c247234dbee324d75030ac5c27c43ba6e1c98116b76d9db88cd0acc1962a6cd9
6	PASS	23	e37673fb5ad6bdb28e8c09a55f2551d07e44e0a0928d4ca8b596116d59321880	300721971321c6dd90277f0e940f42b81c5ca0b5388a190815fda9eac14ba9aa
7	PASS	23	cbdf5f69cfd15c1bc66d1aeef7c0f065eed3fd692ef3afeab6fee2a614286155	ca88dbc9421a6c4fff270fdfae690019d0668cb5dc8e0e294032e5613c8942f9
8	PASS	20	6ad308cb2bbe651ed300b8ccab7a8b781e003233be4b6851ca73b4439a301dd1	3dfc37115c0a9ae73fda6c263966c0cbec481877ec2355e1c307d08500309613
9	PASS	22	12211cebcbc0c8938941c974f3e4c8c3a35a714d10160e7a7bed0daf1026f4f8	dcf1a0af6eacd00912bc263ac9a821a16fa0358f1dc528ca1e83a12b32a5682d
10	PASS	20	6826ab748955fca67f1cfbba102db49d8cdd6b4d52b6f598af20ef7669e4f859	8bd7f8d4d21af194087f9c67fbf8e4efddf28aa536725b423498a70dd8f293c3
11	PASS	20	85efcf85127ea30d77a653265f373313b371fbaaae5c21f1eb1f963b1c48d82e	f8ba23a3d2294fa1c8a40c8617fb1e7d35b0363277776b03120c5b0ed42776e6
