-- classes
INSERT OR IGNORE INTO classes (id, name, grade, subject, teacher_name) VALUES
('m1_a','중1A','중1','수학','박준성'),
('m1_b','중1B','중1','수학','박준성'),
('m1_c','중1C','중1','수학','박준성'),
('m2_a','중2A','중2','수학','박준성'),
('m2_b','중2B','중2','수학','박준성'),
('m3_a','중3A','중3','수학','박준성'),
('m3_b','중3B','중3','수학','박준성');

-- students
INSERT OR IGNORE INTO students (id, name, school_name, grade, status) VALUES
('s01','한세아','왕운중','중1','재원'),
('s02','홍서령','왕운중','중1','재원'),
('s03','김수인','왕운중','중1','재원'),
('s04','김다희','왕운중','중1','재원'),
('s05','임진후','왕운중','중1','재원'),
('s06','황시아','왕운중','중1','재원'),
('s07','남지율','왕운중','중1','재원'),
('s08','남지우','왕운중','중1','재원'),
('s09','최윤아','왕의중','중1','재원'),
('s10','조희태','왕운중','중1','재원'),
('s11','임주현','왕운중','중1','재원'),
('s12','백주흔','왕운중','중2','재원'),
('s13','김도현','왕운중','중2','재원'),
('s14','임현성','왕운중','중2','재원'),
('s15','박현종','왕의중','중2','재원'),
('s16','왕유준','왕운중','중2','재원'),
('s17','강형우','동산중','중2','재원'),
('s18','이시온','왕운중','중3','재원'),
('s19','이상원','삼산중','중3','재원'),
('s20','조예령','왕운중','중3','재원'),
('s21','유채민','왕운중','중3','재원'),
('s22','서유나','왕운중','중3','재원'),
('s23','박정원','매산중','중3','재원'),
('s24','이시윤','왕운중','중3','재원'),
('s25','강현욱','왕운중','중3','재원'),
('s26','남지혁','왕운중','중3','재원'),
('s27','유예준','왕운중','중3','재원'),
('s28','김지융','왕운중','중3','재원'),
('s29','박현성','왕운중','중3','재원');

-- class_students
INSERT OR IGNORE INTO class_students (class_id, student_id) VALUES
('m1_a','s01'),('m1_a','s02'),('m1_a','s03'),('m1_a','s04'),('m1_a','s05'),
('m1_b','s06'),('m1_b','s07'),('m1_b','s08'),('m1_b','s09'),
('m1_c','s10'),('m1_c','s11'),
('m2_a','s12'),('m2_a','s13'),('m2_a','s14'),('m2_a','s15'),('m2_a','s16'),('m2_a','s17'),
('m3_a','s18'),('m3_a','s19'),('m3_a','s20'),('m3_a','s21'),('m3_a','s22'),
('m3_b','s23'),('m3_b','s24'),('m3_b','s25'),('m3_b','s26'),('m3_b','s27'),('m3_b','s28'),('m3_b','s29');
