questionUid,sourceJsPath,examId,id,displayNo,sourceOrdinal,curriculumVersion,standardCourse,standardUnitKey,standardUnit,standardUnitOrder,subUnitKey,subUnit,subUnitConfidence,subUnitClassificationDepth,questionType,layoutTag,wide,tags,contentHash,choicesHash,answerHash,solutionHash,problemImageRef,problemImageHash,solutionImageRef,solutionImageHash,inlineSvgCount,sourceValidityStatus,independentAnswer,answerParity,solutionQualityStatus,curriculumStatus,visualRequirement,visualRequirementCandidate,visualReasonCode,visualMarkers,visualType,problemVisualSufficiency,scalePolicy,existingSvgStatus,svgRepairStatus,factObligationSet,expectedFactHash,observedFactHash,numericParity,semanticParity,styleLintStatus,renderStatus,metadataStatus,metadataReason,finalVerdict,evidenceRef,assetRefs,questionIndexParity,qKey,sourceFileSha256,solutionPresent,answerValue,scopeStatus,sharedAssetUid,dependencyQuestionUids,dependencyClosureStatus
archive/exams/original/high/h1/1final/22_금당고_1학기_기말_고1_기출.js|22_금당고_1학기_기말_고1_기출|5,archive/exams/original/high/h1/1final/22_금당고_1학기_기말_고1_기출.js,22_금당고_1학기_기말_고1_기출,5,5,5,2015,수학(상),H15-SA-07,여러 가지 방정식,7,H15-SA-07-SUBSTITUTION_SYSTEM,치환과 연립방정식,category_or_cue_inferred,complete_category,객관식,grid,false,객관식|연립방정식|이차방정식,849b9c9428399d2614164c563f5bdd732105140367e15b52f434621e19916326,d1cffd16975c2a48acbcadc7a6e1c383a4fd49aae8f07fd32e9b90772e005ff0,973d2fd2f97e26a666f403b12da6d87e527985b36bcf4ff0a47c7e7e8c36321a,78862396bd6ab57cef6d679e61be5229975e4710742eaa4b62f473a3f8902254,,,,,0,LOADED_VM,,NOT_STARTED,NOT_STARTED,NOT_STARTED,SVG_OPTIONAL,SVG_OPTIONAL,,,NONE,NO_PROBLEM_VISUAL,N/A,NONE,NOT_STARTED,,,,NOT_STARTED,NOT_STARTED,NOT_STARTED,NOT_TESTED,PASS,canonical_and_compiled_master_match,INVENTORY_PENDING,01_scope_inventory.csv#archive/exams/original/high/h1/1final/22_금당고_1학기_기말_고1_기출.js|22_금당고_1학기_기말_고1_기출|5,,INDEX_RECORD_PRESENT,original/high/h1/1final/22_금당고_1학기_기말_고1_기출.js_5,4c241cdb54466f474661d78f34d27c9dd5824b9b6c957e998e6d48f881f0d952,true,①,IN_SCOPE_FORWARD,,,CLOSED_NO_SHARED_ASSET
archive/exams/original/high/h1/1final/22_복성고_1학기_기말_고1_기출.js|22_복성고_1학기_기말_고1_기출|2,archive/exams/original/high/h1/1final/22_복성고_1학기_기말_고1_기출.js,22_복성고_1학기_기말_고1_기출,2,2,2,2015,수학(상),H15-SA-07,여러 가지 방정식,7,H15-SA-07-EQUATION_BASIC,방정식의 풀이,category_or_cue_inferred,complete_category,객관식,grid,false,객관식|사차방정식|인수분해,90fb4152dc1f627c2b78045635fc98e61e37ae2283005469e69c45fa8f94dd8e,9f32b99ddc3a3c4160dfe768b333e64d22f2ae885f580adeeb999231d004d03e,dfde05a3668030e99ca64d8d4ae5f6b64c7a87cee61c0ba43904b92ef210191d,6db0f93485f7ae423f79736db14c99a8e624f646789339d039db00b2cb18975c,,,,,0,LOADED_VM,,NOT_STARTED,NOT_STARTED,NOT_STARTED,SVG_OPTIONAL,SVG_OPTIONAL,,,NONE,NO_PROBLEM_VISUAL,N/A,NONE,NOT_STARTED,,,,NOT_STARTED,NOT_STARTED,NOT_STARTED,NOT_TESTED,PASS,canonical_and_compiled_master_match,INVENTORY_PENDING,01_scope_inventory.csv#archive/exams/original/high/h1/1final/22_복성고_1학기_기말_고1_기출.js|22_복성고_1학기_기말_고1_기출|2,,INDEX_RECORD_PRESENT,original/high/h1/1final/22_복성고_1학기_기말_고1_기출.js_2,400e2aca1499c9d907123620c6251a29f161016cdaa1458ca3332a19e0f9df4d,true,②,IN_SCOPE_FORWARD,,,CLOSED_NO_SHARED_ASSET
archive/exams/original/high/h1/1final/22_복성고_1학기_기말_고1_기출.js|22_복성고_1학기_기말_고1_기출|20,archive/exams/original/high/h1/1final/22_복성고_1학기_기말_고1_기출.js,22_복성고_1학기_기말_고1_기출,20,20,20,2015,수학(상),H15-SA-07,여러 가지 방정식,7,H15-SA-07-SUBSTITUTION_SYSTEM,치환과 연립방정식,category_or_cue_inferred,complete_category,서술형,grid,false,서술형|연립방정식|인수분해,a5bf86355a32a3da3059e56edf616ffa135e91e3565d811ce5a55764f566be70,4f53cda18c2baa0c0354bb5f9a3ecbe5ed12ab4d8e11ba873c2f11161202b945,ada04e37d4c54bf2ef41fcdfcc72ebda291e0fa48936e442aa9d5b37ea3bab50,764d4c75cf8f62ccf1604e40dc91da6c578e0ccfab244054e7da36d79a420413,,,,,0,LOADED_VM,,NOT_STARTED,NOT_STARTED,NOT_STARTED,SVG_OPTIONAL,SVG_OPTIONAL,,,NONE,NO_PROBLEM_VISUAL,N/A,NONE,NOT_STARTED,,,,NOT_STARTED,NOT_STARTED,NOT_STARTED,NOT_TESTED,PASS,canonical_and_compiled_master_match,INVENTORY_PENDING,01_scope_inventory.csv#archive/exams/original/high/h1/1final/22_복성고_1학기_기말_고1_기출.js|22_복성고_1학기_기말_고1_기출|20,,INDEX_RECORD_PRESENT,original/high/h1/1final/22_복성고_1학기_기말_고1_기출.js_20,400e2aca1499c9d907123620c6251a29f161016cdaa1458ca3332a19e0f9df4d,true,"$(3,1),\ (-3,-1),\ (\sqrt5,-\sqrt5),\ (-\sqrt5,\sqrt5)$",IN_SCOPE_FORWARD,,,CLOSED_NO_SHARED_ASSET
archive/exams/original/high/h1/1final/22_팔마고_1학기_기말_고1_기출.js|22_팔마고_1학기_기말_고1_기출|8,archive/exams/original/high/h1/1final/22_팔마고_1학기_기말_고1_기출.js,22_팔마고_1학기_기말_고1_기출,8,8,8,2015,수학(상),H15-SA-07,여러 가지 방정식,7,H15-SA-07-EQUATION_BASIC,방정식의 풀이,category_or_cue_inferred,complete_category,객관식,grid,false,객관식|여러 가지 방정식|고1|기말,ed2ad3e5384603c29dfed406483de9f4417b810f7ae4a70a995bb1a6bf198a9a,debb2e964e4edcdb8697286c4490f433247316eeaf4319954ad8f758f8262bb5,973d2fd2f97e26a666f403b12da6d87e527985b36bcf4ff0a47c7e7e8c36321a,2ff8d7b57da6f9196f2585344c7259544a68507291dc4bfd5aef876b2d42ec9e,,,,,0,LOADED_VM,,NOT_STARTED,NOT_STARTED,NOT_STARTED,SVG_OPTIONAL,SVG_OPTIONAL,,,NONE,NO_PROBLEM_VISUAL,N/A,NONE,NOT_STARTED,,,,NOT_STARTED,NOT_STARTED,NOT_STARTED,NOT_TESTED,PASS,canonical_and_compiled_master_match,INVENTORY_PENDING,01_scope_inventory.csv#archive/exams/original/high/h1/1final/22_팔마고_1학기_기말_고1_기출.js|22_팔마고_1학기_기말_고1_기출|8,,INDEX_RECORD_PRESENT,original/high/h1/1final/22_팔마고_1학기_기말_고1_기출.js_8,29b947a1d1422b4def7f5d0d708d62418af8d0ad94656355c0625137a588620b,true,①,IN_SCOPE_FORWARD,,,CLOSED_NO_SHARED_ASSET
archive/exams/original/high/h1/1final/22_팔마고_1학기_기말_고1_기출.js|22_팔마고_1학기_기말_고1_기출|9,archive/exams/original/high/h1/1final/22_팔마고_1학기_기말_고1_기출.js,22_팔마고_1학기_기말_고1_기출,9,9,9,2015,수학(상),H15-SA-07,여러 가지 방정식,7,H15-SA-07-EQUATION_BASIC,방정식의 풀이,category_or_cue_inferred,complete_category,객관식,grid,false,객관식|여러 가지 방정식|고1|기말,4242b935b53881f320821f745ec8f3ead221e9daac88267b21d9098f985e409f,e0d97c9019866472897be616b4b44634dd3f90c486dd75fb0aa9593501c65aef,0bdef091c479702584f065d3a3714f8a76f851b3f0cf10912f345a5dd930b0a8,ccf2c0daa784f83c96fccd72f4a5f1f7dacf7f7e08bc24fc187bbb2a11301102,,,,,0,LOADED_VM,,NOT_STARTED,NOT_STARTED,NOT_STARTED,SVG_OPTIONAL,SVG_OPTIONAL,,,NONE,NO_PROBLEM_VISUAL,N/A,NONE,NOT_STARTED,,,,NOT_STARTED,NOT_STARTED,NOT_STARTED,NOT_TESTED,PASS,canonical_and_compiled_master_match,INVENTORY_PENDING,01_scope_inventory.csv#archive/exams/original/high/h1/1final/22_팔마고_1학기_기말_고1_기출.js|22_팔마고_1학기_기말_고1_기출|9,,INDEX_RECORD_PRESENT,original/high/h1/1final/22_팔마고_1학기_기말_고1_기출.js_9,29b947a1d1422b4def7f5d0d708d62418af8d0ad94656355c0625137a588620b,true,⑤,IN_SCOPE_FORWARD,,,CLOSED_NO_SHARED_ASSET
archive/exams/original/high/h1/1final/22_팔마고_1학기_기말_고1_기출.js|22_팔마고_1학기_기말_고1_기출|20,archive/exams/original/high/h1/1final/22_팔마고_1학기_기말_고1_기출.js,22_팔마고_1학기_기말_고1_기출,20,20,20,2015,수학(상),H15-SA-07,여러 가지 방정식,7,H15-SA-07-EQUATION_BASIC,방정식의 풀이,category_or_cue_inferred,complete_category,단답형,grid,false,단답형|여러 가지 방정식|고1|기말,729b30809b8e39858701523e34640f1e7dadf3cecb77316c937b2e7d1af60130,4f53cda18c2baa0c0354bb5f9a3ecbe5ed12ab4d8e11ba873c2f11161202b945,b3782ed1fb6fb2604e9d19dbb3a8740f50e987e9987ed3bfec5718527122fdea,cc68e0c796edb09a2a6d51e4a527e45529b2f239a26dfd4e842c1f90983c5635,,,,,0,LOADED_VM,,NOT_STARTED,NOT_STARTED,NOT_STARTED,SVG_REQUIRED_MISSING,SVG_REQUIRED_MISSING,GRAPH_OR_FUNCTION_STRUCTURE,,GRAPH_CANDIDATE,NO_PROBLEM_VISUAL,REVIEW_REQUIRED,NONE,NOT_STARTED,,,,NOT_STARTED,NOT_STARTED,NOT_STARTED,NOT_TESTED,PASS,canonical_and_compiled_master_match,INVENTORY_PENDING,01_scope_inventory.csv#archive/exams/original/high/h1/1final/22_팔마고_1학기_기말_고1_기출.js|22_팔마고_1학기_기말_고1_기출|20,,INDEX_RECORD_PRESENT,original/high/h1/1final/22_팔마고_1학기_기말_고1_기출.js_20,29b947a1d1422b4def7f5d0d708d62418af8d0ad94656355c0625137a588620b,true,$7$,IN_SCOPE_FORWARD,,,CLOSED_NO_SHARED_ASSET
archive/exams/original/high/h1/1final/22_효천고_1학기_기말_고1_기출.js|22_효천고_1학기_기말_고1_기출|5,archive/exams/original/high/h1/1final/22_효천고_1학기_기말_고1_기출.js,22_효천고_1학기_기말_고1_기출,5,5,5,2015,수학(상),H15-SA-07,여러 가지 방정식,7,H15-SA-07-EQUATION_BASIC,방정식의 풀이,category_or_cue_inferred,complete_category,객관식,grid,false,객관식|연립방정식|한쌍의해,9fae20c25a6114f4ff1b8608a55493df78c2ab9e00e659167ac663518a318874,ff782081a4cc25de5ebd8fdb3b10e93e0a2a8b181fb4cabb15c6d4c8f83c7224,d41ea6521f53fb3dfa10cf72e2932f4405d9c999fa422cdc840d25d57e90dd34,7d58f9e132150e109c627b09824f5effa0763ffd6bebf764239c86caf287a7ee,,,,,0,LOADED_VM,,NOT_STARTED,NOT_STARTED,NOT_STARTED,SVG_OPTIONAL,SVG_OPTIONAL,,,NONE,NO_PROBLEM_VISUAL,N/A,NONE,NOT_STARTED,,,,NOT_STARTED,NOT_STARTED,NOT_STARTED,NOT_TESTED,PASS,canonical_and_compiled_master_match,INVENTORY_PENDING,01_scope_inventory.csv#archive/exams/original/high/h1/1final/22_효천고_1학기_기말_고1_기출.js|22_효천고_1학기_기말_고1_기출|5,,INDEX_RECORD_PRESENT,original/high/h1/1final/22_효천고_1학기_기말_고1_기출.js_5,1a5b076b33ec714ab8a8ad40427d24dd700021e9b3aa019bfb56c29e3650434a,true,④,IN_SCOPE_FORWARD,,,CLOSED_NO_SHARED_ASSET
archive/exams/original/high/h1/1final/23_강남여고_1학기_기말_고1_기출.js|23_강남여고_1학기_기말_고1_기출|8,archive/exams/original/high/h1/1final/23_강남여고_1학기_기말_고1_기출.js,23_강남여고_1학기_기말_고1_기출,8,8,8,2015,수학(상),H15-SA-07,여러 가지 방정식,7,H15-SA-07-EQUATION_BASIC,방정식의 풀이,category_or_cue_inferred,complete_category,객관식,grid,false,,a5d9c0c4a7100af013b509d9a6f92c484a4e74f632c6f34e56ca710e9a3052fa,ae53765779cd7cf37b3c831b835d5e3e58d32cd2f512a30ef4ce646abcd45ba0,d41ea6521f53fb3dfa10cf72e2932f4405d9c999fa422cdc840d25d57e90dd34,37211a78e7a780f6d833efaf493190c2d1d2b78b2c1b7868b42e0d5debbf3c65,,,,,0,LOADED_VM,,NOT_STARTED,NOT_STARTED,NOT_STARTED,SVG_OPTIONAL,SVG_OPTIONAL,,,NONE,NO_PROBLEM_VISUAL,N/A,NONE,NOT_STARTED,,,,NOT_STARTED,NOT_STARTED,NOT_STARTED,NOT_TESTED,PASS,canonical_and_compiled_master_match,INVENTORY_PENDING,01_scope_inventory.csv#archive/exams/original/high/h1/1final/23_강남여고_1학기_기말_고1_기출.js|23_강남여고_1학기_기말_고1_기출|8,,INDEX_RECORD_PRESENT,original/high/h1/1final/23_강남여고_1학기_기말_고1_기출.js_8,93afd5bebb6848c6a3009f34813dff32ecaed26c2ad66f79bd8a86334dbed943,true,④,IN_SCOPE_FORWARD,,,CLOSED_NO_SHARED_ASSET
archive/exams/original/high/h1/1final/23_강남여고_1학기_기말_고1_기출.js|23_강남여고_1학기_기말_고1_기출|9,archive/exams/original/high/h1/1final/23_강남여고_1학기_기말_고1_기출.js,23_강남여고_1학기_기말_고1_기출,9,9,9,2015,수학(상),H15-SA-07,여러 가지 방정식,7,H15-SA-07-EQUATION_BASIC,방정식의 풀이,category_or_cue_inferred,complete_category,객관식,grid,false,,ca6142b6c4d5dc50658659fb18fa2e194ebdc6d3b0b7d6233acd83729b288843,7e62c1941dcae510f66e790e3317dc47db08756f62b66476d8e6a24d02020c72,dfde05a3668030e99ca64d8d4ae5f6b64c7a87cee61c0ba43904b92ef210191d,8f3e5b9cf2657a756ee8660a9b4e639231aa1ae15dc7acd51afd3f211e8e8122,,,,,0,LOADED_VM,,NOT_STARTED,NOT_STARTED,NOT_STARTED,SVG_OPTIONAL,SVG_OPTIONAL,,,NONE,NO_PROBLEM_VISUAL,N/A,NONE,NOT_STARTED,,,,NOT_STARTED,NOT_STARTED,NOT_STARTED,NOT_TESTED,PASS,canonical_and_compiled_master_match,INVENTORY_PENDING,01_scope_inventory.csv#archive/exams/original/high/h1/1final/23_강남여고_1학기_기말_고1_기출.js|23_강남여고_1학기_기말_고1_기출|9,,INDEX_RECORD_PRESENT,original/high/h1/1final/23_강남여고_1학기_기말_고1_기출.js_9,93afd5bebb6848c6a3009f34813dff32ecaed26c2ad66f79bd8a86334dbed943,true,②,IN_SCOPE_FORWARD,,,CLOSED_NO_SHARED_ASSET
archive/exams/original/high/h1/1final/23_강남여고_1학기_기말_고1_기출.js|23_강남여고_1학기_기말_고1_기출|23,archive/exams/original/high/h1/1final/23_강남여고_1학기_기말_고1_기출.js,23_강남여고_1학기_기말_고1_기출,23,23,23,2015,수학(상),H15-SA-07,여러 가지 방정식,7,H15-SA-07-EQUATION_BASIC,방정식의 풀이,category_or_cue_inferred,complete_category,단답형,grid,false,,8d9e730f3d659d8c36c250faa35761098a2d8c7005f3de86f76c7bcb76d23c79,4f53cda18c2baa0c0354bb5f9a3ecbe5ed12ab4d8e11ba873c2f11161202b945,c233be605c4767df931b9955312351b52b2c7d298e28d1ee37b5a8364cfa1afc,f7f8fb94207a36cbeebbef241ed5542e515aa116aa7b7431b58a25585afdd845,,,,,0,LOADED_VM,,NOT_STARTED,NOT_STARTED,NOT_STARTED,SVG_OPTIONAL,SVG_OPTIONAL,,,NONE,NO_PROBLEM_VISUAL,N/A,NONE,NOT_STARTED,,,,NOT_STARTED,NOT_STARTED,NOT_STARTED,NOT_TESTED,PASS,canonical_and_compiled_master_match,INVENTORY_PENDING,01_scope_inventory.csv#archive/exams/original/high/h1/1final/23_강남여고_1학기_기말_고1_기출.js|23_강남여고_1학기_기말_고1_기출|23,,INDEX_RECORD_PRESENT,original/high/h1/1final/23_강남여고_1학기_기말_고1_기출.js_23,93afd5bebb6848c6a3009f34813dff32ecaed26c2ad66f79bd8a86334dbed943,true,"$a=3,\ b=-4$",IN_SCOPE_FORWARD,,,CLOSED_NO_SHARED_ASSET
archive/exams/original/high/h1/1final/23_금당고_1학기_기말_고1_기출.js|23_금당고_1학기_기말_고1_기출|2,archive/exams/original/high/h1/1final/23_금당고_1학기_기말_고1_기출.js,23_금당고_1학기_기말_고1_기출,2,2,2,2015,수학(상),H15-SA-07,여러 가지 방정식,7,H15-SA-07-EQUATION_BASIC,방정식의 풀이,category_or_cue_inferred,complete_category,객관식,grid,false,객관식|여러 가지 방정식|고1|기말,32a64549203061760b28a1c27fdd879e865473bb96254764c9f9a09d8be8e060,e4aaa6188ebccc25007a9ddc15875409227551ac7ad982263655b2b84e2cac53,973d2fd2f97e26a666f403b12da6d87e527985b36bcf4ff0a47c7e7e8c36321a,6cbe72d4ab93dc7914fea71d6f7ac170e1c4ec918be466005178a00f60617174,,,,,0,LOADED_VM,,NOT_STARTED,NOT_STARTED,NOT_STARTED,SVG_OPTIONAL,SVG_OPTIONAL,,,NONE,NO_PROBLEM_VISUAL,N/A,NONE,NOT_STARTED,,,,NOT_STARTED,NOT_STARTED,NOT_STARTED,NOT_TESTED,PASS,canonical_and_compiled_master_match,INVENTORY_PENDING,01_scope_inventory.csv#archive/exams/original/high/h1/1final/23_금당고_1학기_기말_고1_기출.js|23_금당고_1학기_기말_고1_기출|2,,INDEX_RECORD_PRESENT,original/high/h1/1final/23_금당고_1학기_기말_고1_기출.js_2,005eb72b00e3af463006c36da612ba1fc04c4fbca79d217d810b485a98837209,true,①,IN_SCOPE_FORWARD,,,CLOSED_NO_SHARED_ASSET
archive/exams/original/high/h1/1final/23_금당고_1학기_기말_고1_기출.js|23_금당고_1학기_기말_고1_기출|18,archive/exams/original/high/h1/1final/23_금당고_1학기_기말_고1_기출.js,23_금당고_1학기_기말_고1_기출,18,18,18,2015,수학(상),H15-SA-07,여러 가지 방정식,7,H15-SA-07-EQUATION_BASIC,방정식의 풀이,category_or_cue_inferred,complete_category,단답형,grid,false,단답형|여러 가지 방정식|고1|기말,d14b6ff832ce8eec533900d59bac8cd8da32763aa773d60faf341ec0995ea6b2,4f53cda18c2baa0c0354bb5f9a3ecbe5ed12ab4d8e11ba873c2f11161202b945,f5b482b6880c0e22d43532f5e6cf442839f9469acc7f373b7c45c82c183a9b9d,a187d8f43e0cd15aee0c916c561cc72a4a608bb72200caa51ba299b2d9b23b97,,,,,0,LOADED_VM,,NOT_STARTED,NOT_STARTED,NOT_STARTED,SVG_OPTIONAL,SVG_OPTIONAL,,,NONE,NO_PROBLEM_VISUAL,N/A,NONE,NOT_STARTED,,,,NOT_STARTED,NOT_STARTED,NOT_STARTED,NOT_TESTED,PASS,canonical_and_compiled_master_match,INVENTORY_PENDING,01_scope_inventory.csv#archive/exams/original/high/h1/1final/23_금당고_1학기_기말_고1_기출.js|23_금당고_1학기_기말_고1_기출|18,,INDEX_RECORD_PRESENT,original/high/h1/1final/23_금당고_1학기_기말_고1_기출.js_18,005eb72b00e3af463006c36da612ba1fc04c4fbca79d217d810b485a98837209,true,-2,IN_SCOPE_FORWARD,,,CLOSED_NO_SHARED_ASSET
archive/exams/original/high/h1/1final/23_금당고_1학기_기말_고1_기출.js|23_금당고_1학기_기말_고1_기출|20,archive/exams/original/high/h1/1final/23_금당고_1학기_기말_고1_기출.js,23_금당고_1학기_기말_고1_기출,20,20,20,2015,수학(상),H15-SA-07,여러 가지 방정식,7,H15-SA-07-EQUATION_BASIC,방정식의 풀이,category_or_cue_inferred,complete_category,서술형,grid,false,서술형|여러 가지 방정식|고1|기말,dddff57e540527cb1178ade93c91c40952878e096f6ff0230d1efe3f840723cd,4f53cda18c2baa0c0354bb5f9a3ecbe5ed12ab4d8e11ba873c2f11161202b945,b722bc612fee08a4de08decc85442a91536c67c4b8490b78487d071ebd911923,5cf87c89b04cb52ad099a683dce685bbb62e9ae085a17448a9a5d8156256d96b,,,,,0,LOADED_VM,,NOT_STARTED,NOT_STARTED,NOT_STARTED,SVG_OPTIONAL,SVG_OPTIONAL,,,NONE,NO_PROBLEM_VISUAL,N/A,NONE,NOT_STARTED,,,,NOT_STARTED,NOT_STARTED,NOT_STARTED,NOT_TESTED,PASS,canonical_and_compiled_master_match,INVENTORY_PENDING,01_scope_inventory.csv#archive/exams/original/high/h1/1final/23_금당고_1학기_기말_고1_기출.js|23_금당고_1학기_기말_고1_기출|20,,INDEX_RECORD_PRESENT,original/high/h1/1final/23_금당고_1학기_기말_고1_기출.js_20,005eb72b00e3af463006c36da612ba1fc04c4fbca79d217d810b485a98837209,true,$k>4$,IN_SCOPE_FORWARD,,,CLOSED_NO_SHARED_ASSET
archive/exams/original/high/h1/1final/23_매산고_1학기_기말_고1_기출.js|23_매산고_1학기_기말_고1_기출|10,archive/exams/original/high/h1/1final/23_매산고_1학기_기말_고1_기출.js,23_매산고_1학기_기말_고1_기출,10,10,10,2015,수학(상),H15-SA-07,여러 가지 방정식,7,H15-SA-07-HIGHER_EQUATION,고차방정식의 풀이,category_or_cue_inferred,complete_category,객관식,grid,false,객관식|삼차방정식|무리근|근의변환,44774933d5784c9fb74b44da12d1a01d2cf3390186c4c368caf5f55f50e82bbd,77a23106d8f25407844bed13a9d927f8a90b15738177fdc42e723a7f5eedc106,973d2fd2f97e26a666f403b12da6d87e527985b36bcf4ff0a47c7e7e8c36321a,4537448a4307b8af439a269754d100a316ca75873e1e5f2960a2b969961a7a4a,,,,,0,LOADED_VM,,NOT_STARTED,NOT_STARTED,NOT_STARTED,SVG_REQUIRED_MISSING,SVG_REQUIRED_MISSING,COUNTING_STRUCTURE,,VISUAL_CANDIDATE,NO_PROBLEM_VISUAL,SCHEMATIC_OR_REVIEW,NONE,NOT_STARTED,,,,NOT_STARTED,NOT_STARTED,NOT_STARTED,NOT_TESTED,PASS,canonical_and_compiled_master_match,INVENTORY_PENDING,01_scope_inventory.csv#archive/exams/original/high/h1/1final/23_매산고_1학기_기말_고1_기출.js|23_매산고_1학기_기말_고1_기출|10,,INDEX_RECORD_PRESENT,original/high/h1/1final/23_매산고_1학기_기말_고1_기출.js_10,3812df820fd0822ff1a25293c00416ec21e85deac39bda7b40d9b8cfbfec0d75,true,①,IN_SCOPE_FORWARD,,,CLOSED_NO_SHARED_ASSET
archive/exams/original/high/h1/1final/23_복성고_1학기_기말_고1_기출.js|23_복성고_1학기_기말_고1_기출|1,archive/exams/original/high/h1/1final/23_복성고_1학기_기말_고1_기출.js,23_복성고_1학기_기말_고1_기출,1,1,1,2015,수학(상),H15-SA-07,여러 가지 방정식,7,H15-SA-07-EQUATION_BASIC,방정식의 풀이,category_or_cue_inferred,complete_category,객관식,grid,false,객관식|삼차방정식|인수분해|근과계수|계산,ad4c14cb5dcedb6054838860647b8c20a1385985fcb4dcf9487fa41e3428f999,3cc19e370a6671b60f17396fd032ed6593aa1547f8af80d6ab8d949018911b5e,dfde05a3668030e99ca64d8d4ae5f6b64c7a87cee61c0ba43904b92ef210191d,d1ee90624d1d793ef432e3a336b42b5db2c4d435e156bdda3ae152801e39de66,,,,,0,LOADED_VM,,NOT_STARTED,NOT_STARTED,NOT_STARTED,SVG_OPTIONAL,SVG_OPTIONAL,,,NONE,NO_PROBLEM_VISUAL,N/A,NONE,NOT_STARTED,,,,NOT_STARTED,NOT_STARTED,NOT_STARTED,NOT_TESTED,PASS,canonical_and_compiled_master_match,INVENTORY_PENDING,01_scope_inventory.csv#archive/exams/original/high/h1/1final/23_복성고_1학기_기말_고1_기출.js|23_복성고_1학기_기말_고1_기출|1,,INDEX_RECORD_PRESENT,original/high/h1/1final/23_복성고_1학기_기말_고1_기출.js_1,97025c9ab5909585fae7a3e1a0b6c3f091416fbc49d6125d7a69a64581c55589,true,②,IN_SCOPE_FORWARD,,,CLOSED_NO_SHARED_ASSET
archive/exams/original/high/h1/1final/23_복성고_1학기_기말_고1_기출.js|23_복성고_1학기_기말_고1_기출|8,archive/exams/original/high/h1/1final/23_복성고_1학기_기말_고1_기출.js,23_복성고_1학기_기말_고1_기출,8,8,8,2015,수학(상),H15-SA-07,여러 가지 방정식,7,H15-SA-07-SUBSTITUTION_SYSTEM,치환과 연립방정식,category_or_cue_inferred,complete_category,객관식,grid,false,객관식|연립방정식|인수분해|최댓값|계산,1a23c6131b87ba053eba9c009f560048944d2da1c555d98f75249961b28630c0,6fe2633913947be71ce363e13c19394e3c39c9be3f0baec1916320a848023330,0bdef091c479702584f065d3a3714f8a76f851b3f0cf10912f345a5dd930b0a8,5be3c96f746b9e6c5f79c8ab72f964b481e9f3e7d402baa51a2f5a3803c8a030,,,,,0,LOADED_VM,,NOT_STARTED,NOT_STARTED,NOT_STARTED,SVG_REQUIRED_MISSING,SVG_REQUIRED_MISSING,GRAPH_OR_FUNCTION_STRUCTURE,,GRAPH_CANDIDATE,NO_PROBLEM_VISUAL,REVIEW_REQUIRED,NONE,NOT_STARTED,,,,NOT_STARTED,NOT_STARTED,NOT_STARTED,NOT_TESTED,PASS,canonical_and_compiled_master_match,INVENTORY_PENDING,01_scope_inventory.csv#archive/exams/original/high/h1/1final/23_복성고_1학기_기말_고1_기출.js|23_복성고_1학기_기말_고1_기출|8,,INDEX_RECORD_PRESENT,original/high/h1/1final/23_복성고_1학기_기말_고1_기출.js_8,97025c9ab5909585fae7a3e1a0b6c3f091416fbc49d6125d7a69a64581c55589,true,⑤,IN_SCOPE_FORWARD,,,CLOSED_NO_SHARED_ASSET
archive/exams/original/high/h1/1final/23_복성고_1학기_기말_고1_기출.js|23_복성고_1학기_기말_고1_기출|21,archive/exams/original/high/h1/1final/23_복성고_1학기_기말_고1_기출.js,23_복성고_1학기_기말_고1_기출,21,21,21,2015,수학(상),H15-SA-07,여러 가지 방정식,7,H15-SA-07-EQUATION_APPLICATION,방정식과 부등식의 활용,category_or_cue_inferred,complete_category,단답형,grid,false,서술형|연립이차방정식|직사각형|대각선|활용,b1b8717368b24c6e429cde42772e9e71d57a345e7369cbfdeb8bf9b9882616af,4f53cda18c2baa0c0354bb5f9a3ecbe5ed12ab4d8e11ba873c2f11161202b945,b80bc23b2d416019e4d292543381a28905804a00535f9a54afa3b3e0548567e5,60858b92f1979621a25e7f34a8a4d33d459acc54ef0fc465643771c5d63051c6,,,,,0,LOADED_VM,,NOT_STARTED,NOT_STARTED,NOT_STARTED,SVG_REQUIRED_MISSING,SVG_REQUIRED_MISSING,COORDINATE_OR_GEOMETRY_STRUCTURE|COUNTING_STRUCTURE,,VISUAL_CANDIDATE,NO_PROBLEM_VISUAL,REVIEW_REQUIRED,NONE,NOT_STARTED,,,,NOT_STARTED,NOT_STARTED,NOT_STARTED,NOT_TESTED,PASS,canonical_and_compiled_master_match,INVENTORY_PENDING,01_scope_inventory.csv#archive/exams/original/high/h1/1final/23_복성고_1학기_기말_고1_기출.js|23_복성고_1학기_기말_고1_기출|21,,INDEX_RECORD_PRESENT,original/high/h1/1final/23_복성고_1학기_기말_고1_기출.js_21,97025c9ab5909585fae7a3e1a0b6c3f091416fbc49d6125d7a69a64581c55589,true,"5cm, 12cm",IN_SCOPE_FORWARD,,,CLOSED_NO_SHARED_ASSET
archive/exams/original/high/h1/1final/23_순천여고_1학기_기말_고1_기출.js|23_순천여고_1학기_기말_고1_기출|10,archive/exams/original/high/h1/1final/23_순천여고_1학기_기말_고1_기출.js,23_순천여고_1학기_기말_고1_기출,10,10,10,2015,수학(상),H15-SA-07,여러 가지 방정식,7,H15-SA-07-EQUATION_BASIC,방정식의 풀이,category_or_cue_inferred,complete_category,객관식,grid,false,,85f0799d9bcf3a446f8a9e4d9fdff5fbc2077734c635868bfe5e40e40685e32b,e0a2d515b9432b7ce272fe4d09d2234810d327b803650316fda86b74a012a5e6,973d2fd2f97e26a666f403b12da6d87e527985b36bcf4ff0a47c7e7e8c36321a,7b5a9dc149c3f9c5a61f540da4add3fa699a23254ef5ba289a4000776408cffe,,,,,0,LOADED_VM,,NOT_STARTED,NOT_STARTED,NOT_STARTED,SVG_OPTIONAL,SVG_OPTIONAL,,,NONE,NO_PROBLEM_VISUAL,N/A,NONE,NOT_STARTED,,,,NOT_STARTED,NOT_STARTED,NOT_STARTED,NOT_TESTED,PASS,canonical_and_compiled_master_match,INVENTORY_PENDING,01_scope_inventory.csv#archive/exams/original/high/h1/1final/23_순천여고_1학기_기말_고1_기출.js|23_순천여고_1학기_기말_고1_기출|10,,INDEX_RECORD_PRESENT,original/high/h1/1final/23_순천여고_1학기_기말_고1_기출.js_10,19e4cd9a1bbb6207b1d172298be76c4cdfcac65ca26b2ddc3e28ad06a393cd9d,true,①,IN_SCOPE_FORWARD,,,CLOSED_NO_SHARED_ASSET
archive/exams/original/high/h1/1final/23_제일고_1학기_기말_고1_기출.js|23_제일고_1학기_기말_고1_기출|1,archive/exams/original/high/h1/1final/23_제일고_1학기_기말_고1_기출.js,23_제일고_1학기_기말_고1_기출,1,1,1,2015,수학(상),H15-SA-07,여러 가지 방정식,7,H15-SA-07-HIGHER_EQUATION,고차방정식의 풀이,category_or_cue_inferred,complete_category,객관식,grid,false,객관식|삼차방정식|근과계수|계산,7e7575a976cb97e4c779f469f00a3bea21e4362ca6891e0af304c6a6120f6676,3cc19e370a6671b60f17396fd032ed6593aa1547f8af80d6ab8d949018911b5e,973d2fd2f97e26a666f403b12da6d87e527985b36bcf4ff0a47c7e7e8c36321a,62e0e0758e2bacf7bd3445e6fd3e25ed47ec4abeca3dec43c04e1a4fe80548cf,,,,,0,LOADED_VM,,NOT_STARTED,NOT_STARTED,NOT_STARTED,SVG_OPTIONAL,SVG_OPTIONAL,,,NONE,NO_PROBLEM_VISUAL,N/A,NONE,NOT_STARTED,,,,NOT_STARTED,NOT_STARTED,NOT_STARTED,NOT_TESTED,PASS,canonical_and_compiled_master_match,INVENTORY_PENDING,01_scope_inventory.csv#archive/exams/original/high/h1/1final/23_제일고_1학기_기말_고1_기출.js|23_제일고_1학기_기말_고1_기출|1,,INDEX_RECORD_PRESENT,original/high/h1/1final/23_제일고_1학기_기말_고1_기출.js_1,40d505e56bdf2bd76df68db0f6ef5c69a00e2677a3899eec811ab109b49a9b4a,true,①,IN_SCOPE_FORWARD,,,CLOSED_NO_SHARED_ASSET
archive/exams/original/high/h1/1final/23_제일고_1학기_기말_고1_기출.js|23_제일고_1학기_기말_고1_기출|5,archive/exams/original/high/h1/1final/23_제일고_1학기_기말_고1_기출.js,23_제일고_1학기_기말_고1_기출,5,5,5,2015,수학(상),H15-SA-07,여러 가지 방정식,7,H15-SA-07-EQUATION_BASIC,방정식의 풀이,category_or_cue_inferred,complete_category,객관식,grid,false,객관식|사차방정식|치환|실근|중복근,93ff226d9e14750fb484e7f11dc13baef994b8e3987a16f6d48fa6221596c651,3cc19e370a6671b60f17396fd032ed6593aa1547f8af80d6ab8d949018911b5e,dfde05a3668030e99ca64d8d4ae5f6b64c7a87cee61c0ba43904b92ef210191d,5e51e9987e4a249bc1faf7593e3d9edd1f3a2122b7e1af2838603043698d05a8,,,,,0,LOADED_VM,,NOT_STARTED,NOT_STARTED,NOT_STARTED,SVG_OPTIONAL,SVG_OPTIONAL,,,NONE,NO_PROBLEM_VISUAL,N/A,NONE,NOT_STARTED,,,,NOT_STARTED,NOT_STARTED,NOT_STARTED,NOT_TESTED,PASS,canonical_and_compiled_master_match,INVENTORY_PENDING,01_scope_inventory.csv#archive/exams/original/high/h1/1final/23_제일고_1학기_기말_고1_기출.js|23_제일고_1학기_기말_고1_기출|5,,INDEX_RECORD_PRESENT,original/high/h1/1final/23_제일고_1학기_기말_고1_기출.js_5,40d505e56bdf2bd76df68db0f6ef5c69a00e2677a3899eec811ab109b49a9b4a,true,②,IN_SCOPE_FORWARD,,,CLOSED_NO_SHARED_ASSET
archive/exams/original/high/h1/1final/23_제일고_1학기_기말_고1_기출.js|23_제일고_1학기_기말_고1_기출|7,archive/exams/original/high/h1/1final/23_제일고_1학기_기말_고1_기출.js,23_제일고_1학기_기말_고1_기출,7,7,7,2015,수학(상),H15-SA-07,여러 가지 방정식,7,H15-SA-07-SUBSTITUTION_SYSTEM,치환과 연립방정식,category_or_cue_inferred,complete_category,객관식,grid,false,객관식|연립방정식|인수분해|최대값|경우분류,3f634768f7cbbd6c2d949a2f91fcfee4d0009a59bbcb025d415fa5687118b570,3cc19e370a6671b60f17396fd032ed6593aa1547f8af80d6ab8d949018911b5e,b15be6cb71072b84f7e1e198ce023fc5bb8b1e625335904ddcf3cffcd8b7312b,cef0b1383f836e4b64c831a451171ce90358168be88df6c09c5ddd723b03672a,,,,,0,LOADED_VM,,NOT_STARTED,NOT_STARTED,NOT_STARTED,SVG_OPTIONAL,SVG_OPTIONAL,,,NONE,NO_PROBLEM_VISUAL,N/A,NONE,NOT_STARTED,,,,NOT_STARTED,NOT_STARTED,NOT_STARTED,NOT_TESTED,PASS,canonical_and_compiled_master_match,INVENTORY_PENDING,01_scope_inventory.csv#archive/exams/original/high/h1/1final/23_제일고_1학기_기말_고1_기출.js|23_제일고_1학기_기말_고1_기출|7,,INDEX_RECORD_PRESENT,original/high/h1/1final/23_제일고_1학기_기말_고1_기출.js_7,40d505e56bdf2bd76df68db0f6ef5c69a00e2677a3899eec811ab109b49a9b4a,true,③,IN_SCOPE_FORWARD,,,CLOSED_NO_SHARED_ASSET
archive/exams/original/high/h1/1final/23_팔마고_1학기_기말_고1_기출.js|23_팔마고_1학기_기말_고1_기출|12,archive/exams/original/high/h1/1final/23_팔마고_1학기_기말_고1_기출.js,23_팔마고_1학기_기말_고1_기출,12,12,12,2015,수학(상),H15-SA-07,여러 가지 방정식,7,H15-SA-07-SUBSTITUTION_SYSTEM,치환과 연립방정식,category_or_cue_inferred,complete_category,객관식,grid,false,객관식|연립방정식|대칭식,fd335f9c1f094ec2341551880609a444dc2416489f00e4d6938c11ab3ad4e0be,3cc19e370a6671b60f17396fd032ed6593aa1547f8af80d6ab8d949018911b5e,d41ea6521f53fb3dfa10cf72e2932f4405d9c999fa422cdc840d25d57e90dd34,fca42a410e3e00133b836b9a187561fc133fd680de7fe5c3aee8093f497ecdcd,,,,,0,LOADED_VM,,NOT_STARTED,NOT_STARTED,NOT_STARTED,SVG_OPTIONAL,SVG_OPTIONAL,,,NONE,NO_PROBLEM_VISUAL,N/A,NONE,NOT_STARTED,,,,NOT_STARTED,NOT_STARTED,NOT_STARTED,NOT_TESTED,PASS,canonical_and_compiled_master_match,INVENTORY_PENDING,01_scope_inventory.csv#archive/exams/original/high/h1/1final/23_팔마고_1학기_기말_고1_기출.js|23_팔마고_1학기_기말_고1_기출|12,,INDEX_RECORD_PRESENT,original/high/h1/1final/23_팔마고_1학기_기말_고1_기출.js_12,0536598d92911264aa13ff7ba0b7c3e90ec2c26edd45137b78bcac71faab4c07,true,④,IN_SCOPE_FORWARD,,,CLOSED_NO_SHARED_ASSET
archive/exams/original/high/h1/1final/24_금당고_1학기_기말_고1_기출.js|24_금당고_1학기_기말_고1_기출|8,archive/exams/original/high/h1/1final/24_금당고_1학기_기말_고1_기출.js,24_금당고_1학기_기말_고1_기출,8,8,8,2015,수학(상),H15-SA-07,여러 가지 방정식,7,H15-SA-07-EQUATION_BASIC,방정식의 풀이,category_or_cue_inferred,complete_category,객관식,grid,false,,547ea44f328f318b89934dd4f87cac99c7c29bcbf7f025ca7060c4b5cf2299b8,2ef829b7af028e2983b7e41eb41461a0c2543b04c77f91f5b8e1a1b8bfe00ef3,0bdef091c479702584f065d3a3714f8a76f851b3f0cf10912f345a5dd930b0a8,6cd11430b61314fbf378a72c1035ebd7b7637f42bc2c5bcc249f1451b8083405,,,,,0,LOADED_VM,,NOT_STARTED,NOT_STARTED,NOT_STARTED,SVG_OPTIONAL,SVG_OPTIONAL,,,NONE,NO_PROBLEM_VISUAL,N/A,NONE,NOT_STARTED,,,,NOT_STARTED,NOT_STARTED,NOT_STARTED,NOT_TESTED,PASS,canonical_and_compiled_master_match,INVENTORY_PENDING,01_scope_inventory.csv#archive/exams/original/high/h1/1final/24_금당고_1학기_기말_고1_기출.js|24_금당고_1학기_기말_고1_기출|8,,INDEX_RECORD_PRESENT,original/high/h1/1final/24_금당고_1학기_기말_고1_기출.js_8,7240952c798ac9650218ce775dee041b4040d9b5db0e3e072906b84d4c281580,true,⑤,IN_SCOPE_FORWARD,,,CLOSED_NO_SHARED_ASSET
archive/exams/original/high/h1/1final/24_금당고_1학기_기말_고1_기출.js|24_금당고_1학기_기말_고1_기출|13,archive/exams/original/high/h1/1final/24_금당고_1학기_기말_고1_기출.js,24_금당고_1학기_기말_고1_기출,13,13,13,2015,수학(상),H15-SA-07,여러 가지 방정식,7,H15-SA-07-EQUATION_BASIC,방정식의 풀이,category_or_cue_inferred,complete_category,객관식,grid,false,,8f386302e1d3ae35e6a5145952d47e0cecb64f2bf02c9be98dd80a180ab14423,d601fd23445f2769d635c0f649aaf6d04b385a7d56c029a78b68ab105d958e27,d41ea6521f53fb3dfa10cf72e2932f4405d9c999fa422cdc840d25d57e90dd34,1c6081f6e154426d64e6e0afca28112f5a45fd7f6c668310325540671786d900,,,,,0,LOADED_VM,,NOT_STARTED,NOT_STARTED,NOT_STARTED,SVG_OPTIONAL,SVG_OPTIONAL,,,NONE,NO_PROBLEM_VISUAL,N/A,NONE,NOT_STARTED,,,,NOT_STARTED,NOT_STARTED,NOT_STARTED,NOT_TESTED,PASS,canonical_and_compiled_master_match,INVENTORY_PENDING,01_scope_inventory.csv#archive/exams/original/high/h1/1final/24_금당고_1학기_기말_고1_기출.js|24_금당고_1학기_기말_고1_기출|13,,INDEX_RECORD_PRESENT,original/high/h1/1final/24_금당고_1학기_기말_고1_기출.js_13,7240952c798ac9650218ce775dee041b4040d9b5db0e3e072906b84d4c281580,true,④,IN_SCOPE_FORWARD,,,CLOSED_NO_SHARED_ASSET
archive/exams/original/high/h1/1final/24_제일고_1학기_기말_고1_기출.js|24_제일고_1학기_기말_고1_기출|4,archive/exams/original/high/h1/1final/24_제일고_1학기_기말_고1_기출.js,24_제일고_1학기_기말_고1_기출,4,4,4,2015,수학(상),H15-SA-07,여러 가지 방정식,7,H15-SA-07-HIGHER_EQUATION,고차방정식의 풀이,category_or_cue_inferred,complete_category,객관식,grid,false,객관식|복소수|켤레복소수|계수비교|삼차방정식,84365546c3dffee79d016b61c3889ce5fdb38e803d188ac030a6166c8eb0b1ee,3cc19e370a6671b60f17396fd032ed6593aa1547f8af80d6ab8d949018911b5e,b15be6cb71072b84f7e1e198ce023fc5bb8b1e625335904ddcf3cffcd8b7312b,d19079aa8dcf1ba0fb93453c784eb5a3d8ffc33ef76c603ba5f3c679310feb67,,,,,0,LOADED_VM,,NOT_STARTED,NOT_STARTED,NOT_STARTED,SVG_OPTIONAL,SVG_OPTIONAL,,,NONE,NO_PROBLEM_VISUAL,N/A,NONE,NOT_STARTED,,,,NOT_STARTED,NOT_STARTED,NOT_STARTED,NOT_TESTED,PASS,canonical_and_compiled_master_match,INVENTORY_PENDING,01_scope_inventory.csv#archive/exams/original/high/h1/1final/24_제일고_1학기_기말_고1_기출.js|24_제일고_1학기_기말_고1_기출|4,,INDEX_RECORD_PRESENT,original/high/h1/1final/24_제일고_1학기_기말_고1_기출.js_4,6c155378316a391038a72d44207b9af9290be51abf5473c565f7595d9d69cb0b,true,③,IN_SCOPE_FORWARD,,,CLOSED_NO_SHARED_ASSET
archive/exams/original/high/h1/1final/24_제일고_1학기_기말_고1_기출.js|24_제일고_1학기_기말_고1_기출|5,archive/exams/original/high/h1/1final/24_제일고_1학기_기말_고1_기출.js,24_제일고_1학기_기말_고1_기출,5,5,5,2015,수학(상),H15-SA-07,여러 가지 방정식,7,H15-SA-07-EQUATION_BASIC,방정식의 풀이,category_or_cue_inferred,complete_category,객관식,grid,false,객관식|사차방정식|인수분해|복소수|근과계수,e0e482d948d4ccf91f5b54c0b8a3a68bea78c781c57a86f6b4a5ea67a257a567,3cc19e370a6671b60f17396fd032ed6593aa1547f8af80d6ab8d949018911b5e,973d2fd2f97e26a666f403b12da6d87e527985b36bcf4ff0a47c7e7e8c36321a,271ebe8d278824267a4d8a03315f1e827b0fbebf6f42857c3dedb8dde665f392,,,,,0,LOADED_VM,,NOT_STARTED,NOT_STARTED,NOT_STARTED,SVG_OPTIONAL,SVG_OPTIONAL,,,NONE,NO_PROBLEM_VISUAL,N/A,NONE,NOT_STARTED,,,,NOT_STARTED,NOT_STARTED,NOT_STARTED,NOT_TESTED,PASS,canonical_and_compiled_master_match,INVENTORY_PENDING,01_scope_inventory.csv#archive/exams/original/high/h1/1final/24_제일고_1학기_기말_고1_기출.js|24_제일고_1학기_기말_고1_기출|5,,INDEX_RECORD_PRESENT,original/high/h1/1final/24_제일고_1학기_기말_고1_기출.js_5,6c155378316a391038a72d44207b9af9290be51abf5473c565f7595d9d69cb0b,true,①,IN_SCOPE_FORWARD,,,CLOSED_NO_SHARED_ASSET
archive/exams/original/high/h1/1final/24_제일고_1학기_기말_고1_기출.js|24_제일고_1학기_기말_고1_기출|6,archive/exams/original/high/h1/1final/24_제일고_1학기_기말_고1_기출.js,24_제일고_1학기_기말_고1_기출,6,6,6,2015,수학(상),H15-SA-07,여러 가지 방정식,7,H15-SA-07-EQUATION_BASIC,방정식의 풀이,category_or_cue_inferred,complete_category,객관식,grid,false,객관식|이차방정식|자연수조건|인수분해,f8bdcd3e5432bef390eb9eeb9c8de53d5b3193204c0fe145bf32cd3d3e3c8866,3cc19e370a6671b60f17396fd032ed6593aa1547f8af80d6ab8d949018911b5e,0bdef091c479702584f065d3a3714f8a76f851b3f0cf10912f345a5dd930b0a8,a28bdaade1bf14fbab275ea6cef0acf6d3103cd322afe8561bf6a661cfee556d,,,,,0,LOADED_VM,,NOT_STARTED,NOT_STARTED,NOT_STARTED,SVG_OPTIONAL,SVG_OPTIONAL,,,NONE,NO_PROBLEM_VISUAL,N/A,NONE,NOT_STARTED,,,,NOT_STARTED,NOT_STARTED,NOT_STARTED,NOT_TESTED,PASS,canonical_and_compiled_master_match,INVENTORY_PENDING,01_scope_inventory.csv#archive/exams/original/high/h1/1final/24_제일고_1학기_기말_고1_기출.js|24_제일고_1학기_기말_고1_기출|6,,INDEX_RECORD_PRESENT,original/high/h1/1final/24_제일고_1학기_기말_고1_기출.js_6,6c155378316a391038a72d44207b9af9290be51abf5473c565f7595d9d69cb0b,true,⑤,IN_SCOPE_FORWARD,,,CLOSED_NO_SHARED_ASSET
archive/exams/original/high/h1/1final/24_제일고_1학기_기말_고1_기출.js|24_제일고_1학기_기말_고1_기출|8,archive/exams/original/high/h1/1final/24_제일고_1학기_기말_고1_기출.js,24_제일고_1학기_기말_고1_기출,8,8,8,2015,수학(상),H15-SA-07,여러 가지 방정식,7,H15-SA-07-SUBSTITUTION_SYSTEM,치환과 연립방정식,category_or_cue_inferred,complete_category,객관식,grid,false,객관식|연립방정식|대칭식|실근조건,3b97d654d4937930aef28e4100e643da566de18216cb484bdeab909c635bec87,3cc19e370a6671b60f17396fd032ed6593aa1547f8af80d6ab8d949018911b5e,dfde05a3668030e99ca64d8d4ae5f6b64c7a87cee61c0ba43904b92ef210191d,b265232e6c8af62b7e2198f464e1f72d60754d6bf9dc8c0f5a15a0f7510eb9e6,,,,,0,LOADED_VM,,NOT_STARTED,NOT_STARTED,NOT_STARTED,SVG_OPTIONAL,SVG_OPTIONAL,,,NONE,NO_PROBLEM_VISUAL,N/A,NONE,NOT_STARTED,,,,NOT_STARTED,NOT_STARTED,NOT_STARTED,NOT_TESTED,PASS,canonical_and_compiled_master_match,INVENTORY_PENDING,01_scope_inventory.csv#archive/exams/original/high/h1/1final/24_제일고_1학기_기말_고1_기출.js|24_제일고_1학기_기말_고1_기출|8,,INDEX_RECORD_PRESENT,original/high/h1/1final/24_제일고_1학기_기말_고1_기출.js_8,6c155378316a391038a72d44207b9af9290be51abf5473c565f7595d9d69cb0b,true,②,IN_SCOPE_FORWARD,,,CLOSED_NO_SHARED_ASSET
archive/exams/original/high/h1/1final/24_제일고_1학기_기말_고1_기출.js|24_제일고_1학기_기말_고1_기출|9,archive/exams/original/high/h1/1final/24_제일고_1학기_기말_고1_기출.js,24_제일고_1학기_기말_고1_기출,9,9,9,2015,수학(상),H15-SA-07,여러 가지 방정식,7,H15-SA-07-EQUATION_BASIC,방정식의 풀이,category_or_cue_inferred,complete_category,객관식,grid,false,객관식|사차방정식|중근|인수분해,b0f6a5fcad4298a88d986e65ade02680449ecb419d3a5a613513bbba57481432,3cc19e370a6671b60f17396fd032ed6593aa1547f8af80d6ab8d949018911b5e,dfde05a3668030e99ca64d8d4ae5f6b64c7a87cee61c0ba43904b92ef210191d,88c717db2dbf6906c86648b91692726914ca99bf15101f60a61ef375dbc14c36,,,,,0,LOADED_VM,,NOT_STARTED,NOT_STARTED,NOT_STARTED,SVG_OPTIONAL,SVG_OPTIONAL,,,NONE,NO_PROBLEM_VISUAL,N/A,NONE,NOT_STARTED,,,,NOT_STARTED,NOT_STARTED,NOT_STARTED,NOT_TESTED,PASS,canonical_and_compiled_master_match,INVENTORY_PENDING,01_scope_inventory.csv#archive/exams/original/high/h1/1final/24_제일고_1학기_기말_고1_기출.js|24_제일고_1학기_기말_고1_기출|9,,INDEX_RECORD_PRESENT,original/high/h1/1final/24_제일고_1학기_기말_고1_기출.js_9,6c155378316a391038a72d44207b9af9290be51abf5473c565f7595d9d69cb0b,true,②,IN_SCOPE_FORWARD,,,CLOSED_NO_SHARED_ASSET
archive/exams/original/high/h1/1final/25_강남여고_1학기_기말_고1_기출c.js|25_강남여고_1학기_기말_고1_기출|11,archive/exams/original/high/h1/1final/25_강남여고_1학기_기말_고1_기출c.js,25_강남여고_1학기_기말_고1_기출,11,11,11,2022,공통수학1,H22-C-07,합의 법칙과 곱의 법칙,7,H22-C-07-CORE,합의 법칙과 곱의 법칙 핵심 개념,rule_inferred,complete_rule,객관식,grid,false,도형,7890101bdaa13b782700ef41a083a57eea4a3ee83c85a9ad2d123bdec946046c,0790604a86d34f395ce454e4054fc1a2c6396a263c65588d69a6ac1342df6252,b15be6cb71072b84f7e1e198ce023fc5bb8b1e625335904ddcf3cffcd8b7312b,160c590dfaf337be09fa7f1ba6491efa59f848df10139138bfc04695690a8656,,,,,1,LOADED_VM,,NOT_STARTED,NOT_STARTED,NOT_STARTED,SOURCE_REVIEW,SOURCE_REVIEW,COORDINATE_OR_GEOMETRY_STRUCTURE|COUNTING_STRUCTURE,,SVG,PROBLEM_VISUAL_PRESENT,REVIEW_REQUIRED,INLINE_SVG,NOT_STARTED,,,,NOT_STARTED,NOT_STARTED,NOT_STARTED,NOT_TESTED,PASS,canonical_and_compiled_master_match,INVENTORY_PENDING,01_scope_inventory.csv#archive/exams/original/high/h1/1final/25_강남여고_1학기_기말_고1_기출c.js|25_강남여고_1학기_기말_고1_기출|11,,INDEX_RECORD_PRESENT,original/high/h1/1final/25_강남여고_1학기_기말_고1_기출c.js_11,54669b7f56b5e816d952a323c9b43cd38c004fadcd52e8f8af387558c9aae7df,true,③,IN_SCOPE_FORWARD,,,CLOSED_NO_SHARED_ASSET
archive/exams/original/high/h1/1final/25_금당고_1학기_기말_고1_기출c.js|25_금당고_1학기_기말_고1_기출|2,archive/exams/original/high/h1/1final/25_금당고_1학기_기말_고1_기출c.js,25_금당고_1학기_기말_고1_기출,2,2,2,2022,공통수학1,H22-C-07,합의 법칙과 곱의 법칙,7,H22-C-07-CORE,합의 법칙과 곱의 법칙 핵심 개념,rule_inferred,complete_rule,객관식,grid,false,객관식|인수분해|지수|경우의수|개수세기|조건해석|계산,7964eb72ebc2283c213448b19f0cab4d683cbc9da0fe5f341184502170cb20b3,4c174b11d79d95ea167dd8930db041a499adc479d1bc421379def00ae59ff4ad,0bdef091c479702584f065d3a3714f8a76f851b3f0cf10912f345a5dd930b0a8,c2c37fe9db788baf519ceb65497efb8a44f6a1db6dbf0f7ed2f123649703c770,,,,,0,LOADED_VM,,NOT_STARTED,NOT_STARTED,NOT_STARTED,SVG_OPTIONAL,SVG_OPTIONAL,,,NONE,NO_PROBLEM_VISUAL,N/A,NONE,NOT_STARTED,,,,NOT_STARTED,NOT_STARTED,NOT_STARTED,NOT_TESTED,PASS,canonical_and_compiled_master_match,INVENTORY_PENDING,01_scope_inventory.csv#archive/exams/original/high/h1/1final/25_금당고_1학기_기말_고1_기출c.js|25_금당고_1학기_기말_고1_기출|2,,INDEX_RECORD_PRESENT,original/high/h1/1final/25_금당고_1학기_기말_고1_기출c.js_2,db43da08e8d26a0bc369b3b8ac6f5996dd956a4134f202dfd365de443ff67553,true,⑤,IN_SCOPE_FORWARD,,,CLOSED_NO_SHARED_ASSET
archive/exams/original/high/h1/1final/25_매산고_1학기_기말_고1_기출c.js|25_매산고_1학기_기말_고1_기출|10,archive/exams/original/high/h1/1final/25_매산고_1학기_기말_고1_기출c.js,25_매산고_1학기_기말_고1_기출,10,10,10,2022,공통수학1,H22-C-07,합의 법칙과 곱의 법칙,7,H22-C-07-CORE,합의 법칙과 곱의 법칙 핵심 개념,rule_inferred,complete_rule,객관식,grid,false,객관식|경우의수|자연수조건|개수세기|참거짓|조건해석|개념,4d9a42803619f3c5cee51f1ae35ea9b943a952097d04147f7d85f84f63db44b5,ee9fb4d530a45d0ade5c9e92245658000a3476f00585df126c21e41f2b86b870,b15be6cb71072b84f7e1e198ce023fc5bb8b1e625335904ddcf3cffcd8b7312b,7f590232608570de401d02ec7b6420c9842ed1dc51e781fd5644fe6a3a257ba0,,,,,0,LOADED_VM,,NOT_STARTED,NOT_STARTED,NOT_STARTED,SVG_REQUIRED_MISSING,SVG_REQUIRED_MISSING,COUNTING_STRUCTURE,,VISUAL_CANDIDATE,NO_PROBLEM_VISUAL,SCHEMATIC_OR_REVIEW,NONE,NOT_STARTED,,,,NOT_STARTED,NOT_STARTED,NOT_STARTED,NOT_TESTED,PASS,canonical_and_compiled_master_match,INVENTORY_PENDING,01_scope_inventory.csv#archive/exams/original/high/h1/1final/25_매산고_1학기_기말_고1_기출c.js|25_매산고_1학기_기말_고1_기출|10,,INDEX_RECORD_PRESENT,original/high/h1/1final/25_매산고_1학기_기말_고1_기출c.js_10,bdfdb4241abb8638d5a083478c502f0a38c95244d4ddf3b991e9c6f8abe89d47,true,③,IN_SCOPE_FORWARD,,,CLOSED_NO_SHARED_ASSET
archive/exams/original/high/h1/1final/25_매산고_1학기_기말_고1_기출c.js|25_매산고_1학기_기말_고1_기출|13,archive/exams/original/high/h1/1final/25_매산고_1학기_기말_고1_기출c.js,25_매산고_1학기_기말_고1_기출,13,13,13,2022,공통수학1,H22-C-07,합의 법칙과 곱의 법칙,7,H22-C-07-CORE,합의 법칙과 곱의 법칙 핵심 개념,rule_inferred,complete_rule,객관식,grid,false,도형,ab1dee7f91ad945e3dbe45614cc50f93b828e5bdb14bf29be3fdf68db52e3a80,764015a4219c4a2daf906838d69c1e5832a18707653c5f3ce0d64a438b17cf3f,973d2fd2f97e26a666f403b12da6d87e527985b36bcf4ff0a47c7e7e8c36321a,7c190af1ee38501e237643b695c335d5d7b36bb2407f10dadea5d174f9f81056,,,,,1,LOADED_VM,,NOT_STARTED,NOT_STARTED,NOT_STARTED,SOURCE_REVIEW,SOURCE_REVIEW,COORDINATE_OR_GEOMETRY_STRUCTURE|COUNTING_STRUCTURE,,SVG,PROBLEM_VISUAL_PRESENT,REVIEW_REQUIRED,INLINE_SVG,NOT_STARTED,,,,NOT_STARTED,NOT_STARTED,NOT_STARTED,NOT_TESTED,PASS,canonical_and_compiled_master_match,INVENTORY_PENDING,01_scope_inventory.csv#archive/exams/original/high/h1/1final/25_매산고_1학기_기말_고1_기출c.js|25_매산고_1학기_기말_고1_기출|13,,INDEX_RECORD_PRESENT,original/high/h1/1final/25_매산고_1학기_기말_고1_기출c.js_13,bdfdb4241abb8638d5a083478c502f0a38c95244d4ddf3b991e9c6f8abe89d47,true,①,IN_SCOPE_FORWARD,,,CLOSED_NO_SHARED_ASSET
archive/exams/original/high/h1/1final/25_매산여고_1학기_기말_고1_기출c.js|25_매산여고_1학기_기말_고1_기출|5,archive/exams/original/high/h1/1final/25_매산여고_1학기_기말_고1_기출c.js,25_매산여고_1학기_기말_고1_기출,5,5,5,2022,공통수학1,H22-C-07,합의 법칙과 곱의 법칙,7,H22-C-07-CORE,합의 법칙과 곱의 법칙 핵심 개념,rule_inferred,complete_rule,객관식,grid,false,객관식|계수비교|지수|경우의수|부등식|자연수조건|개수세기|조건해석,0f11ddafd514a1deabac96e3872d86fc612468f5f03e44a09413a0012f179e83,474edc31f4f2e7230a4eb02b303d977a121cf88a73a2b83f28756af79a478869,dfde05a3668030e99ca64d8d4ae5f6b64c7a87cee61c0ba43904b92ef210191d,e35e14c396295cf0fa4e39f677797411e6bcf77cc08b6d344df5e020c3a9674a,,,,,0,LOADED_VM,,NOT_STARTED,NOT_STARTED,NOT_STARTED,SVG_OPTIONAL,SVG_OPTIONAL,,,NONE,NO_PROBLEM_VISUAL,N/A,NONE,NOT_STARTED,,,,NOT_STARTED,NOT_STARTED,NOT_STARTED,NOT_TESTED,PASS,canonical_and_compiled_master_match,INVENTORY_PENDING,01_scope_inventory.csv#archive/exams/original/high/h1/1final/25_매산여고_1학기_기말_고1_기출c.js|25_매산여고_1학기_기말_고1_기출|5,,INDEX_RECORD_PRESENT,original/high/h1/1final/25_매산여고_1학기_기말_고1_기출c.js_5,0ef04d08e506a216b71e86e5f89b0ae8e8790f8d367682721564ca87ab3415cd,true,②,IN_SCOPE_FORWARD,,,CLOSED_NO_SHARED_ASSET
archive/exams/original/high/h1/1final/25_순천고_1학기_기말_고1_기출c.js|25_순천고_1학기_기말_고1_기출|2,archive/exams/original/high/h1/1final/25_순천고_1학기_기말_고1_기출c.js,25_순천고_1학기_기말_고1_기출,2,2,2,2022,공통수학1,H22-C-07,합의 법칙과 곱의 법칙,7,H22-C-07-CORE,합의 법칙과 곱의 법칙 핵심 개념,rule_inferred,complete_rule,객관식,grid,false,객관식|경우의수|개수세기|계산,4850666e501a4a54a210dd704596b69605d783c657895fb8a4a91d90fb51f1b7,a542e66ad81f031f8f5d3e15cfe9e984acaa339ba072265d7d3ec072665042a9,b15be6cb71072b84f7e1e198ce023fc5bb8b1e625335904ddcf3cffcd8b7312b,f6939781f823871bf232e9d53198578ac590b7e299720a3a08e8842ca70bb89f,,,,,0,LOADED_VM,,NOT_STARTED,NOT_STARTED,NOT_STARTED,SVG_OPTIONAL,SVG_OPTIONAL,,,NONE,NO_PROBLEM_VISUAL,N/A,NONE,NOT_STARTED,,,,NOT_STARTED,NOT_STARTED,NOT_STARTED,NOT_TESTED,PASS,canonical_and_compiled_master_match,INVENTORY_PENDING,01_scope_inventory.csv#archive/exams/original/high/h1/1final/25_순천고_1학기_기말_고1_기출c.js|25_순천고_1학기_기말_고1_기출|2,,INDEX_RECORD_PRESENT,original/high/h1/1final/25_순천고_1학기_기말_고1_기출c.js_2,762b264f7d8f272aad64551e30eb458b7497a45683c534fc56bb7b0930020607,true,③,IN_SCOPE_FORWARD,,,CLOSED_NO_SHARED_ASSET
archive/exams/original/high/h1/1final/25_순천고_1학기_기말_고1_기출c.js|25_순천고_1학기_기말_고1_기출|10,archive/exams/original/high/h1/1final/25_순천고_1학기_기말_고1_기출c.js,25_순천고_1학기_기말_고1_기출,10,10,10,2022,공통수학1,H22-C-07,합의 법칙과 곱의 법칙,7,H22-C-07-CORE,합의 법칙과 곱의 법칙 핵심 개념,rule_inferred,complete_rule,객관식,grid,false,객관식|경우의수|개수세기|계산,cf069678b1726b0bf066a37b17bdd662d40e8bfb08eafb5891bab9a7679d260f,4e8f0de0dba8bb3d71071d2211b9c1eca7a92922ea130dcbe9fbc5f64bce77e8,d41ea6521f53fb3dfa10cf72e2932f4405d9c999fa422cdc840d25d57e90dd34,9afa7cbfe0f242c751719c3eee68930ee694bf48056a8a8c3bb27e1ddb874d5a,,,,,0,LOADED_VM,,NOT_STARTED,NOT_STARTED,NOT_STARTED,SVG_OPTIONAL,SVG_OPTIONAL,,,NONE,NO_PROBLEM_VISUAL,N/A,NONE,NOT_STARTED,,,,NOT_STARTED,NOT_STARTED,NOT_STARTED,NOT_TESTED,PASS,canonical_and_compiled_master_match,INVENTORY_PENDING,01_scope_inventory.csv#archive/exams/original/high/h1/1final/25_순천고_1학기_기말_고1_기출c.js|25_순천고_1학기_기말_고1_기출|10,,INDEX_RECORD_PRESENT,original/high/h1/1final/25_순천고_1학기_기말_고1_기출c.js_10,762b264f7d8f272aad64551e30eb458b7497a45683c534fc56bb7b0930020607,true,④,IN_SCOPE_FORWARD,,,CLOSED_NO_SHARED_ASSET
archive/exams/original/high/h1/1final/25_순천고_1학기_기말_고1_기출c.js|25_순천고_1학기_기말_고1_기출|23,archive/exams/original/high/h1/1final/25_순천고_1학기_기말_고1_기출c.js,25_순천고_1학기_기말_고1_기출,23,23,23,2022,공통수학1,H22-C-07,합의 법칙과 곱의 법칙,7,H22-C-07-CORE,합의 법칙과 곱의 법칙 핵심 개념,rule_inferred,complete_rule,단답형,grid,false,서술형|도형|경우의수|색칠하기,b3c0bbb81dc473395dc21e50b0334a823517ed3965c2e5b7beb07e4e05b76366,4f53cda18c2baa0c0354bb5f9a3ecbe5ed12ab4d8e11ba873c2f11161202b945,a92334673af818683791c6fc90465fa784da35f8bf03ee81222988cfe4190aac,66d22582821bc22dd9429fdf084337b45a1c3c3cdc7a7846428d506b40f22f9e,assets/images/25_순천고_1학기_기말_고1_기출/q23.png,52c97aac393377e992b41d53a8afe4d76f01869078590deb8f1a1c92cf01b201,,,0,LOADED_VM,,NOT_STARTED,NOT_STARTED,NOT_STARTED,SVG_REQUIRED_MISSING,SVG_REQUIRED_MISSING,COORDINATE_OR_GEOMETRY_STRUCTURE|COUNTING_STRUCTURE,,VISUAL_CANDIDATE,PROBLEM_VISUAL_PRESENT,REVIEW_REQUIRED,NONE,NOT_STARTED,,,,NOT_STARTED,NOT_STARTED,NOT_STARTED,NOT_TESTED,PASS,canonical_and_compiled_master_match,INVENTORY_PENDING,01_scope_inventory.csv#archive/exams/original/high/h1/1final/25_순천고_1학기_기말_고1_기출c.js|25_순천고_1학기_기말_고1_기출|23,[object Object],INDEX_RECORD_PRESENT,original/high/h1/1final/25_순천고_1학기_기말_고1_기출c.js_23,762b264f7d8f272aad64551e30eb458b7497a45683c534fc56bb7b0930020607,true,$1020$,IN_SCOPE_FORWARD,,,CLOSED_NO_SHARED_ASSET
archive/exams/original/high/h1/1final/25_순천여고_1학기_기말_고1_기출c.js|25_순천여고_1학기_기말_고1_기출|9,archive/exams/original/high/h1/1final/25_순천여고_1학기_기말_고1_기출c.js,25_순천여고_1학기_기말_고1_기출,9,9,9,2022,공통수학1,H22-C-07,합의 법칙과 곱의 법칙,7,H22-C-07-CORE,합의 법칙과 곱의 법칙 핵심 개념,rule_inferred,complete_rule,객관식,grid,false,객관식|경우의수|순열|조합|계산,ba82959c1060fb9d446a763cff8bee3aa5c6aae4bdd3a91d281e27bfd515dbf3,6ba5d4626a06d887efda2fdd6d021422f33385b4c0c6f6411f456363f09ad5ff,0bdef091c479702584f065d3a3714f8a76f851b3f0cf10912f345a5dd930b0a8,c317f65defc388402c592df1a3e02e3ab7a18f81dc63113c47ccebed7cad7573,,,,,0,LOADED_VM,,NOT_STARTED,NOT_STARTED,NOT_STARTED,SVG_REQUIRED_MISSING,SVG_REQUIRED_MISSING,COUNTING_STRUCTURE,,VISUAL_CANDIDATE,NO_PROBLEM_VISUAL,SCHEMATIC_OR_REVIEW,NONE,NOT_STARTED,,,,NOT_STARTED,NOT_STARTED,NOT_STARTED,NOT_TESTED,PASS,canonical_and_compiled_master_match,INVENTORY_PENDING,01_scope_inventory.csv#archive/exams/original/high/h1/1final/25_순천여고_1학기_기말_고1_기출c.js|25_순천여고_1학기_기말_고1_기출|9,,INDEX_RECORD_PRESENT,original/high/h1/1final/25_순천여고_1학기_기말_고1_기출c.js_9,a5b159a5a27143eb7b10e4349e4e2b5d9d6c32340460b7eaaa9d9199dccc1968,true,⑤,IN_SCOPE_FORWARD,,,CLOSED_NO_SHARED_ASSET
archive/exams/original/high/h1/1final/25_순천여고_1학기_기말_고1_기출c.js|25_순천여고_1학기_기말_고1_기출|10,archive/exams/original/high/h1/1final/25_순천여고_1학기_기말_고1_기출c.js,25_순천여고_1학기_기말_고1_기출,10,10,10,2022,공통수학1,H22-C-07,합의 법칙과 곱의 법칙,7,H22-C-07-CORE,합의 법칙과 곱의 법칙 핵심 개념,rule_inferred,complete_rule,객관식,grid,false,객관식|경우의수|순열|조합|계산,c8ae920c2f9b2414f1f77cb37edcedfb23468bde59dfde104247208c25a0dbef,ec3c74340854d3aedefa2f71774cb1565bdd7b73d86f01bc083a322f938fdcb8,0bdef091c479702584f065d3a3714f8a76f851b3f0cf10912f345a5dd930b0a8,1b2bc0fc4219e686f38e869d562cfe05dfd0dc4c9d477066364a75c883d7de0c,,,,,0,LOADED_VM,,NOT_STARTED,NOT_STARTED,NOT_STARTED,SVG_REQUIRED_MISSING,SVG_REQUIRED_MISSING,COUNTING_STRUCTURE,,VISUAL_CANDIDATE,NO_PROBLEM_VISUAL,SCHEMATIC_OR_REVIEW,NONE,NOT_STARTED,,,,NOT_STARTED,NOT_STARTED,NOT_STARTED,NOT_TESTED,PASS,canonical_and_compiled_master_match,INVENTORY_PENDING,01_scope_inventory.csv#archive/exams/original/high/h1/1final/25_순천여고_1학기_기말_고1_기출c.js|25_순천여고_1학기_기말_고1_기출|10,,INDEX_RECORD_PRESENT,original/high/h1/1final/25_순천여고_1학기_기말_고1_기출c.js_10,a5b159a5a27143eb7b10e4349e4e2b5d9d6c32340460b7eaaa9d9199dccc1968,true,⑤,IN_SCOPE_FORWARD,,,CLOSED_NO_SHARED_ASSET
archive/exams/original/high/h1/1final/25_제일고_1학기_기말_고1_기출c.js|25_제일고_1학기_기말_고1_기출|11,archive/exams/original/high/h1/1final/25_제일고_1학기_기말_고1_기출c.js,25_제일고_1학기_기말_고1_기출,11,11,11,2022,공통수학1,H22-C-07,합의 법칙과 곱의 법칙,7,H22-C-07-CORE,합의 법칙과 곱의 법칙 핵심 개념,rule_inferred,complete_rule,객관식,grid,false,객관식|최대최소|경우의수|자연수조건|범위|개수세기|조건해석|계산,0faf2143116f4ec4b6a97f408c4f502bf45bdd2ae0fc5aac6a13eb61888567a9,c8cb7a3252bcd8b6450899f3da09f1f91649e04584a833aa1d645ecfebd2f9ad,0bdef091c479702584f065d3a3714f8a76f851b3f0cf10912f345a5dd930b0a8,17f56c15ded04adc4668df245af229c23df4348eb11a9cbecb4a0f25eec833b1,,,,,0,LOADED_VM,,NOT_STARTED,NOT_STARTED,NOT_STARTED,SVG_REQUIRED_MISSING,SVG_REQUIRED_MISSING,COUNTING_STRUCTURE,,VISUAL_CANDIDATE,NO_PROBLEM_VISUAL,SCHEMATIC_OR_REVIEW,NONE,NOT_STARTED,,,,NOT_STARTED,NOT_STARTED,NOT_STARTED,NOT_TESTED,PASS,canonical_and_compiled_master_match,INVENTORY_PENDING,01_scope_inventory.csv#archive/exams/original/high/h1/1final/25_제일고_1학기_기말_고1_기출c.js|25_제일고_1학기_기말_고1_기출|11,,INDEX_RECORD_PRESENT,original/high/h1/1final/25_제일고_1학기_기말_고1_기출c.js_11,a9e6f864415a8d67761f4bd2e49e3518b9fc3dc83ea7d33496353d95e76c78a8,true,⑤,IN_SCOPE_FORWARD,,,CLOSED_NO_SHARED_ASSET
archive/exams/original/high/h1/1final/25_팔마고_1학기_기말_고1_기출c.js|25_팔마고_1학기_기말_고1_기출|3,archive/exams/original/high/h1/1final/25_팔마고_1학기_기말_고1_기출c.js,25_팔마고_1학기_기말_고1_기출,3,3,3,2022,공통수학1,H22-C-07,합의 법칙과 곱의 법칙,7,H22-C-07-CORE,합의 법칙과 곱의 법칙 핵심 개념,rule_inferred,complete_rule,객관식,grid,false,객관식|절댓값|경우의수|배반사건|범위|조건해석|계산,d798247e2be374384ff75865a150a641410c4e07f11d61f3c520b12756ec5718,33df25322b696566a74a473e6940f30d5f9cef7ece09c5631ef8d9de89413abe,d41ea6521f53fb3dfa10cf72e2932f4405d9c999fa422cdc840d25d57e90dd34,f4d11ec3498d6ca68cdf17dfbcfb1409e6b91b0d43987b9469133bff74622382,,,,,0,LOADED_VM,,NOT_STARTED,NOT_STARTED,NOT_STARTED,SVG_REQUIRED_MISSING,SVG_REQUIRED_MISSING,COUNTING_STRUCTURE,,VISUAL_CANDIDATE,NO_PROBLEM_VISUAL,SCHEMATIC_OR_REVIEW,NONE,NOT_STARTED,,,,NOT_STARTED,NOT_STARTED,NOT_STARTED,NOT_TESTED,PASS,canonical_and_compiled_master_match,INVENTORY_PENDING,01_scope_inventory.csv#archive/exams/original/high/h1/1final/25_팔마고_1학기_기말_고1_기출c.js|25_팔마고_1학기_기말_고1_기출|3,,INDEX_RECORD_PRESENT,original/high/h1/1final/25_팔마고_1학기_기말_고1_기출c.js_3,388ab5f3fa9588445802e2858e5370458c7616fa78093059e16a2154e17b7fe0,true,④,IN_SCOPE_FORWARD,,,CLOSED_NO_SHARED_ASSET
archive/exams/original/high/h1/1final/25_효천고_1학기_기말_고1_기출c.js|25_효천고_1학기_기말_고1_기출|10,archive/exams/original/high/h1/1final/25_효천고_1학기_기말_고1_기출c.js,25_효천고_1학기_기말_고1_기출,10,10,10,2022,공통수학1,H22-C-07,합의 법칙과 곱의 법칙,7,H22-C-07-CORE,합의 법칙과 곱의 법칙 핵심 개념,rule_inferred,complete_rule,객관식,grid,false,객관식|인수분해|최대최소|지수|경우의수|범위|개수세기|조건해석,438961fd1ba7585fd9df3b0b814c2e47317d5309896913191c13aba0ab1d29d3,bae74811c110f60914ef3b68d373e8938ca9465fabcca9be914a21c841edfd91,973d2fd2f97e26a666f403b12da6d87e527985b36bcf4ff0a47c7e7e8c36321a,abcbfda86a67bc4ad710e18026a2124935c92cab58cabca7c5730d3b7fae5269,,,,,0,LOADED_VM,,NOT_STARTED,NOT_STARTED,NOT_STARTED,SVG_REQUIRED_MISSING,SVG_REQUIRED_MISSING,COUNTING_STRUCTURE,,VISUAL_CANDIDATE,NO_PROBLEM_VISUAL,SCHEMATIC_OR_REVIEW,NONE,NOT_STARTED,,,,NOT_STARTED,NOT_STARTED,NOT_STARTED,NOT_TESTED,PASS,canonical_and_compiled_master_match,INVENTORY_PENDING,01_scope_inventory.csv#archive/exams/original/high/h1/1final/25_효천고_1학기_기말_고1_기출c.js|25_효천고_1학기_기말_고1_기출|10,,INDEX_RECORD_PRESENT,original/high/h1/1final/25_효천고_1학기_기말_고1_기출c.js_10,771ad74a438b1ee28cf6d3a5cac035fea71c591b09f4e5db66ac256c7ca5abf5,true,①,IN_SCOPE_FORWARD,,,CLOSED_NO_SHARED_ASSET
archive/exams/original/high/h1/1final/25_효천고_1학기_기말_고1_기출c.js|25_효천고_1학기_기말_고1_기출|23,archive/exams/original/high/h1/1final/25_효천고_1학기_기말_고1_기출c.js,25_효천고_1학기_기말_고1_기출,23,23,23,2022,공통수학1,H22-C-07,합의 법칙과 곱의 법칙,7,H22-C-07-CORE,합의 법칙과 곱의 법칙 핵심 개념,rule_inferred,complete_rule,서술형,grid,false,서술형,a2348d2573fe74a9b86882c8a853fc96a33e7554d816a51e17340497a52d5112,4f53cda18c2baa0c0354bb5f9a3ecbe5ed12ab4d8e11ba873c2f11161202b945,f527aaa35b687f6f988529bf4639204f26bfb9d396658bc6adaf01ff2641469c,4687a84463b63cdc9ad81f07071150ac5b3679954c88bab3e6b8f6d412b99217,,,,,0,LOADED_VM,,NOT_STARTED,NOT_STARTED,NOT_STARTED,SVG_REQUIRED_MISSING,SVG_REQUIRED_MISSING,SET_OR_LOGIC_STRUCTURE|COUNTING_STRUCTURE,,VISUAL_CANDIDATE,NO_PROBLEM_VISUAL,SCHEMATIC_OR_REVIEW,NONE,NOT_STARTED,,,,NOT_STARTED,NOT_STARTED,NOT_STARTED,NOT_TESTED,PASS,canonical_and_compiled_master_match,INVENTORY_PENDING,01_scope_inventory.csv#archive/exams/original/high/h1/1final/25_효천고_1학기_기말_고1_기출c.js|25_효천고_1학기_기말_고1_기출|23,,INDEX_RECORD_PRESENT,original/high/h1/1final/25_효천고_1학기_기말_고1_기출c.js_23,771ad74a438b1ee28cf6d3a5cac035fea71c591b09f4e5db66ac256c7ca5abf5,true,169,IN_SCOPE_FORWARD,,,CLOSED_NO_SHARED_ASSET
archive/exams/original/high/h1/1final/26_금당고_1학기_기말_고1_기출.js|26_금당고_1학기_기말_고1_기출|12,archive/exams/original/high/h1/1final/26_금당고_1학기_기말_고1_기출.js,26_금당고_1학기_기말_고1_기출,12,12,12,2022,공통수학1,H22-C-07,합의 법칙과 곱의 법칙,7,H22-C-07-CORE,합의 법칙과 곱의 법칙 핵심 개념,rule_inferred,complete_rule,객관식,grid,false,객관식|경우의수|도형|경로,b3bb697296471e6f1b44151349bb671f4d5e197eee8fe10ad4ae84cd014a8ec5,67862078171b309e988204f0159440c95592d4bf2138db7a828ff89bce1e42ac,973d2fd2f97e26a666f403b12da6d87e527985b36bcf4ff0a47c7e7e8c36321a,c9c3cd46024568ec037ecf8c1b3b0f643e6c04e3fa045e40ac88ce6184b4c7b3,assets/images/26_금당고_1학기_기말_고1_기출/q12.png,362f81faf22d80ff79ede2a4853f88a5a821ced79fab1009ed85c2af70e20c00,,,0,LOADED_VM,,NOT_STARTED,NOT_STARTED,NOT_STARTED,SVG_REQUIRED_MISSING,SVG_REQUIRED_MISSING,COORDINATE_OR_GEOMETRY_STRUCTURE|COUNTING_STRUCTURE,,VISUAL_CANDIDATE,PROBLEM_VISUAL_PRESENT,REVIEW_REQUIRED,NONE,NOT_STARTED,,,,NOT_STARTED,NOT_STARTED,NOT_STARTED,NOT_TESTED,PASS,canonical_and_compiled_master_match,INVENTORY_PENDING,01_scope_inventory.csv#archive/exams/original/high/h1/1final/26_금당고_1학기_기말_고1_기출.js|26_금당고_1학기_기말_고1_기출|12,[object Object],INDEX_RECORD_PRESENT,original/high/h1/1final/26_금당고_1학기_기말_고1_기출.js_12,614f4fffefcfd228ba0b1d79c0fe46c3a11a82832e9caae514f1ed21a56810b9,true,①,IN_SCOPE_FORWARD,,,CLOSED_NO_SHARED_ASSET
archive/exams/original/high/h1/1final/26_금당고_1학기_기말_고1_기출.js|26_금당고_1학기_기말_고1_기출|17,archive/exams/original/high/h1/1final/26_금당고_1학기_기말_고1_기출.js,26_금당고_1학기_기말_고1_기출,17,17,17,2022,공통수학1,H22-C-07,합의 법칙과 곱의 법칙,7,H22-C-07-CORE,합의 법칙과 곱의 법칙 핵심 개념,rule_inferred,complete_rule,객관식,grid,false,객관식|경우의수|상태변화|곱의법칙,7aca079bf18af87963b7e91e33bc41b96f2ed84c12134dc21c55ea97b05d910b,9f0ff1839d3911957b953f7eb8498deabc623578c7ff523da66e69ff48c05097,0bdef091c479702584f065d3a3714f8a76f851b3f0cf10912f345a5dd930b0a8,2dc4a4a48ce2f447ff3f674a8708a055b3831aa004bc1a8edf1df48e5b5b9575,,,,,0,LOADED_VM,,NOT_STARTED,NOT_STARTED,NOT_STARTED,SVG_REQUIRED_MISSING,SVG_REQUIRED_MISSING,COUNTING_STRUCTURE,,VISUAL_CANDIDATE,NO_PROBLEM_VISUAL,SCHEMATIC_OR_REVIEW,NONE,NOT_STARTED,,,,NOT_STARTED,NOT_STARTED,NOT_STARTED,NOT_TESTED,PASS,canonical_and_compiled_master_match,INVENTORY_PENDING,01_scope_inventory.csv#archive/exams/original/high/h1/1final/26_금당고_1학기_기말_고1_기출.js|26_금당고_1학기_기말_고1_기출|17,,INDEX_RECORD_PRESENT,original/high/h1/1final/26_금당고_1학기_기말_고1_기출.js_17,614f4fffefcfd228ba0b1d79c0fe46c3a11a82832e9caae514f1ed21a56810b9,true,⑤,IN_SCOPE_FORWARD,,,CLOSED_NO_SHARED_ASSET
archive/exams/original/high/h1/1final/26_매산고_1학기_기말_고1_기출.js|26_매산고_1학기_기말_고1_기출|3,archive/exams/original/high/h1/1final/26_매산고_1학기_기말_고1_기출.js,26_매산고_1학기_기말_고1_기출,3,3,3,2022,공통수학1,H22-C-07,합의 법칙과 곱의 법칙,7,H22-C-07-CORE,합의 법칙과 곱의 법칙 핵심 개념,rule_inferred,complete_rule,객관식,grid,false,객관식|합의 법칙과 곱의 법칙,85c4ae2405415e4ebc85b4f16d68a1dce3114c2e37c9c0289241a56c6d548eac,a0ab0efb79ed7365541d22f0001cad7707baf88ba5d4ca0128a7cb8fba36dcd5,dfde05a3668030e99ca64d8d4ae5f6b64c7a87cee61c0ba43904b92ef210191d,aefb4180b64dab6452d76253fc4969018be3b9125ae61b5a61ac357d7ea5bf50,,,,,0,LOADED_VM,,NOT_STARTED,NOT_STARTED,NOT_STARTED,SVG_REQUIRED_MISSING,SVG_REQUIRED_MISSING,COUNTING_STRUCTURE,,VISUAL_CANDIDATE,NO_PROBLEM_VISUAL,SCHEMATIC_OR_REVIEW,NONE,NOT_STARTED,,,,NOT_STARTED,NOT_STARTED,NOT_STARTED,NOT_TESTED,PASS,canonical_and_compiled_master_match,INVENTORY_PENDING,01_scope_inventory.csv#archive/exams/original/high/h1/1final/26_매산고_1학기_기말_고1_기출.js|26_매산고_1학기_기말_고1_기출|3,,INDEX_RECORD_PRESENT,original/high/h1/1final/26_매산고_1학기_기말_고1_기출.js_3,16a083f8b24faa1bd46a651d251b26e97c113b44369a475e3959dde0324981ee,true,②,IN_SCOPE_FORWARD,,,CLOSED_NO_SHARED_ASSET
archive/exams/original/high/h1/1final/26_순천고_1학기_기말_고1_기출.js|26_순천고_1학기_기말_고1_기출|1,archive/exams/original/high/h1/1final/26_순천고_1학기_기말_고1_기출.js,26_순천고_1학기_기말_고1_기출,1,1,1,2022,공통수학1,H22-C-07,합의 법칙과 곱의 법칙,7,H22-C-07-CORE,합의 법칙과 곱의 법칙 핵심 개념,rule_inferred,complete_rule,객관식,grid,false,객관식|합의 법칙과 곱의 법칙,5b7239cb208c4f7805d9234d8881f43f699c0e78bcfb28460bcc82c35ff7c8de,343e54f2c81a8e80ad5dc43d1def35f12bd2e8b2624f0cd3ce37b2c3bff12cbe,d41ea6521f53fb3dfa10cf72e2932f4405d9c999fa422cdc840d25d57e90dd34,1bd6aeb629e76933afc35ec40f56ba7d880f02aa047ee347ba2e186fc378b0f1,,,,,0,LOADED_VM,,NOT_STARTED,NOT_STARTED,NOT_STARTED,SVG_REQUIRED_MISSING,SVG_REQUIRED_MISSING,COUNTING_STRUCTURE,,VISUAL_CANDIDATE,NO_PROBLEM_VISUAL,SCHEMATIC_OR_REVIEW,NONE,NOT_STARTED,,,,NOT_STARTED,NOT_STARTED,NOT_STARTED,NOT_TESTED,PASS,canonical_and_compiled_master_match,INVENTORY_PENDING,01_scope_inventory.csv#archive/exams/original/high/h1/1final/26_순천고_1학기_기말_고1_기출.js|26_순천고_1학기_기말_고1_기출|1,,INDEX_RECORD_PRESENT,original/high/h1/1final/26_순천고_1학기_기말_고1_기출.js_1,0b801b4458088da27bd1cf00fe877b64992455bc3475617bc5a909075d2de80f,true,④,IN_SCOPE_FORWARD,,,CLOSED_NO_SHARED_ASSET
archive/exams/original/high/h1/1final/26_순천여고_1학기_기말_고1_기출.js|26_순천여고_1학기_기말_고1_기출|1,archive/exams/original/high/h1/1final/26_순천여고_1학기_기말_고1_기출.js,26_순천여고_1학기_기말_고1_기출,1,1,1,2022,공통수학1,H22-C-07,합의 법칙과 곱의 법칙,7,H22-C-07-CORE,합의 법칙과 곱의 법칙 핵심 개념,rule_inferred,complete_rule,객관식,grid,false,,9ffe2a5d9cddfeb92d45ade6de95831f841707d49711c517ebc5bb98e231f1d2,9aa9667a7d8dafa9f5c7c06f318e627f69e73f1d182ca65e8f0e3112201ef1b1,0bdef091c479702584f065d3a3714f8a76f851b3f0cf10912f345a5dd930b0a8,9193bc092b3b458ec6299d7de8ed5bb8ed4df28649fdbbc711177816d2851544,,,,,0,LOADED_VM,,NOT_STARTED,NOT_STARTED,NOT_STARTED,SVG_REQUIRED_MISSING,SVG_REQUIRED_MISSING,COUNTING_STRUCTURE,,VISUAL_CANDIDATE,NO_PROBLEM_VISUAL,SCHEMATIC_OR_REVIEW,NONE,NOT_STARTED,,,,NOT_STARTED,NOT_STARTED,NOT_STARTED,NOT_TESTED,PASS,canonical_and_compiled_master_match,INVENTORY_PENDING,01_scope_inventory.csv#archive/exams/original/high/h1/1final/26_순천여고_1학기_기말_고1_기출.js|26_순천여고_1학기_기말_고1_기출|1,,INDEX_RECORD_PRESENT,original/high/h1/1final/26_순천여고_1학기_기말_고1_기출.js_1,bd5f942a1354d79dac6a827e48179b103e002ebbe3ccb90850835786c2c8f0c6,true,⑤,IN_SCOPE_FORWARD,,,CLOSED_NO_SHARED_ASSET
archive/exams/original/high/h1/1final/26_순천여고_1학기_기말_고1_기출.js|26_순천여고_1학기_기말_고1_기출|3,archive/exams/original/high/h1/1final/26_순천여고_1학기_기말_고1_기출.js,26_순천여고_1학기_기말_고1_기출,3,3,3,2022,공통수학1,H22-C-07,합의 법칙과 곱의 법칙,7,H22-C-07-CORE,합의 법칙과 곱의 법칙 핵심 개념,rule_inferred,complete_rule,객관식,grid,false,,2a87ad9e76586d0e14b369a45c102c6479559e9d2c19eb0e8fccbfb65bba4bf9,c8b8cf01f0745f53e2bf9ef46aadea6902e8bb3768d9c85e8be9a91fa45d5da8,dfde05a3668030e99ca64d8d4ae5f6b64c7a87cee61c0ba43904b92ef210191d,c6fdc8d36eb2257f8086e73fe3130589ba4cc0e479da5b82294ff68e0b9b0363,,,,,0,LOADED_VM,,NOT_STARTED,NOT_STARTED,NOT_STARTED,SVG_OPTIONAL,SVG_OPTIONAL,,,NONE,NO_PROBLEM_VISUAL,N/A,NONE,NOT_STARTED,,,,NOT_STARTED,NOT_STARTED,NOT_STARTED,NOT_TESTED,PASS,canonical_and_compiled_master_match,INVENTORY_PENDING,01_scope_inventory.csv#archive/exams/original/high/h1/1final/26_순천여고_1학기_기말_고1_기출.js|26_순천여고_1학기_기말_고1_기출|3,,INDEX_RECORD_PRESENT,original/high/h1/1final/26_순천여고_1학기_기말_고1_기출.js_3,bd5f942a1354d79dac6a827e48179b103e002ebbe3ccb90850835786c2c8f0c6,true,②,IN_SCOPE_FORWARD,,,CLOSED_NO_SHARED_ASSET
archive/exams/original/high/h1/1final/26_팔마고_1학기_기말_고1_기출.js|26_팔마고_1학기_기말_고1_기출|5,archive/exams/original/high/h1/1final/26_팔마고_1학기_기말_고1_기출.js,26_팔마고_1학기_기말_고1_기출,5,5,5,2022,공통수학1,H22-C-07,합의 법칙과 곱의 법칙,7,H22-C-07-CORE,합의 법칙과 곱의 법칙 핵심 개념,rule_inferred,complete_rule,객관식,grid,false,객관식|합의 법칙과 곱의 법칙,a42fd215a9d963d30ec1c2f825ccf531ae5b13c3e536d0b17114f1e9be7b5f6d,203d75e6a1509843c310291fcebcf52ebcb0eb667d948cfac58180a838540a7b,0bdef091c479702584f065d3a3714f8a76f851b3f0cf10912f345a5dd930b0a8,6ba9b6f8a95c8b50e1931b5c470694736257322376a2f45271107a332fc5ed87,,,,,0,LOADED_VM,,NOT_STARTED,NOT_STARTED,NOT_STARTED,SVG_REQUIRED_MISSING,SVG_REQUIRED_MISSING,COUNTING_STRUCTURE,,VISUAL_CANDIDATE,NO_PROBLEM_VISUAL,SCHEMATIC_OR_REVIEW,NONE,NOT_STARTED,,,,NOT_STARTED,NOT_STARTED,NOT_STARTED,NOT_TESTED,PASS,canonical_and_compiled_master_match,INVENTORY_PENDING,01_scope_inventory.csv#archive/exams/original/high/h1/1final/26_팔마고_1학기_기말_고1_기출.js|26_팔마고_1학기_기말_고1_기출|5,,INDEX_RECORD_PRESENT,original/high/h1/1final/26_팔마고_1학기_기말_고1_기출.js_5,bb8d68040dac365bbc76d1d920e1e62611c8441be978e79c621b3f3831be320f,true,⑤,IN_SCOPE_FORWARD,,,CLOSED_NO_SHARED_ASSET
archive/exams/original/high/h1/1final/26_팔마고_1학기_기말_고1_기출.js|26_팔마고_1학기_기말_고1_기출|16,archive/exams/original/high/h1/1final/26_팔마고_1학기_기말_고1_기출.js,26_팔마고_1학기_기말_고1_기출,16,16,16,2022,공통수학1,H22-C-07,합의 법칙과 곱의 법칙,7,H22-C-07-CORE,합의 법칙과 곱의 법칙 핵심 개념,rule_inferred,complete_rule,객관식,grid,false,객관식|합의 법칙과 곱의 법칙,ed06f67664297457d188a7b4372aa8b76f3e2689d4b3f04ce4667ba07d4b64e2,03b5501cca3e03793c6623c3e68830953ab3b450e1698b3ebb99ab75e4d72119,b15be6cb71072b84f7e1e198ce023fc5bb8b1e625335904ddcf3cffcd8b7312b,36fdbd5ab002b1fbc30883ef03721ab5709282072c263d09b578ecc2c0e23697,,,,,0,LOADED_VM,,NOT_STARTED,NOT_STARTED,NOT_STARTED,SVG_REQUIRED_MISSING,SVG_REQUIRED_MISSING,COUNTING_STRUCTURE,,VISUAL_CANDIDATE,NO_PROBLEM_VISUAL,SCHEMATIC_OR_REVIEW,NONE,NOT_STARTED,,,,NOT_STARTED,NOT_STARTED,NOT_STARTED,NOT_TESTED,PASS,canonical_and_compiled_master_match,INVENTORY_PENDING,01_scope_inventory.csv#archive/exams/original/high/h1/1final/26_팔마고_1학기_기말_고1_기출.js|26_팔마고_1학기_기말_고1_기출|16,,INDEX_RECORD_PRESENT,original/high/h1/1final/26_팔마고_1학기_기말_고1_기출.js_16,bb8d68040dac365bbc76d1d920e1e62611c8441be978e79c621b3f3831be320f,true,③,IN_SCOPE_FORWARD,,,CLOSED_NO_SHARED_ASSET
archive/exams/original/high/h1/1final/26_효천고_1학기_기말_고1_기출.js|26_효천고_1학기_기말_고1_기출|9,archive/exams/original/high/h1/1final/26_효천고_1학기_기말_고1_기출.js,26_효천고_1학기_기말_고1_기출,9,9,9,2022,공통수학1,H22-C-07,합의 법칙과 곱의 법칙,7,H22-C-07-CORE,합의 법칙과 곱의 법칙 핵심 개념,rule_inferred,complete_rule,객관식,grid,false,,5f29020129104ffb8d836ebcc083cf2fba61e3c011c7b64e9f06097c9e79a85d,754528110d15c892d0c9a170ee8e8009b6025f72f690ba04b45610c37ede7cb8,0bdef091c479702584f065d3a3714f8a76f851b3f0cf10912f345a5dd930b0a8,97137d04e6a1a21f612ad72977da9db26b3006f6f03c5329b9323593ff7d45e9,,,,,0,LOADED_VM,,NOT_STARTED,NOT_STARTED,NOT_STARTED,SVG_OPTIONAL,SVG_OPTIONAL,,,NONE,NO_PROBLEM_VISUAL,N/A,NONE,NOT_STARTED,,,,NOT_STARTED,NOT_STARTED,NOT_STARTED,NOT_TESTED,PASS,canonical_and_compiled_master_match,INVENTORY_PENDING,01_scope_inventory.csv#archive/exams/original/high/h1/1final/26_효천고_1학기_기말_고1_기출.js|26_효천고_1학기_기말_고1_기출|9,,INDEX_RECORD_PRESENT,original/high/h1/1final/26_효천고_1학기_기말_고1_기출.js_9,9ded0f1af40839a0d7f308d40d08e36e033349ba98f60f185adc4d0316bc237e,true,⑤,IN_SCOPE_FORWARD,,,CLOSED_NO_SHARED_ASSET
archive/exams/original/high/h1/1final/26_효천고_1학기_기말_고1_기출.js|26_효천고_1학기_기말_고1_기출|10,archive/exams/original/high/h1/1final/26_효천고_1학기_기말_고1_기출.js,26_효천고_1학기_기말_고1_기출,10,10,10,2022,공통수학1,H22-C-07,합의 법칙과 곱의 법칙,7,H22-C-07-CORE,합의 법칙과 곱의 법칙 핵심 개념,rule_inferred,complete_rule,객관식,grid,false,도형,9f326c1403965d5b32b9441bcdf34299f747da010e27eea502da86f102fc3bcd,068fa09731794a8bc6ee0be8d738948dceee16016694cade192b769949045e5a,dfde05a3668030e99ca64d8d4ae5f6b64c7a87cee61c0ba43904b92ef210191d,f11039021884949fe2a379ffef844ec0ea15e7a3ca901c8b16680acbb9686e2d,assets/images/26_효천고_1학기_기말_고1_기출/q10.png,b91d1bc940e404d3b9208db6f7deccf0ab9893cd0db86778cb7a3db5b428256f,,,0,LOADED_VM,,NOT_STARTED,NOT_STARTED,NOT_STARTED,SVG_REQUIRED_MISSING,SVG_REQUIRED_MISSING,COORDINATE_OR_GEOMETRY_STRUCTURE|COUNTING_STRUCTURE,,VISUAL_CANDIDATE,PROBLEM_VISUAL_PRESENT,REVIEW_REQUIRED,NONE,NOT_STARTED,,,,NOT_STARTED,NOT_STARTED,NOT_STARTED,NOT_TESTED,PASS,canonical_and_compiled_master_match,INVENTORY_PENDING,01_scope_inventory.csv#archive/exams/original/high/h1/1final/26_효천고_1학기_기말_고1_기출.js|26_효천고_1학기_기말_고1_기출|10,[object Object],INDEX_RECORD_PRESENT,original/high/h1/1final/26_효천고_1학기_기말_고1_기출.js_10,9ded0f1af40839a0d7f308d40d08e36e033349ba98f60f185adc4d0316bc237e,true,②,IN_SCOPE_FORWARD,,,CLOSED_NO_SHARED_ASSET
archive/exams/original/high/h1/1final/26_효천고_1학기_기말_고1_기출.js|26_효천고_1학기_기말_고1_기출|14,archive/exams/original/high/h1/1final/26_효천고_1학기_기말_고1_기출.js,26_효천고_1학기_기말_고1_기출,14,14,14,2022,공통수학1,H22-C-07,합의 법칙과 곱의 법칙,7,H22-C-07-CORE,합의 법칙과 곱의 법칙 핵심 개념,rule_inferred,complete_rule,객관식,grid,false,표,100263715039250dc5c25f8b5734c897b424ce74bc8737f5b5e07100dd0ff8c3,06da36d5c9d1196923b07baaefc1faac475670fe14727468dcdac70e570261e7,d41ea6521f53fb3dfa10cf72e2932f4405d9c999fa422cdc840d25d57e90dd34,311b74206a1b3d7f8f541e6169d96886779fbee6f19aa2df28aa727ff5b4288f,,,,,0,LOADED_VM,,NOT_STARTED,NOT_STARTED,NOT_STARTED,SVG_REQUIRED_MISSING,SVG_REQUIRED_MISSING,COUNTING_STRUCTURE|TABLE_OR_MATRIX_STRUCTURE,,VISUAL_CANDIDATE,NO_PROBLEM_VISUAL,SCHEMATIC_OR_REVIEW,NONE,NOT_STARTED,,,,NOT_STARTED,NOT_STARTED,NOT_STARTED,NOT_TESTED,PASS,canonical_and_compiled_master_match,INVENTORY_PENDING,01_scope_inventory.csv#archive/exams/original/high/h1/1final/26_효천고_1학기_기말_고1_기출.js|26_효천고_1학기_기말_고1_기출|14,,INDEX_RECORD_PRESENT,original/high/h1/1final/26_효천고_1학기_기말_고1_기출.js_14,9ded0f1af40839a0d7f308d40d08e36e033349ba98f60f185adc4d0316bc237e,true,④,IN_SCOPE_FORWARD,,,CLOSED_NO_SHARED_ASSET
archive/exams/original/high/h1/1final/26_효천고_1학기_기말_고1_기출.js|26_효천고_1학기_기말_고1_기출|15,archive/exams/original/high/h1/1final/26_효천고_1학기_기말_고1_기출.js,26_효천고_1학기_기말_고1_기출,15,15,15,2022,공통수학1,H22-C-07,합의 법칙과 곱의 법칙,7,H22-C-07-CORE,합의 법칙과 곱의 법칙 핵심 개념,rule_inferred,complete_rule,객관식,grid,false,표,a73d85b9e9954db5596a383e63a4d3854b20effa83434df61902aeefa48f1f25,e1ed202555e80d1899e340ebc39554a1d182ae07734051fd13e1309dfa574559,0bdef091c479702584f065d3a3714f8a76f851b3f0cf10912f345a5dd930b0a8,ecb166ea0be6ddfa2553a22990ca06445e7392f74eee0865c1c4f60ecf12c603,,,,,0,LOADED_VM,,NOT_STARTED,NOT_STARTED,NOT_STARTED,SVG_REQUIRED_MISSING,SVG_REQUIRED_MISSING,SET_OR_LOGIC_STRUCTURE|COUNTING_STRUCTURE|TABLE_OR_MATRIX_STRUCTURE,,VISUAL_CANDIDATE,NO_PROBLEM_VISUAL,SCHEMATIC_OR_REVIEW,NONE,NOT_STARTED,,,,NOT_STARTED,NOT_STARTED,NOT_STARTED,NOT_TESTED,PASS,canonical_and_compiled_master_match,INVENTORY_PENDING,01_scope_inventory.csv#archive/exams/original/high/h1/1final/26_효천고_1학기_기말_고1_기출.js|26_효천고_1학기_기말_고1_기출|15,,INDEX_RECORD_PRESENT,original/high/h1/1final/26_효천고_1학기_기말_고1_기출.js_15,9ded0f1af40839a0d7f308d40d08e36e033349ba98f60f185adc4d0316bc237e,true,⑤,IN_SCOPE_FORWARD,,,CLOSED_NO_SHARED_ASSET
archive/exams/original/high/h1/1mid/23_부영여고_1학기_중간_고1_기출.js|23_부영여고_1학기_중간_고1_기출|3,archive/exams/original/high/h1/1mid/23_부영여고_1학기_중간_고1_기출.js,23_부영여고_1학기_중간_고1_기출,3,3,3,2015,수학(상),H15-SA-07,여러 가지 방정식,7,H15-SA-07-SUBSTITUTION_SYSTEM,치환과 연립방정식,category_or_cue_inferred,complete_category,객관식,grid,false,객관식|다항식|인수정리|인수분해|연립방정식|대입|계산,a4b0999b5967079543ef57b37c6cee916d4ed36cf33e203d82445938890cd07c,69a9976a586799e0497dba7d51a16a1a9d2afae2291f40aed6691bcef099f30c,b15be6cb71072b84f7e1e198ce023fc5bb8b1e625335904ddcf3cffcd8b7312b,4d13a805ac45850d8cc34afffc1c39952599e4c0990db0afd2ecaf10e5229feb,,,,,0,LOADED_VM,,NOT_STARTED,NOT_STARTED,NOT_STARTED,SVG_OPTIONAL,SVG_OPTIONAL,,,NONE,NO_PROBLEM_VISUAL,N/A,NONE,NOT_STARTED,,,,NOT_STARTED,NOT_STARTED,NOT_STARTED,NOT_TESTED,PASS,canonical_and_compiled_master_match,INVENTORY_PENDING,01_scope_inventory.csv#archive/exams/original/high/h1/1mid/23_부영여고_1학기_중간_고1_기출.js|23_부영여고_1학기_중간_고1_기출|3,,INDEX_RECORD_PRESENT,original/high/h1/1mid/23_부영여고_1학기_중간_고1_기출.js_3,bd5c7ae0dfd8afc3cf3b8508fbf0e2d868fd4c1d68484f4cd0bc589c374d288d,true,③,IN_SCOPE_FORWARD,,,CLOSED_NO_SHARED_ASSET
archive/exams/original/high/h1/1mid/23_한영고_1학기_중간_고1_기출.js|2023_한영고_1학기_중간_고1_수학상|18,archive/exams/original/high/h1/1mid/23_한영고_1학기_중간_고1_기출.js,2023_한영고_1학기_중간_고1_수학상,18,18,18,2015,수학(상),H15-SA-07,여러 가지 방정식,7,H15-SA-07-HIGHER_EQUATION,고차방정식의 풀이,candidate_evidence,complete_candidate,단답형,grid,false,서술형|인수분해|공통인수|판별식|부등식|조건해석|계산,ffead7efb9b12239698f6060ac20fd9bc00acb68523a90b2c6e05d680e87b62c,4f53cda18c2baa0c0354bb5f9a3ecbe5ed12ab4d8e11ba873c2f11161202b945,d10a4bc9e0c1fa4e8f3d7ce2512b8756e47ca5fa451f373c39a1431bb88db49f,9eed7c940f31d2fada3a32e273275562efe27b5bd0aab2a632128bd857b3cac6,,,,,0,LOADED_VM,,NOT_STARTED,NOT_STARTED,NOT_STARTED,SVG_OPTIONAL,SVG_OPTIONAL,,,NONE,NO_PROBLEM_VISUAL,N/A,NONE,NOT_STARTED,,,,NOT_STARTED,NOT_STARTED,NOT_STARTED,NOT_TESTED,PASS,canonical_and_compiled_master_match,INVENTORY_PENDING,01_scope_inventory.csv#archive/exams/original/high/h1/1mid/23_한영고_1학기_중간_고1_기출.js|2023_한영고_1학기_중간_고1_수학상|18,,INDEX_RECORD_PRESENT,original/high/h1/1mid/23_한영고_1학기_중간_고1_기출.js_18,483e70bb9d791873360b8c764f248dd96d89f7639ed952c2a63a4690af842e54,true,5,IN_SCOPE_FORWARD,,,CLOSED_NO_SHARED_ASSET
archive/exams/original/high/h1/1mid/24_한영고_1학기_중간_고1_기출.js|24_한영고_1학기_중간_고1_기출|7,archive/exams/original/high/h1/1mid/24_한영고_1학기_중간_고1_기출.js,24_한영고_1학기_중간_고1_기출,7,7,7,2015,수학(상),H15-SA-07,여러 가지 방정식,7,H15-SA-07-EQUATION_BASIC,방정식의 풀이,category_or_cue_inferred,complete_category,객관식,grid,false,객관식|제곱근|근호|인수분해|이차방정식|최대최소|연립방정식|대입,97e61246594f61d33913f6072a0510215c74eda3aa5d325ab82068715585bfb4,f6d8da527a32d3ed6c8d310401fa48e83a5741f85d9242c9dc5dd0c19f28b102,d41ea6521f53fb3dfa10cf72e2932f4405d9c999fa422cdc840d25d57e90dd34,86ae86d29bcc2dfc0566c3e5b6490addb852ff566fcfeefce5738c1de8ae9a7a,,,,,0,LOADED_VM,,NOT_STARTED,NOT_STARTED,NOT_STARTED,SVG_REQUIRED_MISSING,SVG_REQUIRED_MISSING,GRAPH_OR_FUNCTION_STRUCTURE,,GRAPH_CANDIDATE,NO_PROBLEM_VISUAL,REVIEW_REQUIRED,NONE,NOT_STARTED,,,,NOT_STARTED,NOT_STARTED,NOT_STARTED,NOT_TESTED,PASS,canonical_and_compiled_master_match,INVENTORY_PENDING,01_scope_inventory.csv#archive/exams/original/high/h1/1mid/24_한영고_1학기_중간_고1_기출.js|24_한영고_1학기_중간_고1_기출|7,,INDEX_RECORD_PRESENT,original/high/h1/1mid/24_한영고_1학기_중간_고1_기출.js_7,f4a5b636761d2fd7d765bbc5c13d442e0ab9d2aa09855dee1932257d8aa570f6,true,④,IN_SCOPE_FORWARD,,,CLOSED_NO_SHARED_ASSET
archive/exams/original/high/h1/1mid/24_한영고_1학기_중간_고1_기출.js|24_한영고_1학기_중간_고1_기출|18,archive/exams/original/high/h1/1mid/24_한영고_1학기_중간_고1_기출.js,24_한영고_1학기_중간_고1_기출,18,18,18,2015,수학(상),H15-SA-07,여러 가지 방정식,7,H15-SA-07-EQUATION_BASIC,방정식의 풀이,category_or_cue_inferred,complete_category,단답형,grid,false,객관식|제곱근|근호|분모유리화|나머지정리|계수비교|복소수|판별식,4e9c3cf349feed366cae4cc342efd208b02523844282f44cef57118a8959db2a,4f53cda18c2baa0c0354bb5f9a3ecbe5ed12ab4d8e11ba873c2f11161202b945,715952b8de0caa98df53d38b1841806f9c0d12b93dd0071b7c29452b210ba9d0,7007d02177da865a2a1827ee51f7995e6a4a292a1452357d82c4376eb1cc7dc7,,,,,0,LOADED_VM,,NOT_STARTED,NOT_STARTED,NOT_STARTED,SVG_OPTIONAL,SVG_OPTIONAL,,,NONE,NO_PROBLEM_VISUAL,N/A,NONE,NOT_STARTED,,,,NOT_STARTED,NOT_STARTED,NOT_STARTED,NOT_TESTED,PASS,canonical_and_compiled_master_match,INVENTORY_PENDING,01_scope_inventory.csv#archive/exams/original/high/h1/1mid/24_한영고_1학기_중간_고1_기출.js|24_한영고_1학기_중간_고1_기출|18,,INDEX_RECORD_PRESENT,original/high/h1/1mid/24_한영고_1학기_중간_고1_기출.js_18,f4a5b636761d2fd7d765bbc5c13d442e0ab9d2aa09855dee1932257d8aa570f6,true,-3-i,IN_SCOPE_FORWARD,,,CLOSED_NO_SHARED_ASSET
archive/exams/original/high/h1/2final/21_금당고_2학기_기말_고1_기출.js|21_금당고_2학기_기말_고1_기출|13,archive/exams/original/high/h1/2final/21_금당고_2학기_기말_고1_기출.js,21_금당고_2학기_기말_고1_기출,13,13,13,2015,수학(상),H15-SA-07,여러 가지 방정식,7,H15-SA-07-EQUATION_BASIC,방정식의 풀이,category_or_cue_inferred,complete_category,객관식,grid,false,,8087d70ef3acb7bd46abff9d8988aa08f37260212b3cc479c4d847f30252e053,2bb050b26e0e431bcf815e0d2f0627d2b05d057a997b98d4a843c4ed97a1b9da,b15be6cb71072b84f7e1e198ce023fc5bb8b1e625335904ddcf3cffcd8b7312b,3961890a793cb2c425a62a8ebcd9c0fc5bca21ea96db5fca8379ddc525f279ec,,,,,0,LOADED_VM,,NOT_STARTED,NOT_STARTED,NOT_STARTED,SVG_OPTIONAL,SVG_OPTIONAL,,,NONE,NO_PROBLEM_VISUAL,N/A,NONE,NOT_STARTED,,,,NOT_STARTED,NOT_STARTED,NOT_STARTED,NOT_TESTED,PASS,canonical_and_compiled_master_match,INVENTORY_PENDING,01_scope_inventory.csv#archive/exams/original/high/h1/2final/21_금당고_2학기_기말_고1_기출.js|21_금당고_2학기_기말_고1_기출|13,,INDEX_RECORD_PRESENT,original/high/h1/2final/21_금당고_2학기_기말_고1_기출.js_13,f57a459d83644ea31d0d9f4c030f95af6a8a43d526e99190686d9d69778df173,true,③,IN_SCOPE_FORWARD,,,CLOSED_NO_SHARED_ASSET
