PRAGMA defer_foreign_keys=TRUE;
CREATE TABLE students (
  id TEXT PRIMARY KEY,
  name TEXT NOT NULL,
  school_name TEXT,
  grade TEXT,
  status TEXT DEFAULT '재원',
  created_at DATETIME DEFAULT CURRENT_TIMESTAMP,
  updated_at DATETIME DEFAULT CURRENT_TIMESTAMP
, memo TEXT, guardian_name TEXT, guardian_relation TEXT, student_phone TEXT, parent_phone TEXT, student_pin TEXT, target_score INTEGER DEFAULT NULL, planner_exam_date TEXT);
INSERT INTO "students" ("id","name","school_name","grade","status","created_at","updated_at","memo","guardian_name","guardian_relation","student_phone","parent_phone","student_pin","target_score","planner_exam_date") VALUES('s01','한세아','왕운중','중1','재원','2026-04-25 06:40:50','2026-05-03 09:02:26','메모','','어머님','010','010','1101',NULL,NULL);
INSERT INTO "students" ("id","name","school_name","grade","status","created_at","updated_at","memo","guardian_name","guardian_relation","student_phone","parent_phone","student_pin","target_score","planner_exam_date") VALUES('s02','홍서령','왕운중','중1','재원','2026-04-25 06:40:50','2026-04-25 06:40:50',NULL,NULL,NULL,NULL,NULL,'1108',NULL,NULL);
INSERT INTO "students" ("id","name","school_name","grade","status","created_at","updated_at","memo","guardian_name","guardian_relation","student_phone","parent_phone","student_pin","target_score","planner_exam_date") VALUES('s03','김수인','왕운중','중1','재원','2026-04-25 06:40:50','2026-04-25 06:40:50',NULL,NULL,NULL,NULL,NULL,'1109',NULL,NULL);
INSERT INTO "students" ("id","name","school_name","grade","status","created_at","updated_at","memo","guardian_name","guardian_relation","student_phone","parent_phone","student_pin","target_score","planner_exam_date") VALUES('s04','김다희','왕운중','중1','재원','2026-04-25 06:40:50','2026-04-25 06:40:50',NULL,NULL,NULL,NULL,NULL,'1110',NULL,NULL);
INSERT INTO "students" ("id","name","school_name","grade","status","created_at","updated_at","memo","guardian_name","guardian_relation","student_phone","parent_phone","student_pin","target_score","planner_exam_date") VALUES('s05','임진후','왕운중','중1','재원','2026-04-25 06:40:50','2026-04-25 06:40:50',NULL,NULL,NULL,NULL,NULL,'1111',NULL,NULL);
INSERT INTO "students" ("id","name","school_name","grade","status","created_at","updated_at","memo","guardian_name","guardian_relation","student_phone","parent_phone","student_pin","target_score","planner_exam_date") VALUES('s06','황시아','왕운중','중1','재원','2026-04-25 06:40:50','2026-04-25 06:40:50',NULL,NULL,NULL,NULL,NULL,'1102',NULL,NULL);
INSERT INTO "students" ("id","name","school_name","grade","status","created_at","updated_at","memo","guardian_name","guardian_relation","student_phone","parent_phone","student_pin","target_score","planner_exam_date") VALUES('s07','남지율','왕운중','중1','재원','2026-04-25 06:40:50','2026-04-25 06:40:50',NULL,NULL,NULL,NULL,NULL,'1103',NULL,NULL);
INSERT INTO "students" ("id","name","school_name","grade","status","created_at","updated_at","memo","guardian_name","guardian_relation","student_phone","parent_phone","student_pin","target_score","planner_exam_date") VALUES('s08','남지우','왕운중','중1','재원','2026-04-25 06:40:50','2026-04-25 06:40:50',NULL,NULL,NULL,NULL,NULL,'1104',NULL,NULL);
INSERT INTO "students" ("id","name","school_name","grade","status","created_at","updated_at","memo","guardian_name","guardian_relation","student_phone","parent_phone","student_pin","target_score","planner_exam_date") VALUES('s09','최윤아','왕의중','중1','재원','2026-04-25 06:40:50','2026-04-25 06:40:50',NULL,NULL,NULL,NULL,NULL,'1105',NULL,NULL);
INSERT INTO "students" ("id","name","school_name","grade","status","created_at","updated_at","memo","guardian_name","guardian_relation","student_phone","parent_phone","student_pin","target_score","planner_exam_date") VALUES('s10','조희태','왕운중','중1','재원','2026-04-25 06:40:50','2026-04-25 06:40:50',NULL,NULL,NULL,NULL,NULL,'1112',NULL,NULL);
INSERT INTO "students" ("id","name","school_name","grade","status","created_at","updated_at","memo","guardian_name","guardian_relation","student_phone","parent_phone","student_pin","target_score","planner_exam_date") VALUES('s11','임주현','왕운중','중1','숨김','2026-04-25 06:40:50','2026-05-05 15:39:31','',NULL,'','','','1113',NULL,NULL);
INSERT INTO "students" ("id","name","school_name","grade","status","created_at","updated_at","memo","guardian_name","guardian_relation","student_phone","parent_phone","student_pin","target_score","planner_exam_date") VALUES('s12','백주흔','왕운중','중2','제적','2026-04-25 06:40:50','2026-05-04 10:41:02','',NULL,'모','01053827525','01088777525','1201',NULL,NULL);
INSERT INTO "students" ("id","name","school_name","grade","status","created_at","updated_at","memo","guardian_name","guardian_relation","student_phone","parent_phone","student_pin","target_score","planner_exam_date") VALUES('s13','김도현','왕운중','중2','재원','2026-04-25 06:40:50','2026-04-25 06:40:50',NULL,NULL,NULL,NULL,NULL,'1202',NULL,NULL);
INSERT INTO "students" ("id","name","school_name","grade","status","created_at","updated_at","memo","guardian_name","guardian_relation","student_phone","parent_phone","student_pin","target_score","planner_exam_date") VALUES('s14','임현성','왕운중','중2','재원','2026-04-25 06:40:50','2026-05-04 05:45:17','',NULL,'모','01085399533','01036899533','1203',NULL,NULL);
INSERT INTO "students" ("id","name","school_name","grade","status","created_at","updated_at","memo","guardian_name","guardian_relation","student_phone","parent_phone","student_pin","target_score","planner_exam_date") VALUES('s15','박현종','왕의중','중2','재원','2026-04-25 06:40:50','2026-04-25 06:40:50',NULL,NULL,NULL,NULL,NULL,'1204',NULL,NULL);
INSERT INTO "students" ("id","name","school_name","grade","status","created_at","updated_at","memo","guardian_name","guardian_relation","student_phone","parent_phone","student_pin","target_score","planner_exam_date") VALUES('s16','왕유준','왕운중','중2','재원','2026-04-25 06:40:50','2026-05-04 05:07:35','#신입',NULL,'모','','01045558379','1205',NULL,NULL);
INSERT INTO "students" ("id","name","school_name","grade","status","created_at","updated_at","memo","guardian_name","guardian_relation","student_phone","parent_phone","student_pin","target_score","planner_exam_date") VALUES('s17','강형우','동산중','중2','재원','2026-04-25 06:40:50','2026-04-25 06:40:50',NULL,NULL,NULL,NULL,NULL,'1206',NULL,NULL);
INSERT INTO "students" ("id","name","school_name","grade","status","created_at","updated_at","memo","guardian_name","guardian_relation","student_phone","parent_phone","student_pin","target_score","planner_exam_date") VALUES('s18','이시온','왕운중','중3','재원','2026-04-25 06:40:50','2026-04-25 06:40:50',NULL,NULL,NULL,NULL,NULL,'1308',NULL,NULL);
INSERT INTO "students" ("id","name","school_name","grade","status","created_at","updated_at","memo","guardian_name","guardian_relation","student_phone","parent_phone","student_pin","target_score","planner_exam_date") VALUES('s19','이상원','삼산중','중3','재원','2026-04-25 06:40:50','2026-04-25 06:40:50',NULL,NULL,NULL,NULL,NULL,'1309',NULL,NULL);
INSERT INTO "students" ("id","name","school_name","grade","status","created_at","updated_at","memo","guardian_name","guardian_relation","student_phone","parent_phone","student_pin","target_score","planner_exam_date") VALUES('s20','조예령','왕운중','중3','재원','2026-04-25 06:40:50','2026-04-25 06:40:50',NULL,NULL,NULL,NULL,NULL,'1310',NULL,NULL);
INSERT INTO "students" ("id","name","school_name","grade","status","created_at","updated_at","memo","guardian_name","guardian_relation","student_phone","parent_phone","student_pin","target_score","planner_exam_date") VALUES('s21','유채민','왕운중','중3','재원','2026-04-25 06:40:50','2026-04-25 06:40:50',NULL,NULL,NULL,NULL,NULL,'1311',NULL,NULL);
INSERT INTO "students" ("id","name","school_name","grade","status","created_at","updated_at","memo","guardian_name","guardian_relation","student_phone","parent_phone","student_pin","target_score","planner_exam_date") VALUES('s22','서유나','왕운중','중3','재원','2026-04-25 06:40:50','2026-04-25 06:40:50',NULL,NULL,NULL,NULL,NULL,'1312',NULL,NULL);
INSERT INTO "students" ("id","name","school_name","grade","status","created_at","updated_at","memo","guardian_name","guardian_relation","student_phone","parent_phone","student_pin","target_score","planner_exam_date") VALUES('s23','박정원','매산중','중3','재원','2026-04-25 06:40:50','2026-04-25 06:40:50',NULL,NULL,NULL,NULL,NULL,'1301',NULL,NULL);
INSERT INTO "students" ("id","name","school_name","grade","status","created_at","updated_at","memo","guardian_name","guardian_relation","student_phone","parent_phone","student_pin","target_score","planner_exam_date") VALUES('s24','이시윤','왕운중','중3','재원','2026-04-25 06:40:50','2026-04-25 06:40:50',NULL,NULL,NULL,NULL,NULL,'1302',NULL,NULL);
INSERT INTO "students" ("id","name","school_name","grade","status","created_at","updated_at","memo","guardian_name","guardian_relation","student_phone","parent_phone","student_pin","target_score","planner_exam_date") VALUES('s25','강현욱','왕운중','중3','재원','2026-04-25 06:40:50','2026-04-25 06:40:50',NULL,NULL,NULL,NULL,NULL,'1303',NULL,NULL);
INSERT INTO "students" ("id","name","school_name","grade","status","created_at","updated_at","memo","guardian_name","guardian_relation","student_phone","parent_phone","student_pin","target_score","planner_exam_date") VALUES('s26','남지혁','왕운중','중3','재원','2026-04-25 06:40:50','2026-04-25 06:40:50',NULL,NULL,NULL,NULL,NULL,'1304',NULL,NULL);
INSERT INTO "students" ("id","name","school_name","grade","status","created_at","updated_at","memo","guardian_name","guardian_relation","student_phone","parent_phone","student_pin","target_score","planner_exam_date") VALUES('s27','유예준','왕운중','중3','재원','2026-04-25 06:40:50','2026-04-25 06:40:50',NULL,NULL,NULL,NULL,NULL,'1305',NULL,NULL);
INSERT INTO "students" ("id","name","school_name","grade","status","created_at","updated_at","memo","guardian_name","guardian_relation","student_phone","parent_phone","student_pin","target_score","planner_exam_date") VALUES('s28','김지융','왕운중','중3','재원','2026-04-25 06:40:50','2026-04-25 06:40:50',NULL,NULL,NULL,NULL,NULL,'1306',NULL,NULL);
INSERT INTO "students" ("id","name","school_name","grade","status","created_at","updated_at","memo","guardian_name","guardian_relation","student_phone","parent_phone","student_pin","target_score","planner_exam_date") VALUES('s29','박현성','왕운중','중3','재원','2026-04-25 06:40:50','2026-04-25 06:40:50',NULL,NULL,NULL,NULL,NULL,'1307',NULL,NULL);
INSERT INTO "students" ("id","name","school_name","grade","status","created_at","updated_at","memo","guardian_name","guardian_relation","student_phone","parent_phone","student_pin","target_score","planner_exam_date") VALUES('s_1777123790207','김치','치즈중','중1','숨김','2026-04-25 13:29:50','2026-05-05 15:39:36',NULL,NULL,NULL,NULL,NULL,NULL,NULL,NULL);
INSERT INTO "students" ("id","name","school_name","grade","status","created_at","updated_at","memo","guardian_name","guardian_relation","student_phone","parent_phone","student_pin","target_score","planner_exam_date") VALUES('s_1777123821091','치즈','김치전','중2','숨김','2026-04-25 13:30:21','2026-05-05 15:39:38',NULL,NULL,NULL,NULL,NULL,NULL,NULL,NULL);
INSERT INTO "students" ("id","name","school_name","grade","status","created_at","updated_at","memo","guardian_name","guardian_relation","student_phone","parent_phone","student_pin","target_score","planner_exam_date") VALUES('s_1777251106021','신여정','매산여고','고1','재원','2026-04-27 00:51:46','2026-05-03 17:09:27','','','','','','2104',NULL,'2026-07-01');
INSERT INTO "students" ("id","name","school_name","grade","status","created_at","updated_at","memo","guardian_name","guardian_relation","student_phone","parent_phone","student_pin","target_score","planner_exam_date") VALUES('s_1777251120740','신주호','복성고','고1','재원','2026-04-27 00:52:00','2026-05-03 17:09:31','','','','','','2105',NULL,NULL);
INSERT INTO "students" ("id","name","school_name","grade","status","created_at","updated_at","memo","guardian_name","guardian_relation","student_phone","parent_phone","student_pin","target_score","planner_exam_date") VALUES('s_1777251136015','길정현','금당고','고1','재원','2026-04-27 00:52:16','2026-05-03 17:18:30','','','','','','2103',NULL,'2026-07-01');
INSERT INTO "students" ("id","name","school_name","grade","status","created_at","updated_at","memo","guardian_name","guardian_relation","student_phone","parent_phone","student_pin","target_score","planner_exam_date") VALUES('s_1777251151637','조윤호','매산고','고1','재원','2026-04-27 00:52:31','2026-05-03 17:09:50','','','','','','2106',NULL,NULL);
INSERT INTO "students" ("id","name","school_name","grade","status","created_at","updated_at","memo","guardian_name","guardian_relation","student_phone","parent_phone","student_pin","target_score","planner_exam_date") VALUES('s_1777251166671','안성규','팔마고','고1','재원','2026-04-27 00:52:46','2026-05-03 17:09:34','','','','','','2107',NULL,NULL);
INSERT INTO "students" ("id","name","school_name","grade","status","created_at","updated_at","memo","guardian_name","guardian_relation","student_phone","parent_phone","student_pin","target_score","planner_exam_date") VALUES('s_1777251189364','서민서','강남여고','고1','재원','2026-04-27 00:53:09','2026-05-03 17:09:21','','','','','','2108',NULL,NULL);
INSERT INTO "students" ("id","name","school_name","grade","status","created_at","updated_at","memo","guardian_name","guardian_relation","student_phone","parent_phone","student_pin","target_score","planner_exam_date") VALUES('s_1777251203150','정동욱','매산고','고1','재원','2026-04-27 00:53:23','2026-05-03 17:09:41','','','','','','2109',NULL,NULL);
INSERT INTO "students" ("id","name","school_name","grade","status","created_at","updated_at","memo","guardian_name","guardian_relation","student_phone","parent_phone","student_pin","target_score","planner_exam_date") VALUES('s_1777286037021','임주현','왕운중','중1','재원','2026-04-27 10:33:57','2026-05-05 17:55:39','',NULL,'','','','1106',NULL,NULL);
INSERT INTO "students" ("id","name","school_name","grade","status","created_at","updated_at","memo","guardian_name","guardian_relation","student_phone","parent_phone","student_pin","target_score","planner_exam_date") VALUES('s_1777286037875','임주현','왕운중','중1','숨김','2026-04-27 10:33:57','2026-05-05 15:39:41','',NULL,'','','','1107',NULL,NULL);
INSERT INTO "students" ("id","name","school_name","grade","status","created_at","updated_at","memo","guardian_name","guardian_relation","student_phone","parent_phone","student_pin","target_score","planner_exam_date") VALUES('s_1777786721985','강예일','팔마고','','재원','2026-05-03 05:38:42','2026-05-03 05:38:42','',NULL,'','','','9901',NULL,NULL);
INSERT INTO "students" ("id","name","school_name","grade","status","created_at","updated_at","memo","guardian_name","guardian_relation","student_phone","parent_phone","student_pin","target_score","planner_exam_date") VALUES('s_1777786784017','정찬우','제일고','','재원','2026-05-03 05:39:44','2026-05-03 05:39:44','',NULL,'','','','9902',NULL,NULL);
INSERT INTO "students" ("id","name","school_name","grade","status","created_at","updated_at","memo","guardian_name","guardian_relation","student_phone","parent_phone","student_pin","target_score","planner_exam_date") VALUES('s_1777786799546','홍가온','금당고','','재원','2026-05-03 05:39:59','2026-05-03 05:39:59','',NULL,'','','','9903',NULL,NULL);
INSERT INTO "students" ("id","name","school_name","grade","status","created_at","updated_at","memo","guardian_name","guardian_relation","student_phone","parent_phone","student_pin","target_score","planner_exam_date") VALUES('s_1777786812607','허소형','강남여고','','재원','2026-05-03 05:40:12','2026-05-03 05:40:12','',NULL,'','','','9904',NULL,NULL);
INSERT INTO "students" ("id","name","school_name","grade","status","created_at","updated_at","memo","guardian_name","guardian_relation","student_phone","parent_phone","student_pin","target_score","planner_exam_date") VALUES('seed_kj_mwf_p1_01','임재은','','중1','재원','2026-05-04 09:22:24','2026-05-04 09:22:24',NULL,NULL,NULL,NULL,NULL,NULL,NULL,NULL);
INSERT INTO "students" ("id","name","school_name","grade","status","created_at","updated_at","memo","guardian_name","guardian_relation","student_phone","parent_phone","student_pin","target_score","planner_exam_date") VALUES('seed_kj_mwf_p1_02','황재율','','중1','재원','2026-05-04 09:22:24','2026-05-04 09:22:24',NULL,NULL,NULL,NULL,NULL,NULL,NULL,NULL);
INSERT INTO "students" ("id","name","school_name","grade","status","created_at","updated_at","memo","guardian_name","guardian_relation","student_phone","parent_phone","student_pin","target_score","planner_exam_date") VALUES('seed_kj_mwf_p1_03','배연아','','중1','재원','2026-05-04 09:22:24','2026-05-04 09:22:24',NULL,NULL,NULL,NULL,NULL,NULL,NULL,NULL);
INSERT INTO "students" ("id","name","school_name","grade","status","created_at","updated_at","memo","guardian_name","guardian_relation","student_phone","parent_phone","student_pin","target_score","planner_exam_date") VALUES('seed_kj_mwf_p1_04','임지후','','중1','재원','2026-05-04 09:22:24','2026-05-04 09:22:24',NULL,NULL,NULL,NULL,NULL,NULL,NULL,NULL);
INSERT INTO "students" ("id","name","school_name","grade","status","created_at","updated_at","memo","guardian_name","guardian_relation","student_phone","parent_phone","student_pin","target_score","planner_exam_date") VALUES('seed_kj_mwf_p1_05','정지호','','중1','재원','2026-05-04 09:22:24','2026-05-04 09:22:24',NULL,NULL,NULL,NULL,NULL,NULL,NULL,NULL);
INSERT INTO "students" ("id","name","school_name","grade","status","created_at","updated_at","memo","guardian_name","guardian_relation","student_phone","parent_phone","student_pin","target_score","planner_exam_date") VALUES('seed_kj_mwf_p2_01','이주하','','중2','재원','2026-05-04 09:22:24','2026-05-04 09:22:24',NULL,NULL,NULL,NULL,NULL,NULL,NULL,NULL);
INSERT INTO "students" ("id","name","school_name","grade","status","created_at","updated_at","memo","guardian_name","guardian_relation","student_phone","parent_phone","student_pin","target_score","planner_exam_date") VALUES('seed_kj_mwf_p2_02','이도경','','중2','재원','2026-05-04 09:22:24','2026-05-04 09:22:24',NULL,NULL,NULL,NULL,NULL,NULL,NULL,NULL);
INSERT INTO "students" ("id","name","school_name","grade","status","created_at","updated_at","memo","guardian_name","guardian_relation","student_phone","parent_phone","student_pin","target_score","planner_exam_date") VALUES('seed_kj_mwf_p2_03','김나은','','중2','재원','2026-05-04 09:22:24','2026-05-04 09:22:24',NULL,NULL,NULL,NULL,NULL,NULL,NULL,NULL);
INSERT INTO "students" ("id","name","school_name","grade","status","created_at","updated_at","memo","guardian_name","guardian_relation","student_phone","parent_phone","student_pin","target_score","planner_exam_date") VALUES('seed_kj_mwf_p2_04','임제이','','중2','재원','2026-05-04 09:22:24','2026-05-04 09:22:24',NULL,NULL,NULL,NULL,NULL,NULL,NULL,NULL);
INSERT INTO "students" ("id","name","school_name","grade","status","created_at","updated_at","memo","guardian_name","guardian_relation","student_phone","parent_phone","student_pin","target_score","planner_exam_date") VALUES('seed_kj_mwf_p3_01','최강효','','중3','재원','2026-05-04 09:22:24','2026-05-04 09:22:24',NULL,NULL,NULL,NULL,NULL,NULL,NULL,NULL);
INSERT INTO "students" ("id","name","school_name","grade","status","created_at","updated_at","memo","guardian_name","guardian_relation","student_phone","parent_phone","student_pin","target_score","planner_exam_date") VALUES('seed_kj_mwf_p3_02','배연우','','중3','재원','2026-05-04 09:22:24','2026-05-04 09:22:24',NULL,NULL,NULL,NULL,NULL,NULL,NULL,NULL);
INSERT INTO "students" ("id","name","school_name","grade","status","created_at","updated_at","memo","guardian_name","guardian_relation","student_phone","parent_phone","student_pin","target_score","planner_exam_date") VALUES('seed_kj_mwf_p3_03','이율호','','중3','재원','2026-05-04 09:22:24','2026-05-04 09:22:24',NULL,NULL,NULL,NULL,NULL,NULL,NULL,NULL);
INSERT INTO "students" ("id","name","school_name","grade","status","created_at","updated_at","memo","guardian_name","guardian_relation","student_phone","parent_phone","student_pin","target_score","planner_exam_date") VALUES('seed_kj_mwf_p3_04','윤금서','','중3','재원','2026-05-04 09:22:24','2026-05-04 09:22:24',NULL,NULL,NULL,NULL,NULL,NULL,NULL,NULL);
INSERT INTO "students" ("id","name","school_name","grade","status","created_at","updated_at","memo","guardian_name","guardian_relation","student_phone","parent_phone","student_pin","target_score","planner_exam_date") VALUES('seed_kj_mwf_p3_05','윤건','','중3','재원','2026-05-04 09:22:24','2026-05-04 09:22:24',NULL,NULL,NULL,NULL,NULL,NULL,NULL,NULL);
INSERT INTO "students" ("id","name","school_name","grade","status","created_at","updated_at","memo","guardian_name","guardian_relation","student_phone","parent_phone","student_pin","target_score","planner_exam_date") VALUES('seed_kj_ttf_p1_01','윤채이','','중2','재원','2026-05-04 09:22:24','2026-05-04 09:22:24',NULL,NULL,NULL,NULL,NULL,NULL,NULL,NULL);
INSERT INTO "students" ("id","name","school_name","grade","status","created_at","updated_at","memo","guardian_name","guardian_relation","student_phone","parent_phone","student_pin","target_score","planner_exam_date") VALUES('seed_kj_ttf_p1_02','김윤서','','중2','재원','2026-05-04 09:22:24','2026-05-04 09:22:24',NULL,NULL,NULL,NULL,NULL,NULL,NULL,NULL);
INSERT INTO "students" ("id","name","school_name","grade","status","created_at","updated_at","memo","guardian_name","guardian_relation","student_phone","parent_phone","student_pin","target_score","planner_exam_date") VALUES('seed_kj_ttf_p1_03','서다희','','중2','재원','2026-05-04 09:22:24','2026-05-04 09:22:24',NULL,NULL,NULL,NULL,NULL,NULL,NULL,NULL);
INSERT INTO "students" ("id","name","school_name","grade","status","created_at","updated_at","memo","guardian_name","guardian_relation","student_phone","parent_phone","student_pin","target_score","planner_exam_date") VALUES('seed_kj_ttf_p1_04','김다현','','중2','재원','2026-05-04 09:22:24','2026-05-04 09:22:24',NULL,NULL,NULL,NULL,NULL,NULL,NULL,NULL);
INSERT INTO "students" ("id","name","school_name","grade","status","created_at","updated_at","memo","guardian_name","guardian_relation","student_phone","parent_phone","student_pin","target_score","planner_exam_date") VALUES('seed_kj_ttf_p1_05','김예준','','중2','재원','2026-05-04 09:22:24','2026-05-04 09:22:24',NULL,NULL,NULL,NULL,NULL,NULL,NULL,NULL);
INSERT INTO "students" ("id","name","school_name","grade","status","created_at","updated_at","memo","guardian_name","guardian_relation","student_phone","parent_phone","student_pin","target_score","planner_exam_date") VALUES('seed_kj_ttf_p2_01','지예서','','중1','재원','2026-05-04 09:22:24','2026-05-04 09:22:24',NULL,NULL,NULL,NULL,NULL,NULL,NULL,NULL);
INSERT INTO "students" ("id","name","school_name","grade","status","created_at","updated_at","memo","guardian_name","guardian_relation","student_phone","parent_phone","student_pin","target_score","planner_exam_date") VALUES('seed_kj_ttf_p2_02','신윤재','','중1','재원','2026-05-04 09:22:24','2026-05-04 09:22:24',NULL,NULL,NULL,NULL,NULL,NULL,NULL,NULL);
INSERT INTO "students" ("id","name","school_name","grade","status","created_at","updated_at","memo","guardian_name","guardian_relation","student_phone","parent_phone","student_pin","target_score","planner_exam_date") VALUES('seed_kj_ttf_p2_03','이채원','','중1','재원','2026-05-04 09:22:24','2026-05-04 09:22:24',NULL,NULL,NULL,NULL,NULL,NULL,NULL,NULL);
INSERT INTO "students" ("id","name","school_name","grade","status","created_at","updated_at","memo","guardian_name","guardian_relation","student_phone","parent_phone","student_pin","target_score","planner_exam_date") VALUES('seed_kj_ttf_p2_04','김수연','','중1','재원','2026-05-04 09:22:24','2026-05-04 09:22:24',NULL,NULL,NULL,NULL,NULL,NULL,NULL,NULL);
INSERT INTO "students" ("id","name","school_name","grade","status","created_at","updated_at","memo","guardian_name","guardian_relation","student_phone","parent_phone","student_pin","target_score","planner_exam_date") VALUES('seed_kj_ttf_p2_05','이신한','','중1','재원','2026-05-04 09:22:24','2026-05-04 09:22:24',NULL,NULL,NULL,NULL,NULL,NULL,NULL,NULL);
INSERT INTO "students" ("id","name","school_name","grade","status","created_at","updated_at","memo","guardian_name","guardian_relation","student_phone","parent_phone","student_pin","target_score","planner_exam_date") VALUES('seed_kj_ttf_p2_06','정다경','','중1','재원','2026-05-04 09:22:24','2026-05-04 09:22:24',NULL,NULL,NULL,NULL,NULL,NULL,NULL,NULL);
INSERT INTO "students" ("id","name","school_name","grade","status","created_at","updated_at","memo","guardian_name","guardian_relation","student_phone","parent_phone","student_pin","target_score","planner_exam_date") VALUES('seed_kj_ttf_p3_01','임아인','','중3','재원','2026-05-04 09:22:24','2026-05-04 09:22:24',NULL,NULL,NULL,NULL,NULL,NULL,NULL,NULL);
INSERT INTO "students" ("id","name","school_name","grade","status","created_at","updated_at","memo","guardian_name","guardian_relation","student_phone","parent_phone","student_pin","target_score","planner_exam_date") VALUES('seed_kj_ttf_p3_02','홍담희','','중3','재원','2026-05-04 09:22:24','2026-05-04 09:22:24',NULL,NULL,NULL,NULL,NULL,NULL,NULL,NULL);
INSERT INTO "students" ("id","name","school_name","grade","status","created_at","updated_at","memo","guardian_name","guardian_relation","student_phone","parent_phone","student_pin","target_score","planner_exam_date") VALUES('seed_kj_ttf_p3_03','구준영','','중3','재원','2026-05-04 09:22:24','2026-05-04 09:22:24',NULL,NULL,NULL,NULL,NULL,NULL,NULL,NULL);
INSERT INTO "students" ("id","name","school_name","grade","status","created_at","updated_at","memo","guardian_name","guardian_relation","student_phone","parent_phone","student_pin","target_score","planner_exam_date") VALUES('seed_kj_ttf_p3_04','황열음','','중3','재원','2026-05-04 09:22:24','2026-05-04 09:22:24',NULL,NULL,NULL,NULL,NULL,NULL,NULL,NULL);
INSERT INTO "students" ("id","name","school_name","grade","status","created_at","updated_at","memo","guardian_name","guardian_relation","student_phone","parent_phone","student_pin","target_score","planner_exam_date") VALUES('seed_kj_ttf_p3_05','황여준','','중3','재원','2026-05-04 09:22:24','2026-05-04 09:22:24',NULL,NULL,NULL,NULL,NULL,NULL,NULL,NULL);
INSERT INTO "students" ("id","name","school_name","grade","status","created_at","updated_at","memo","guardian_name","guardian_relation","student_phone","parent_phone","student_pin","target_score","planner_exam_date") VALUES('seed_jh_mwf_p1_01','박시윤','','중2','재원','2026-05-04 09:22:24','2026-05-04 09:22:24',NULL,NULL,NULL,NULL,NULL,NULL,NULL,NULL);
INSERT INTO "students" ("id","name","school_name","grade","status","created_at","updated_at","memo","guardian_name","guardian_relation","student_phone","parent_phone","student_pin","target_score","planner_exam_date") VALUES('seed_jh_mwf_p1_02','김범진','','중2','재원','2026-05-04 09:22:24','2026-05-04 09:22:24',NULL,NULL,NULL,NULL,NULL,NULL,NULL,NULL);
INSERT INTO "students" ("id","name","school_name","grade","status","created_at","updated_at","memo","guardian_name","guardian_relation","student_phone","parent_phone","student_pin","target_score","planner_exam_date") VALUES('seed_jh_mwf_p1_03','이예슬','','중2','재원','2026-05-04 09:22:24','2026-05-04 09:22:24',NULL,NULL,NULL,NULL,NULL,NULL,NULL,NULL);
INSERT INTO "students" ("id","name","school_name","grade","status","created_at","updated_at","memo","guardian_name","guardian_relation","student_phone","parent_phone","student_pin","target_score","planner_exam_date") VALUES('seed_jh_mwf_p2_01','이소윤','','중1','재원','2026-05-04 09:22:24','2026-05-04 09:22:24',NULL,NULL,NULL,NULL,NULL,NULL,NULL,NULL);
INSERT INTO "students" ("id","name","school_name","grade","status","created_at","updated_at","memo","guardian_name","guardian_relation","student_phone","parent_phone","student_pin","target_score","planner_exam_date") VALUES('seed_jh_mwf_p2_02','이예나','','중1','재원','2026-05-04 09:22:24','2026-05-04 09:22:24',NULL,NULL,NULL,NULL,NULL,NULL,NULL,NULL);
INSERT INTO "students" ("id","name","school_name","grade","status","created_at","updated_at","memo","guardian_name","guardian_relation","student_phone","parent_phone","student_pin","target_score","planner_exam_date") VALUES('seed_jh_mwf_p2_03','정준서','','중1','재원','2026-05-04 09:22:24','2026-05-04 09:22:24',NULL,NULL,NULL,NULL,NULL,NULL,NULL,NULL);
INSERT INTO "students" ("id","name","school_name","grade","status","created_at","updated_at","memo","guardian_name","guardian_relation","student_phone","parent_phone","student_pin","target_score","planner_exam_date") VALUES('seed_jh_mwf_p2_04','김동률','','중1','재원','2026-05-04 09:22:24','2026-05-04 09:22:24',NULL,NULL,NULL,NULL,NULL,NULL,NULL,NULL);
INSERT INTO "students" ("id","name","school_name","grade","status","created_at","updated_at","memo","guardian_name","guardian_relation","student_phone","parent_phone","student_pin","target_score","planner_exam_date") VALUES('seed_jh_mwf_p2_05','유다영','','중1','재원','2026-05-04 09:22:24','2026-05-04 09:22:24',NULL,NULL,NULL,NULL,NULL,NULL,NULL,NULL);
INSERT INTO "students" ("id","name","school_name","grade","status","created_at","updated_at","memo","guardian_name","guardian_relation","student_phone","parent_phone","student_pin","target_score","planner_exam_date") VALUES('seed_jh_mwf_p3_01','문소은','','중3','재원','2026-05-04 09:22:24','2026-05-04 09:22:24',NULL,NULL,NULL,NULL,NULL,NULL,NULL,NULL);
INSERT INTO "students" ("id","name","school_name","grade","status","created_at","updated_at","memo","guardian_name","guardian_relation","student_phone","parent_phone","student_pin","target_score","planner_exam_date") VALUES('seed_jh_mwf_p3_02','김서연','','중3','재원','2026-05-04 09:22:24','2026-05-04 09:22:24',NULL,NULL,NULL,NULL,NULL,NULL,NULL,NULL);
INSERT INTO "students" ("id","name","school_name","grade","status","created_at","updated_at","memo","guardian_name","guardian_relation","student_phone","parent_phone","student_pin","target_score","planner_exam_date") VALUES('seed_jh_mwf_p3_03','박수형','','중3','재원','2026-05-04 09:22:24','2026-05-04 09:22:24',NULL,NULL,NULL,NULL,NULL,NULL,NULL,NULL);
INSERT INTO "students" ("id","name","school_name","grade","status","created_at","updated_at","memo","guardian_name","guardian_relation","student_phone","parent_phone","student_pin","target_score","planner_exam_date") VALUES('seed_jh_mwf_p3_04','최은완','','중3','재원','2026-05-04 09:22:24','2026-05-04 09:22:24',NULL,NULL,NULL,NULL,NULL,NULL,NULL,NULL);
INSERT INTO "students" ("id","name","school_name","grade","status","created_at","updated_at","memo","guardian_name","guardian_relation","student_phone","parent_phone","student_pin","target_score","planner_exam_date") VALUES('seed_jh_mwf_p3_05','서다민','','중3','재원','2026-05-04 09:22:24','2026-05-04 09:22:24',NULL,NULL,NULL,NULL,NULL,NULL,NULL,NULL);
INSERT INTO "students" ("id","name","school_name","grade","status","created_at","updated_at","memo","guardian_name","guardian_relation","student_phone","parent_phone","student_pin","target_score","planner_exam_date") VALUES('seed_jh_ttf_p1_01','최재이','','중2','재원','2026-05-04 09:22:24','2026-05-04 09:22:24',NULL,NULL,NULL,NULL,NULL,NULL,NULL,NULL);
INSERT INTO "students" ("id","name","school_name","grade","status","created_at","updated_at","memo","guardian_name","guardian_relation","student_phone","parent_phone","student_pin","target_score","planner_exam_date") VALUES('seed_jh_ttf_p1_02','김리아','','중2','재원','2026-05-04 09:22:24','2026-05-04 09:22:24',NULL,NULL,NULL,NULL,NULL,NULL,NULL,NULL);
INSERT INTO "students" ("id","name","school_name","grade","status","created_at","updated_at","memo","guardian_name","guardian_relation","student_phone","parent_phone","student_pin","target_score","planner_exam_date") VALUES('seed_jh_ttf_p1_03','김리우','','중2','재원','2026-05-04 09:22:24','2026-05-04 09:22:24',NULL,NULL,NULL,NULL,NULL,NULL,NULL,NULL);
INSERT INTO "students" ("id","name","school_name","grade","status","created_at","updated_at","memo","guardian_name","guardian_relation","student_phone","parent_phone","student_pin","target_score","planner_exam_date") VALUES('seed_jh_ttf_p1_04','김윤지','','중2','재원','2026-05-04 09:22:24','2026-05-04 09:22:24',NULL,NULL,NULL,NULL,NULL,NULL,NULL,NULL);
INSERT INTO "students" ("id","name","school_name","grade","status","created_at","updated_at","memo","guardian_name","guardian_relation","student_phone","parent_phone","student_pin","target_score","planner_exam_date") VALUES('seed_jh_ttf_p1_05','정소이','','중2','재원','2026-05-04 09:22:24','2026-05-04 09:22:24',NULL,NULL,NULL,NULL,NULL,NULL,NULL,NULL);
INSERT INTO "students" ("id","name","school_name","grade","status","created_at","updated_at","memo","guardian_name","guardian_relation","student_phone","parent_phone","student_pin","target_score","planner_exam_date") VALUES('seed_jh_ttf_p1_06','박서아','','중2','재원','2026-05-04 09:22:24','2026-05-04 09:22:24',NULL,NULL,NULL,NULL,NULL,NULL,NULL,NULL);
INSERT INTO "students" ("id","name","school_name","grade","status","created_at","updated_at","memo","guardian_name","guardian_relation","student_phone","parent_phone","student_pin","target_score","planner_exam_date") VALUES('seed_jh_ttf_p1_07','박하민','','중2','재원','2026-05-04 09:22:24','2026-05-04 09:22:24',NULL,NULL,NULL,NULL,NULL,NULL,NULL,NULL);
INSERT INTO "students" ("id","name","school_name","grade","status","created_at","updated_at","memo","guardian_name","guardian_relation","student_phone","parent_phone","student_pin","target_score","planner_exam_date") VALUES('seed_jh_ttf_p2_01','김민채','','중1','재원','2026-05-04 09:22:24','2026-05-04 09:22:24',NULL,NULL,NULL,NULL,NULL,NULL,NULL,NULL);
INSERT INTO "students" ("id","name","school_name","grade","status","created_at","updated_at","memo","guardian_name","guardian_relation","student_phone","parent_phone","student_pin","target_score","planner_exam_date") VALUES('seed_jh_ttf_p2_02','이우경','','중1','재원','2026-05-04 09:22:24','2026-05-04 09:22:24',NULL,NULL,NULL,NULL,NULL,NULL,NULL,NULL);
INSERT INTO "students" ("id","name","school_name","grade","status","created_at","updated_at","memo","guardian_name","guardian_relation","student_phone","parent_phone","student_pin","target_score","planner_exam_date") VALUES('seed_jh_ttf_p2_03','김민준','','중1','재원','2026-05-04 09:22:24','2026-05-04 09:22:24',NULL,NULL,NULL,NULL,NULL,NULL,NULL,NULL);
INSERT INTO "students" ("id","name","school_name","grade","status","created_at","updated_at","memo","guardian_name","guardian_relation","student_phone","parent_phone","student_pin","target_score","planner_exam_date") VALUES('seed_jh_ttf_p2_04','박지혁','','중1','재원','2026-05-04 09:22:24','2026-05-04 09:22:24',NULL,NULL,NULL,NULL,NULL,NULL,NULL,NULL);
INSERT INTO "students" ("id","name","school_name","grade","status","created_at","updated_at","memo","guardian_name","guardian_relation","student_phone","parent_phone","student_pin","target_score","planner_exam_date") VALUES('seed_jh_ttf_p2_05','양시우','','중1','재원','2026-05-04 09:22:24','2026-05-04 09:22:24',NULL,NULL,NULL,NULL,NULL,NULL,NULL,NULL);
INSERT INTO "students" ("id","name","school_name","grade","status","created_at","updated_at","memo","guardian_name","guardian_relation","student_phone","parent_phone","student_pin","target_score","planner_exam_date") VALUES('seed_jh_ttf_p3_01','김지안','','중3','재원','2026-05-04 09:22:24','2026-05-04 09:22:24',NULL,NULL,NULL,NULL,NULL,NULL,NULL,NULL);
INSERT INTO "students" ("id","name","school_name","grade","status","created_at","updated_at","memo","guardian_name","guardian_relation","student_phone","parent_phone","student_pin","target_score","planner_exam_date") VALUES('seed_jh_ttf_p3_02','이승기','','중3','재원','2026-05-04 09:22:24','2026-05-04 09:22:24',NULL,NULL,NULL,NULL,NULL,NULL,NULL,NULL);
INSERT INTO "students" ("id","name","school_name","grade","status","created_at","updated_at","memo","guardian_name","guardian_relation","student_phone","parent_phone","student_pin","target_score","planner_exam_date") VALUES('seed_jh_ttf_p3_03','권도윤','','중3','재원','2026-05-04 09:22:24','2026-05-04 09:22:24',NULL,NULL,NULL,NULL,NULL,NULL,NULL,NULL);
INSERT INTO "students" ("id","name","school_name","grade","status","created_at","updated_at","memo","guardian_name","guardian_relation","student_phone","parent_phone","student_pin","target_score","planner_exam_date") VALUES('seed_jh_ttf_p3_04','김의정','','중3','재원','2026-05-04 09:22:24','2026-05-04 09:22:24',NULL,NULL,NULL,NULL,NULL,NULL,NULL,NULL);
INSERT INTO "students" ("id","name","school_name","grade","status","created_at","updated_at","memo","guardian_name","guardian_relation","student_phone","parent_phone","student_pin","target_score","planner_exam_date") VALUES('seed_jh_ttf_p3_05','박규민','','중3','재원','2026-05-04 09:22:24','2026-05-04 09:22:24',NULL,NULL,NULL,NULL,NULL,NULL,NULL,NULL);
CREATE TABLE classes (
  id TEXT PRIMARY KEY,
  name TEXT NOT NULL,
  grade TEXT,
  subject TEXT,
  teacher_name TEXT
, schedule_days TEXT, is_active INTEGER DEFAULT 1, textbook TEXT DEFAULT '', day_group TEXT, time_label TEXT);
INSERT INTO "classes" ("id","name","grade","subject","teacher_name","schedule_days","is_active","textbook","day_group","time_label") VALUES('m1_a','중1A','중1','수학','박준성','2,4,5',1,'','ttf','4:50~6:20');
INSERT INTO "classes" ("id","name","grade","subject","teacher_name","schedule_days","is_active","textbook","day_group","time_label") VALUES('m1_b','중1B','중1','수학','박준성','1,3,5',1,'','mwf','6:30~8:00');
INSERT INTO "classes" ("id","name","grade","subject","teacher_name","schedule_days","is_active","textbook","day_group","time_label") VALUES('m1_c','중1C','중1','수학','박준성','2,4,5',1,'','ttf','6:30~8:00');
INSERT INTO "classes" ("id","name","grade","subject","teacher_name","schedule_days","is_active","textbook","day_group","time_label") VALUES('m2_a','중2A','중2','수학','박준성','1,3,5',1,'','mwf','4:50~6:20');
INSERT INTO "classes" ("id","name","grade","subject","teacher_name","schedule_days","is_active","textbook","day_group","time_label") VALUES('m3_a','중3A','중3','수학','박준성','2,4,5',1,'','ttf','8:00~9:30');
INSERT INTO "classes" ("id","name","grade","subject","teacher_name","schedule_days","is_active","textbook","day_group","time_label") VALUES('m3_b','중3B','중3','수학','박준성','1,3,5',1,'','mwf','8:00~9:30');
INSERT INTO "classes" ("id","name","grade","subject","teacher_name","schedule_days","is_active","textbook","day_group","time_label") VALUES('cls_1777251077600','고1A','고1','수학','박준성','2,4,6',1,'','','화.목 9:30~11:30 토 11:00~1:00');
INSERT INTO "classes" ("id","name","grade","subject","teacher_name","schedule_days","is_active","textbook","day_group","time_label") VALUES('cls_1777433160961','고2A','고2','수학','박준성','1,3,6',1,'개념원리대수','','월.수 9:30~11:30 토 1:00~3:00');
INSERT INTO "classes" ("id","name","grade","subject","teacher_name","schedule_days","is_active","textbook","day_group","time_label") VALUES('kj_mwf_p1_m1','중1A','중1','수학','정겨운','1,3,5',1,'','mwf','1교시 4:40~6:10');
INSERT INTO "classes" ("id","name","grade","subject","teacher_name","schedule_days","is_active","textbook","day_group","time_label") VALUES('kj_mwf_p2_m2','중2A','중2','수학','정겨운','1,3,5',1,'','mwf','2교시 6:20~7:50');
INSERT INTO "classes" ("id","name","grade","subject","teacher_name","schedule_days","is_active","textbook","day_group","time_label") VALUES('kj_mwf_p3_m3','중3A','중3','수학','정겨운','1,3,5',1,'','mwf','3교시 7:50~9:20');
INSERT INTO "classes" ("id","name","grade","subject","teacher_name","schedule_days","is_active","textbook","day_group","time_label") VALUES('kj_ttf_p1_m2','중2B','중2','수학','정겨운','2,4,5',1,'','ttf','1교시 4:40~6:10');
INSERT INTO "classes" ("id","name","grade","subject","teacher_name","schedule_days","is_active","textbook","day_group","time_label") VALUES('kj_ttf_p2_m1','중1B','중1','수학','정겨운','2,4,5',1,'','ttf','2교시 6:20~7:50');
INSERT INTO "classes" ("id","name","grade","subject","teacher_name","schedule_days","is_active","textbook","day_group","time_label") VALUES('kj_ttf_p3_m3','중3B','중3','수학','정겨운','2,4,5',1,'','ttf','3교시 7:50~9:20');
INSERT INTO "classes" ("id","name","grade","subject","teacher_name","schedule_days","is_active","textbook","day_group","time_label") VALUES('jh_mwf_p1_m2','중2A','중2','수학','정의한','1,3,5',1,'','mwf','1교시 4:40~6:10');
INSERT INTO "classes" ("id","name","grade","subject","teacher_name","schedule_days","is_active","textbook","day_group","time_label") VALUES('jh_mwf_p2_m1','중1A','중1','수학','정의한','1,3,5',1,'','mwf','2교시 6:20~7:50');
INSERT INTO "classes" ("id","name","grade","subject","teacher_name","schedule_days","is_active","textbook","day_group","time_label") VALUES('jh_mwf_p3_m3','중3A','중3','수학','정의한','1,3,5',1,'','mwf','3교시 7:50~9:20');
INSERT INTO "classes" ("id","name","grade","subject","teacher_name","schedule_days","is_active","textbook","day_group","time_label") VALUES('jh_ttf_p1_m2','중2B','중2','수학','정의한','2,4,5',1,'','ttf','1교시 4:40~6:10');
INSERT INTO "classes" ("id","name","grade","subject","teacher_name","schedule_days","is_active","textbook","day_group","time_label") VALUES('jh_ttf_p2_m1','중1B','중1','수학','정의한','2,4,5',1,'','ttf','2교시 6:20~7:50');
INSERT INTO "classes" ("id","name","grade","subject","teacher_name","schedule_days","is_active","textbook","day_group","time_label") VALUES('jh_ttf_p3_m3','중3B','중3','수학','정의한','2,4,5',1,'','ttf','3교시 7:50~9:20');
CREATE TABLE class_students (
  class_id TEXT NOT NULL,
  student_id TEXT NOT NULL,
  PRIMARY KEY (class_id, student_id)
);
INSERT INTO "class_students" ("class_id","student_id") VALUES('m1_a','s02');
INSERT INTO "class_students" ("class_id","student_id") VALUES('m1_a','s03');
INSERT INTO "class_students" ("class_id","student_id") VALUES('m1_a','s04');
INSERT INTO "class_students" ("class_id","student_id") VALUES('m1_a','s05');
INSERT INTO "class_students" ("class_id","student_id") VALUES('m1_b','s06');
INSERT INTO "class_students" ("class_id","student_id") VALUES('m1_b','s07');
INSERT INTO "class_students" ("class_id","student_id") VALUES('m1_b','s08');
INSERT INTO "class_students" ("class_id","student_id") VALUES('m1_b','s09');
INSERT INTO "class_students" ("class_id","student_id") VALUES('m1_c','s10');
INSERT INTO "class_students" ("class_id","student_id") VALUES('m2_a','s13');
INSERT INTO "class_students" ("class_id","student_id") VALUES('m2_a','s15');
INSERT INTO "class_students" ("class_id","student_id") VALUES('m2_a','s17');
INSERT INTO "class_students" ("class_id","student_id") VALUES('m3_a','s18');
INSERT INTO "class_students" ("class_id","student_id") VALUES('m3_a','s19');
INSERT INTO "class_students" ("class_id","student_id") VALUES('m3_a','s20');
INSERT INTO "class_students" ("class_id","student_id") VALUES('m3_a','s21');
INSERT INTO "class_students" ("class_id","student_id") VALUES('m3_a','s22');
INSERT INTO "class_students" ("class_id","student_id") VALUES('m3_b','s23');
INSERT INTO "class_students" ("class_id","student_id") VALUES('m3_b','s24');
INSERT INTO "class_students" ("class_id","student_id") VALUES('m3_b','s25');
INSERT INTO "class_students" ("class_id","student_id") VALUES('m3_b','s26');
INSERT INTO "class_students" ("class_id","student_id") VALUES('m3_b','s27');
INSERT INTO "class_students" ("class_id","student_id") VALUES('m3_b','s28');
INSERT INTO "class_students" ("class_id","student_id") VALUES('m3_b','s29');
INSERT INTO "class_students" ("class_id","student_id") VALUES('m1_a','s_1777123790207');
INSERT INTO "class_students" ("class_id","student_id") VALUES('m2_a','s_1777123821091');
INSERT INTO "class_students" ("class_id","student_id") VALUES('m1_b','s_1777286037875');
INSERT INTO "class_students" ("class_id","student_id") VALUES('m1_b','s11');
INSERT INTO "class_students" ("class_id","student_id") VALUES('cls_1777433160961','s_1777786721985');
INSERT INTO "class_students" ("class_id","student_id") VALUES('cls_1777433160961','s_1777786784017');
INSERT INTO "class_students" ("class_id","student_id") VALUES('cls_1777433160961','s_1777786799546');
INSERT INTO "class_students" ("class_id","student_id") VALUES('cls_1777433160961','s_1777786812607');
INSERT INTO "class_students" ("class_id","student_id") VALUES('m1_a','s01');
INSERT INTO "class_students" ("class_id","student_id") VALUES('cls_1777251077600','s_1777251189364');
INSERT INTO "class_students" ("class_id","student_id") VALUES('cls_1777251077600','s_1777251106021');
INSERT INTO "class_students" ("class_id","student_id") VALUES('cls_1777251077600','s_1777251120740');
INSERT INTO "class_students" ("class_id","student_id") VALUES('cls_1777251077600','s_1777251166671');
INSERT INTO "class_students" ("class_id","student_id") VALUES('cls_1777251077600','s_1777251203150');
INSERT INTO "class_students" ("class_id","student_id") VALUES('cls_1777251077600','s_1777251151637');
INSERT INTO "class_students" ("class_id","student_id") VALUES('cls_1777251077600','s_1777251136015');
INSERT INTO "class_students" ("class_id","student_id") VALUES('m2_a','s12');
INSERT INTO "class_students" ("class_id","student_id") VALUES('m2_a','s16');
INSERT INTO "class_students" ("class_id","student_id") VALUES('m2_a','s14');
INSERT INTO "class_students" ("class_id","student_id") VALUES('m1_c','s11');
INSERT INTO "class_students" ("class_id","student_id") VALUES('kj_mwf_p1_m1','seed_kj_mwf_p1_01');
INSERT INTO "class_students" ("class_id","student_id") VALUES('kj_mwf_p1_m1','seed_kj_mwf_p1_02');
INSERT INTO "class_students" ("class_id","student_id") VALUES('kj_mwf_p1_m1','seed_kj_mwf_p1_03');
INSERT INTO "class_students" ("class_id","student_id") VALUES('kj_mwf_p1_m1','seed_kj_mwf_p1_04');
INSERT INTO "class_students" ("class_id","student_id") VALUES('kj_mwf_p1_m1','seed_kj_mwf_p1_05');
INSERT INTO "class_students" ("class_id","student_id") VALUES('kj_mwf_p2_m2','seed_kj_mwf_p2_01');
INSERT INTO "class_students" ("class_id","student_id") VALUES('kj_mwf_p2_m2','seed_kj_mwf_p2_02');
INSERT INTO "class_students" ("class_id","student_id") VALUES('kj_mwf_p2_m2','seed_kj_mwf_p2_03');
INSERT INTO "class_students" ("class_id","student_id") VALUES('kj_mwf_p2_m2','seed_kj_mwf_p2_04');
INSERT INTO "class_students" ("class_id","student_id") VALUES('kj_mwf_p3_m3','seed_kj_mwf_p3_01');
INSERT INTO "class_students" ("class_id","student_id") VALUES('kj_mwf_p3_m3','seed_kj_mwf_p3_02');
INSERT INTO "class_students" ("class_id","student_id") VALUES('kj_mwf_p3_m3','seed_kj_mwf_p3_03');
INSERT INTO "class_students" ("class_id","student_id") VALUES('kj_mwf_p3_m3','seed_kj_mwf_p3_04');
INSERT INTO "class_students" ("class_id","student_id") VALUES('kj_mwf_p3_m3','seed_kj_mwf_p3_05');
INSERT INTO "class_students" ("class_id","student_id") VALUES('kj_ttf_p1_m2','seed_kj_ttf_p1_01');
INSERT INTO "class_students" ("class_id","student_id") VALUES('kj_ttf_p1_m2','seed_kj_ttf_p1_02');
INSERT INTO "class_students" ("class_id","student_id") VALUES('kj_ttf_p1_m2','seed_kj_ttf_p1_03');
INSERT INTO "class_students" ("class_id","student_id") VALUES('kj_ttf_p1_m2','seed_kj_ttf_p1_04');
INSERT INTO "class_students" ("class_id","student_id") VALUES('kj_ttf_p1_m2','seed_kj_ttf_p1_05');
INSERT INTO "class_students" ("class_id","student_id") VALUES('kj_ttf_p2_m1','seed_kj_ttf_p2_01');
INSERT INTO "class_students" ("class_id","student_id") VALUES('kj_ttf_p2_m1','seed_kj_ttf_p2_02');
INSERT INTO "class_students" ("class_id","student_id") VALUES('kj_ttf_p2_m1','seed_kj_ttf_p2_03');
INSERT INTO "class_students" ("class_id","student_id") VALUES('kj_ttf_p2_m1','seed_kj_ttf_p2_04');
INSERT INTO "class_students" ("class_id","student_id") VALUES('kj_ttf_p2_m1','seed_kj_ttf_p2_05');
INSERT INTO "class_students" ("class_id","student_id") VALUES('kj_ttf_p2_m1','seed_kj_ttf_p2_06');
INSERT INTO "class_students" ("class_id","student_id") VALUES('kj_ttf_p3_m3','seed_kj_ttf_p3_01');
INSERT INTO "class_students" ("class_id","student_id") VALUES('kj_ttf_p3_m3','seed_kj_ttf_p3_02');
INSERT INTO "class_students" ("class_id","student_id") VALUES('kj_ttf_p3_m3','seed_kj_ttf_p3_03');
INSERT INTO "class_students" ("class_id","student_id") VALUES('kj_ttf_p3_m3','seed_kj_ttf_p3_04');
INSERT INTO "class_students" ("class_id","student_id") VALUES('kj_ttf_p3_m3','seed_kj_ttf_p3_05');
INSERT INTO "class_students" ("class_id","student_id") VALUES('jh_mwf_p1_m2','seed_jh_mwf_p1_01');
INSERT INTO "class_students" ("class_id","student_id") VALUES('jh_mwf_p1_m2','seed_jh_mwf_p1_02');
INSERT INTO "class_students" ("class_id","student_id") VALUES('jh_mwf_p1_m2','seed_jh_mwf_p1_03');
INSERT INTO "class_students" ("class_id","student_id") VALUES('jh_mwf_p2_m1','seed_jh_mwf_p2_01');
INSERT INTO "class_students" ("class_id","student_id") VALUES('jh_mwf_p2_m1','seed_jh_mwf_p2_02');
INSERT INTO "class_students" ("class_id","student_id") VALUES('jh_mwf_p2_m1','seed_jh_mwf_p2_03');
INSERT INTO "class_students" ("class_id","student_id") VALUES('jh_mwf_p2_m1','seed_jh_mwf_p2_04');
INSERT INTO "class_students" ("class_id","student_id") VALUES('jh_mwf_p2_m1','seed_jh_mwf_p2_05');
INSERT INTO "class_students" ("class_id","student_id") VALUES('jh_mwf_p3_m3','seed_jh_mwf_p3_01');
INSERT INTO "class_students" ("class_id","student_id") VALUES('jh_mwf_p3_m3','seed_jh_mwf_p3_02');
INSERT INTO "class_students" ("class_id","student_id") VALUES('jh_mwf_p3_m3','seed_jh_mwf_p3_03');
INSERT INTO "class_students" ("class_id","student_id") VALUES('jh_mwf_p3_m3','seed_jh_mwf_p3_04');
INSERT INTO "class_students" ("class_id","student_id") VALUES('jh_mwf_p3_m3','seed_jh_mwf_p3_05');
INSERT INTO "class_students" ("class_id","student_id") VALUES('jh_ttf_p1_m2','seed_jh_ttf_p1_01');
INSERT INTO "class_students" ("class_id","student_id") VALUES('jh_ttf_p1_m2','seed_jh_ttf_p1_02');
INSERT INTO "class_students" ("class_id","student_id") VALUES('jh_ttf_p1_m2','seed_jh_ttf_p1_03');
INSERT INTO "class_students" ("class_id","student_id") VALUES('jh_ttf_p1_m2','seed_jh_ttf_p1_04');
INSERT INTO "class_students" ("class_id","student_id") VALUES('jh_ttf_p1_m2','seed_jh_ttf_p1_05');
INSERT INTO "class_students" ("class_id","student_id") VALUES('jh_ttf_p1_m2','seed_jh_ttf_p1_06');
INSERT INTO "class_students" ("class_id","student_id") VALUES('jh_ttf_p1_m2','seed_jh_ttf_p1_07');
INSERT INTO "class_students" ("class_id","student_id") VALUES('jh_ttf_p2_m1','seed_jh_ttf_p2_01');
INSERT INTO "class_students" ("class_id","student_id") VALUES('jh_ttf_p2_m1','seed_jh_ttf_p2_02');
INSERT INTO "class_students" ("class_id","student_id") VALUES('jh_ttf_p2_m1','seed_jh_ttf_p2_03');
INSERT INTO "class_students" ("class_id","student_id") VALUES('jh_ttf_p2_m1','seed_jh_ttf_p2_04');
INSERT INTO "class_students" ("class_id","student_id") VALUES('jh_ttf_p2_m1','seed_jh_ttf_p2_05');
INSERT INTO "class_students" ("class_id","student_id") VALUES('jh_ttf_p3_m3','seed_jh_ttf_p3_01');
INSERT INTO "class_students" ("class_id","student_id") VALUES('jh_ttf_p3_m3','seed_jh_ttf_p3_02');
INSERT INTO "class_students" ("class_id","student_id") VALUES('jh_ttf_p3_m3','seed_jh_ttf_p3_03');
INSERT INTO "class_students" ("class_id","student_id") VALUES('jh_ttf_p3_m3','seed_jh_ttf_p3_04');
INSERT INTO "class_students" ("class_id","student_id") VALUES('jh_ttf_p3_m3','seed_jh_ttf_p3_05');
INSERT INTO "class_students" ("class_id","student_id") VALUES('m1_c','s_1777286037021');
CREATE TABLE attendance (
  id TEXT PRIMARY KEY,
  student_id TEXT NOT NULL,
  status TEXT NOT NULL,
  date DATE NOT NULL,
  created_at DATETIME DEFAULT CURRENT_TIMESTAMP
);
INSERT INTO "attendance" ("id","student_id","status","date","created_at") VALUES('s23_2026-04-25','s23','미기록','2026-04-25','2026-04-25 06:41:50');
INSERT INTO "attendance" ("id","student_id","status","date","created_at") VALUES('s01_2026-04-25','s01','미기록','2026-04-25','2026-04-25 06:42:10');
INSERT INTO "attendance" ("id","student_id","status","date","created_at") VALUES('s02_2026-04-25','s02','미기록','2026-04-25','2026-04-25 06:42:11');
INSERT INTO "attendance" ("id","student_id","status","date","created_at") VALUES('s03_2026-04-25','s03','미기록','2026-04-25','2026-04-25 06:42:19');
INSERT INTO "attendance" ("id","student_id","status","date","created_at") VALUES('s04_2026-04-25','s04','미기록','2026-04-25','2026-04-25 06:42:21');
INSERT INTO "attendance" ("id","student_id","status","date","created_at") VALUES('s05_2026-04-25','s05','미기록','2026-04-25','2026-04-25 06:42:22');
INSERT INTO "attendance" ("id","student_id","status","date","created_at") VALUES('s12_2026-04-25','s12','미기록','2026-04-25','2026-04-25 13:30:55');
INSERT INTO "attendance" ("id","student_id","status","date","created_at") VALUES('s06_2026-04-25','s06','미기록','2026-04-25','2026-04-25 13:58:55');
INSERT INTO "attendance" ("id","student_id","status","date","created_at") VALUES('s07_2026-04-25','s07','미기록','2026-04-25','2026-04-25 14:10:32');
INSERT INTO "attendance" ("id","student_id","status","date","created_at") VALUES('s08_2026-04-25','s08','미기록','2026-04-25','2026-04-25 14:10:32');
INSERT INTO "attendance" ("id","student_id","status","date","created_at") VALUES('s09_2026-04-25','s09','미기록','2026-04-25','2026-04-25 14:10:32');
INSERT INTO "attendance" ("id","student_id","status","date","created_at") VALUES('s10_2026-04-25','s10','미기록','2026-04-25','2026-04-25 14:10:38');
INSERT INTO "attendance" ("id","student_id","status","date","created_at") VALUES('s11_2026-04-25','s11','등원','2026-04-25','2026-04-25 14:10:38');
INSERT INTO "attendance" ("id","student_id","status","date","created_at") VALUES('s01_2026-04-24','s01','등원','2026-04-24','2026-04-25 14:11:49');
INSERT INTO "attendance" ("id","student_id","status","date","created_at") VALUES('s02_2026-04-24','s02','등원','2026-04-24','2026-04-25 14:11:50');
INSERT INTO "attendance" ("id","student_id","status","date","created_at") VALUES('s18_2026-04-24','s18','등원','2026-04-24','2026-04-25 14:11:56');
INSERT INTO "attendance" ("id","student_id","status","date","created_at") VALUES('s19_2026-04-24','s19','등원','2026-04-24','2026-04-25 14:11:56');
INSERT INTO "attendance" ("id","student_id","status","date","created_at") VALUES('s20_2026-04-24','s20','등원','2026-04-24','2026-04-25 14:11:56');
INSERT INTO "attendance" ("id","student_id","status","date","created_at") VALUES('s21_2026-04-24','s21','등원','2026-04-24','2026-04-25 14:11:56');
INSERT INTO "attendance" ("id","student_id","status","date","created_at") VALUES('s22_2026-04-24','s22','등원','2026-04-24','2026-04-25 14:11:56');
INSERT INTO "attendance" ("id","student_id","status","date","created_at") VALUES('s13_2026-04-25','s13','미기록','2026-04-25','2026-04-25 14:24:46');
INSERT INTO "attendance" ("id","student_id","status","date","created_at") VALUES('s14_2026-04-25','s14','미기록','2026-04-25','2026-04-25 14:24:46');
INSERT INTO "attendance" ("id","student_id","status","date","created_at") VALUES('s15_2026-04-25','s15','미기록','2026-04-25','2026-04-25 14:24:46');
INSERT INTO "attendance" ("id","student_id","status","date","created_at") VALUES('s16_2026-04-25','s16','미기록','2026-04-25','2026-04-25 14:24:46');
INSERT INTO "attendance" ("id","student_id","status","date","created_at") VALUES('s17_2026-04-25','s17','미기록','2026-04-25','2026-04-25 14:24:46');
INSERT INTO "attendance" ("id","student_id","status","date","created_at") VALUES('s18_2026-04-25','s18','미기록','2026-04-25','2026-04-25 14:24:46');
INSERT INTO "attendance" ("id","student_id","status","date","created_at") VALUES('s19_2026-04-25','s19','미기록','2026-04-25','2026-04-25 14:24:46');
INSERT INTO "attendance" ("id","student_id","status","date","created_at") VALUES('s20_2026-04-25','s20','미기록','2026-04-25','2026-04-25 14:24:46');
INSERT INTO "attendance" ("id","student_id","status","date","created_at") VALUES('s21_2026-04-25','s21','미기록','2026-04-25','2026-04-25 14:24:46');
INSERT INTO "attendance" ("id","student_id","status","date","created_at") VALUES('s22_2026-04-25','s22','미기록','2026-04-25','2026-04-25 14:24:46');
INSERT INTO "attendance" ("id","student_id","status","date","created_at") VALUES('s24_2026-04-25','s24','미기록','2026-04-25','2026-04-25 14:24:46');
INSERT INTO "attendance" ("id","student_id","status","date","created_at") VALUES('s25_2026-04-25','s25','미기록','2026-04-25','2026-04-25 14:24:46');
INSERT INTO "attendance" ("id","student_id","status","date","created_at") VALUES('s26_2026-04-25','s26','미기록','2026-04-25','2026-04-25 14:24:46');
INSERT INTO "attendance" ("id","student_id","status","date","created_at") VALUES('s27_2026-04-25','s27','미기록','2026-04-25','2026-04-25 14:24:46');
INSERT INTO "attendance" ("id","student_id","status","date","created_at") VALUES('s28_2026-04-25','s28','미기록','2026-04-25','2026-04-25 14:24:46');
INSERT INTO "attendance" ("id","student_id","status","date","created_at") VALUES('s29_2026-04-25','s29','미기록','2026-04-25','2026-04-25 14:24:46');
INSERT INTO "attendance" ("id","student_id","status","date","created_at") VALUES('s03_2026-04-24','s03','등원','2026-04-24','2026-04-25 14:44:29');
INSERT INTO "attendance" ("id","student_id","status","date","created_at") VALUES('s04_2026-04-24','s04','등원','2026-04-24','2026-04-25 14:44:29');
INSERT INTO "attendance" ("id","student_id","status","date","created_at") VALUES('s05_2026-04-24','s05','등원','2026-04-24','2026-04-25 14:44:29');
INSERT INTO "attendance" ("id","student_id","status","date","created_at") VALUES('s06_2026-04-24','s06','등원','2026-04-24','2026-04-25 14:44:29');
INSERT INTO "attendance" ("id","student_id","status","date","created_at") VALUES('s07_2026-04-24','s07','등원','2026-04-24','2026-04-25 14:44:29');
INSERT INTO "attendance" ("id","student_id","status","date","created_at") VALUES('s08_2026-04-24','s08','등원','2026-04-24','2026-04-25 14:44:29');
INSERT INTO "attendance" ("id","student_id","status","date","created_at") VALUES('s09_2026-04-24','s09','등원','2026-04-24','2026-04-25 14:44:29');
INSERT INTO "attendance" ("id","student_id","status","date","created_at") VALUES('s10_2026-04-24','s10','등원','2026-04-24','2026-04-25 14:44:29');
INSERT INTO "attendance" ("id","student_id","status","date","created_at") VALUES('s11_2026-04-24','s11','등원','2026-04-24','2026-04-25 14:44:29');
INSERT INTO "attendance" ("id","student_id","status","date","created_at") VALUES('s12_2026-04-24','s12','등원','2026-04-24','2026-04-25 14:44:29');
INSERT INTO "attendance" ("id","student_id","status","date","created_at") VALUES('s13_2026-04-24','s13','등원','2026-04-24','2026-04-25 14:44:29');
INSERT INTO "attendance" ("id","student_id","status","date","created_at") VALUES('s14_2026-04-24','s14','등원','2026-04-24','2026-04-25 14:44:29');
INSERT INTO "attendance" ("id","student_id","status","date","created_at") VALUES('s15_2026-04-24','s15','등원','2026-04-24','2026-04-25 14:44:29');
INSERT INTO "attendance" ("id","student_id","status","date","created_at") VALUES('s16_2026-04-24','s16','등원','2026-04-24','2026-04-25 14:44:29');
INSERT INTO "attendance" ("id","student_id","status","date","created_at") VALUES('s17_2026-04-24','s17','등원','2026-04-24','2026-04-25 14:44:29');
INSERT INTO "attendance" ("id","student_id","status","date","created_at") VALUES('s23_2026-04-24','s23','등원','2026-04-24','2026-04-25 14:44:29');
INSERT INTO "attendance" ("id","student_id","status","date","created_at") VALUES('s24_2026-04-24','s24','등원','2026-04-24','2026-04-25 14:44:29');
INSERT INTO "attendance" ("id","student_id","status","date","created_at") VALUES('s25_2026-04-24','s25','등원','2026-04-24','2026-04-25 14:44:29');
INSERT INTO "attendance" ("id","student_id","status","date","created_at") VALUES('s26_2026-04-24','s26','등원','2026-04-24','2026-04-25 14:44:29');
INSERT INTO "attendance" ("id","student_id","status","date","created_at") VALUES('s27_2026-04-24','s27','등원','2026-04-24','2026-04-25 14:44:29');
INSERT INTO "attendance" ("id","student_id","status","date","created_at") VALUES('s28_2026-04-24','s28','등원','2026-04-24','2026-04-25 14:44:29');
INSERT INTO "attendance" ("id","student_id","status","date","created_at") VALUES('s29_2026-04-24','s29','등원','2026-04-24','2026-04-25 14:44:29');
INSERT INTO "attendance" ("id","student_id","status","date","created_at") VALUES('s01_2026-04-26','s01','미기록','2026-04-26','2026-04-25 15:33:43');
INSERT INTO "attendance" ("id","student_id","status","date","created_at") VALUES('s02_2026-04-26','s02','미기록','2026-04-26','2026-04-25 15:33:43');
INSERT INTO "attendance" ("id","student_id","status","date","created_at") VALUES('s03_2026-04-26','s03','미기록','2026-04-26','2026-04-25 15:33:43');
INSERT INTO "attendance" ("id","student_id","status","date","created_at") VALUES('s04_2026-04-26','s04','미기록','2026-04-26','2026-04-25 15:33:43');
INSERT INTO "attendance" ("id","student_id","status","date","created_at") VALUES('s05_2026-04-26','s05','미기록','2026-04-26','2026-04-25 15:33:43');
INSERT INTO "attendance" ("id","student_id","status","date","created_at") VALUES('s06_2026-04-26','s06','미기록','2026-04-26','2026-04-25 15:33:43');
INSERT INTO "attendance" ("id","student_id","status","date","created_at") VALUES('s07_2026-04-26','s07','미기록','2026-04-26','2026-04-25 15:33:43');
INSERT INTO "attendance" ("id","student_id","status","date","created_at") VALUES('s08_2026-04-26','s08','미기록','2026-04-26','2026-04-25 15:33:43');
INSERT INTO "attendance" ("id","student_id","status","date","created_at") VALUES('s09_2026-04-26','s09','미기록','2026-04-26','2026-04-25 15:33:43');
INSERT INTO "attendance" ("id","student_id","status","date","created_at") VALUES('s10_2026-04-26','s10','미기록','2026-04-26','2026-04-25 15:33:43');
INSERT INTO "attendance" ("id","student_id","status","date","created_at") VALUES('s11_2026-04-26','s11','등원','2026-04-26','2026-04-25 15:33:43');
INSERT INTO "attendance" ("id","student_id","status","date","created_at") VALUES('s12_2026-04-26','s12','미기록','2026-04-26','2026-04-25 15:33:43');
INSERT INTO "attendance" ("id","student_id","status","date","created_at") VALUES('s13_2026-04-26','s13','미기록','2026-04-26','2026-04-25 15:33:43');
INSERT INTO "attendance" ("id","student_id","status","date","created_at") VALUES('s14_2026-04-26','s14','미기록','2026-04-26','2026-04-25 15:33:43');
INSERT INTO "attendance" ("id","student_id","status","date","created_at") VALUES('s15_2026-04-26','s15','미기록','2026-04-26','2026-04-25 15:33:43');
INSERT INTO "attendance" ("id","student_id","status","date","created_at") VALUES('s16_2026-04-26','s16','미기록','2026-04-26','2026-04-25 15:33:43');
INSERT INTO "attendance" ("id","student_id","status","date","created_at") VALUES('s17_2026-04-26','s17','미기록','2026-04-26','2026-04-25 15:33:43');
INSERT INTO "attendance" ("id","student_id","status","date","created_at") VALUES('s18_2026-04-26','s18','미기록','2026-04-26','2026-04-25 15:33:43');
INSERT INTO "attendance" ("id","student_id","status","date","created_at") VALUES('s19_2026-04-26','s19','미기록','2026-04-26','2026-04-25 15:33:43');
INSERT INTO "attendance" ("id","student_id","status","date","created_at") VALUES('s20_2026-04-26','s20','미기록','2026-04-26','2026-04-25 15:33:43');
INSERT INTO "attendance" ("id","student_id","status","date","created_at") VALUES('s21_2026-04-26','s21','미기록','2026-04-26','2026-04-25 15:33:43');
INSERT INTO "attendance" ("id","student_id","status","date","created_at") VALUES('s22_2026-04-26','s22','미기록','2026-04-26','2026-04-25 15:33:43');
INSERT INTO "attendance" ("id","student_id","status","date","created_at") VALUES('s23_2026-04-26','s23','미기록','2026-04-26','2026-04-25 15:33:43');
INSERT INTO "attendance" ("id","student_id","status","date","created_at") VALUES('s24_2026-04-26','s24','미기록','2026-04-26','2026-04-25 15:33:43');
INSERT INTO "attendance" ("id","student_id","status","date","created_at") VALUES('s25_2026-04-26','s25','미기록','2026-04-26','2026-04-25 15:33:43');
INSERT INTO "attendance" ("id","student_id","status","date","created_at") VALUES('s26_2026-04-26','s26','미기록','2026-04-26','2026-04-25 15:33:43');
INSERT INTO "attendance" ("id","student_id","status","date","created_at") VALUES('s27_2026-04-26','s27','미기록','2026-04-26','2026-04-25 15:33:43');
INSERT INTO "attendance" ("id","student_id","status","date","created_at") VALUES('s28_2026-04-26','s28','미기록','2026-04-26','2026-04-25 15:33:43');
INSERT INTO "attendance" ("id","student_id","status","date","created_at") VALUES('s29_2026-04-26','s29','미기록','2026-04-26','2026-04-25 15:33:43');
INSERT INTO "attendance" ("id","student_id","status","date","created_at") VALUES('s01_2026-04-27','s01','미기록','2026-04-27','2026-04-26 22:24:29');
INSERT INTO "attendance" ("id","student_id","status","date","created_at") VALUES('s06_2026-04-27','s06','등원','2026-04-27','2026-04-27 00:31:03');
INSERT INTO "attendance" ("id","student_id","status","date","created_at") VALUES('s07_2026-04-27','s07','등원','2026-04-27','2026-04-27 00:31:04');
INSERT INTO "attendance" ("id","student_id","status","date","created_at") VALUES('s08_2026-04-27','s08','등원','2026-04-27','2026-04-27 00:31:04');
INSERT INTO "attendance" ("id","student_id","status","date","created_at") VALUES('s09_2026-04-27','s09','등원','2026-04-27','2026-04-27 00:31:05');
INSERT INTO "attendance" ("id","student_id","status","date","created_at") VALUES('s12_2026-04-27','s12','등원','2026-04-27','2026-04-27 00:31:06');
INSERT INTO "attendance" ("id","student_id","status","date","created_at") VALUES('s13_2026-04-27','s13','등원','2026-04-27','2026-04-27 00:31:06');
INSERT INTO "attendance" ("id","student_id","status","date","created_at") VALUES('s14_2026-04-27','s14','등원','2026-04-27','2026-04-27 00:31:07');
INSERT INTO "attendance" ("id","student_id","status","date","created_at") VALUES('s15_2026-04-27','s15','등원','2026-04-27','2026-04-27 00:31:07');
INSERT INTO "attendance" ("id","student_id","status","date","created_at") VALUES('s16_2026-04-27','s16','등원','2026-04-27','2026-04-27 00:31:07');
INSERT INTO "attendance" ("id","student_id","status","date","created_at") VALUES('s17_2026-04-27','s17','등원','2026-04-27','2026-04-27 00:31:08');
INSERT INTO "attendance" ("id","student_id","status","date","created_at") VALUES('s23_2026-04-27','s23','등원','2026-04-27','2026-04-27 00:31:08');
INSERT INTO "attendance" ("id","student_id","status","date","created_at") VALUES('s24_2026-04-27','s24','등원','2026-04-27','2026-04-27 00:31:13');
INSERT INTO "attendance" ("id","student_id","status","date","created_at") VALUES('s25_2026-04-27','s25','등원','2026-04-27','2026-04-27 00:31:14');
INSERT INTO "attendance" ("id","student_id","status","date","created_at") VALUES('s26_2026-04-27','s26','등원','2026-04-27','2026-04-27 00:31:15');
INSERT INTO "attendance" ("id","student_id","status","date","created_at") VALUES('s27_2026-04-27','s27','등원','2026-04-27','2026-04-27 00:31:16');
INSERT INTO "attendance" ("id","student_id","status","date","created_at") VALUES('s28_2026-04-27','s28','등원','2026-04-27','2026-04-27 00:31:16');
INSERT INTO "attendance" ("id","student_id","status","date","created_at") VALUES('s29_2026-04-27','s29','등원','2026-04-27','2026-04-27 00:31:17');
INSERT INTO "attendance" ("id","student_id","status","date","created_at") VALUES('s02_2026-04-27','s02','미기록','2026-04-27','2026-04-27 01:39:55');
INSERT INTO "attendance" ("id","student_id","status","date","created_at") VALUES('s03_2026-04-27','s03','미기록','2026-04-27','2026-04-27 01:39:55');
INSERT INTO "attendance" ("id","student_id","status","date","created_at") VALUES('s04_2026-04-27','s04','미기록','2026-04-27','2026-04-27 01:39:56');
INSERT INTO "attendance" ("id","student_id","status","date","created_at") VALUES('s05_2026-04-27','s05','미기록','2026-04-27','2026-04-27 01:39:58');
INSERT INTO "attendance" ("id","student_id","status","date","created_at") VALUES('s_1777286037021_2026-04-27','s_1777286037021','등원','2026-04-27','2026-04-27 10:34:21');
INSERT INTO "attendance" ("id","student_id","status","date","created_at") VALUES('s_1777251106021_2026-04-28','s_1777251106021','등원','2026-04-28','2026-04-27 15:27:22');
INSERT INTO "attendance" ("id","student_id","status","date","created_at") VALUES('s_1777251120740_2026-04-28','s_1777251120740','등원','2026-04-28','2026-04-27 15:27:22');
INSERT INTO "attendance" ("id","student_id","status","date","created_at") VALUES('s_1777251136015_2026-04-28','s_1777251136015','등원','2026-04-28','2026-04-27 15:27:22');
INSERT INTO "attendance" ("id","student_id","status","date","created_at") VALUES('s_1777251151637_2026-04-28','s_1777251151637','등원','2026-04-28','2026-04-27 15:27:22');
INSERT INTO "attendance" ("id","student_id","status","date","created_at") VALUES('s_1777251166671_2026-04-28','s_1777251166671','등원','2026-04-28','2026-04-27 15:27:22');
INSERT INTO "attendance" ("id","student_id","status","date","created_at") VALUES('s_1777251189364_2026-04-28','s_1777251189364','등원','2026-04-28','2026-04-27 15:27:22');
INSERT INTO "attendance" ("id","student_id","status","date","created_at") VALUES('s_1777251203150_2026-04-28','s_1777251203150','등원','2026-04-28','2026-04-27 15:27:22');
INSERT INTO "attendance" ("id","student_id","status","date","created_at") VALUES('s01_2026-04-28','s01','등원','2026-04-28','2026-04-27 15:28:48');
INSERT INTO "attendance" ("id","student_id","status","date","created_at") VALUES('s02_2026-04-28','s02','등원','2026-04-28','2026-04-27 15:28:48');
INSERT INTO "attendance" ("id","student_id","status","date","created_at") VALUES('s03_2026-04-28','s03','등원','2026-04-28','2026-04-27 15:28:48');
INSERT INTO "attendance" ("id","student_id","status","date","created_at") VALUES('s04_2026-04-28','s04','등원','2026-04-28','2026-04-27 15:28:48');
INSERT INTO "attendance" ("id","student_id","status","date","created_at") VALUES('s05_2026-04-28','s05','등원','2026-04-28','2026-04-27 15:28:48');
INSERT INTO "attendance" ("id","student_id","status","date","created_at") VALUES('s10_2026-04-28','s10','등원','2026-04-28','2026-04-27 15:28:59');
INSERT INTO "attendance" ("id","student_id","status","date","created_at") VALUES('s11_2026-04-28','s11','등원','2026-04-28','2026-04-27 15:28:59');
INSERT INTO "attendance" ("id","student_id","status","date","created_at") VALUES('s18_2026-04-28','s18','미기록','2026-04-28','2026-04-27 23:05:18');
INSERT INTO "attendance" ("id","student_id","status","date","created_at") VALUES('s19_2026-04-28','s19','미기록','2026-04-28','2026-04-27 23:05:18');
INSERT INTO "attendance" ("id","student_id","status","date","created_at") VALUES('s20_2026-04-28','s20','미기록','2026-04-28','2026-04-27 23:05:18');
INSERT INTO "attendance" ("id","student_id","status","date","created_at") VALUES('s21_2026-04-28','s21','미기록','2026-04-28','2026-04-27 23:05:18');
INSERT INTO "attendance" ("id","student_id","status","date","created_at") VALUES('s22_2026-04-28','s22','미기록','2026-04-28','2026-04-27 23:05:18');
INSERT INTO "attendance" ("id","student_id","status","date","created_at") VALUES('s_1777251106021_2026-05-02','s_1777251106021','미기록','2026-05-02','2026-05-02 09:10:22');
INSERT INTO "attendance" ("id","student_id","status","date","created_at") VALUES('s04_2026-05-01','s04','미기록','2026-05-01','2026-05-02 09:21:42');
INSERT INTO "attendance" ("id","student_id","status","date","created_at") VALUES('s_1777286037021_2026-04-24','s_1777286037021','등원','2026-04-24','2026-05-02 09:25:03');
INSERT INTO "attendance" ("id","student_id","status","date","created_at") VALUES('s22_2026-04-27','s22','미기록','2026-04-27','2026-05-02 09:25:19');
INSERT INTO "attendance" ("id","student_id","status","date","created_at") VALUES('s22_2026-04-29','s22','등원','2026-04-29','2026-05-02 09:25:27');
INSERT INTO "attendance" ("id","student_id","status","date","created_at") VALUES('s21_2026-04-29','s21','등원','2026-04-29','2026-05-02 09:25:28');
INSERT INTO "attendance" ("id","student_id","status","date","created_at") VALUES('s19_2026-04-29','s19','등원','2026-04-29','2026-05-02 09:25:28');
INSERT INTO "attendance" ("id","student_id","status","date","created_at") VALUES('s20_2026-04-29','s20','등원','2026-04-29','2026-05-02 09:25:29');
INSERT INTO "attendance" ("id","student_id","status","date","created_at") VALUES('s18_2026-04-29','s18','등원','2026-04-29','2026-05-02 09:25:29');
INSERT INTO "attendance" ("id","student_id","status","date","created_at") VALUES('s_1777251136015_2026-04-25','s_1777251136015','등원','2026-04-25','2026-05-02 09:25:56');
INSERT INTO "attendance" ("id","student_id","status","date","created_at") VALUES('s_1777251189364_2026-04-25','s_1777251189364','등원','2026-04-25','2026-05-02 09:25:57');
INSERT INTO "attendance" ("id","student_id","status","date","created_at") VALUES('s_1777251106021_2026-04-25','s_1777251106021','등원','2026-04-25','2026-05-02 09:25:57');
INSERT INTO "attendance" ("id","student_id","status","date","created_at") VALUES('s_1777251120740_2026-04-25','s_1777251120740','등원','2026-04-25','2026-05-02 09:25:58');
INSERT INTO "attendance" ("id","student_id","status","date","created_at") VALUES('s_1777251166671_2026-04-25','s_1777251166671','등원','2026-04-25','2026-05-02 09:25:58');
INSERT INTO "attendance" ("id","student_id","status","date","created_at") VALUES('s_1777251203150_2026-04-25','s_1777251203150','등원','2026-04-25','2026-05-02 09:25:59');
INSERT INTO "attendance" ("id","student_id","status","date","created_at") VALUES('s_1777251151637_2026-04-25','s_1777251151637','등원','2026-04-25','2026-05-02 09:25:59');
INSERT INTO "attendance" ("id","student_id","status","date","created_at") VALUES('s03_2026-05-01','s03','미기록','2026-05-01','2026-05-02 10:55:54');
INSERT INTO "attendance" ("id","student_id","status","date","created_at") VALUES('s05_2026-05-01','s05','미기록','2026-05-01','2026-05-02 10:55:55');
INSERT INTO "attendance" ("id","student_id","status","date","created_at") VALUES('s01_2026-05-03','s01','미기록','2026-05-03','2026-05-03 05:47:27');
INSERT INTO "attendance" ("id","student_id","status","date","created_at") VALUES('s_1777251203150_2026-05-07','s_1777251203150','미기록','2026-05-07','2026-05-03 17:09:27');
INSERT INTO "attendance" ("id","student_id","status","date","created_at") VALUES('s_1777251203150_2026-05-05','s_1777251203150','등원','2026-05-05','2026-05-03 17:09:31');
INSERT INTO "attendance" ("id","student_id","status","date","created_at") VALUES('s15_2026-05-04','s15','결석','2026-05-04','2026-05-04 05:47:12');
INSERT INTO "attendance" ("id","student_id","status","date","created_at") VALUES('s17_2026-05-04','s17','등원','2026-05-04','2026-05-04 07:31:37');
INSERT INTO "attendance" ("id","student_id","status","date","created_at") VALUES('s13_2026-05-04','s13','등원','2026-05-04','2026-05-04 07:31:37');
INSERT INTO "attendance" ("id","student_id","status","date","created_at") VALUES('s12_2026-05-04','s12','결석','2026-05-04','2026-05-04 07:31:38');
INSERT INTO "attendance" ("id","student_id","status","date","created_at") VALUES('s16_2026-05-04','s16','등원','2026-05-04','2026-05-04 07:31:38');
INSERT INTO "attendance" ("id","student_id","status","date","created_at") VALUES('s14_2026-05-04','s14','등원','2026-05-04','2026-05-04 07:31:39');
INSERT INTO "attendance" ("id","student_id","status","date","created_at") VALUES('s_1777286037021_2026-05-04','s_1777286037021','등원','2026-05-04','2026-05-04 10:13:18');
INSERT INTO "attendance" ("id","student_id","status","date","created_at") VALUES('s08_2026-05-04','s08','등원','2026-05-04','2026-05-04 10:13:19');
INSERT INTO "attendance" ("id","student_id","status","date","created_at") VALUES('s07_2026-05-04','s07','등원','2026-05-04','2026-05-04 10:13:19');
INSERT INTO "attendance" ("id","student_id","status","date","created_at") VALUES('s09_2026-05-04','s09','결석','2026-05-04','2026-05-04 10:13:19');
INSERT INTO "attendance" ("id","student_id","status","date","created_at") VALUES('s06_2026-05-04','s06','등원','2026-05-04','2026-05-04 10:13:20');
INSERT INTO "attendance" ("id","student_id","status","date","created_at") VALUES('s25_2026-05-04','s25','등원','2026-05-04','2026-05-04 12:25:27');
INSERT INTO "attendance" ("id","student_id","status","date","created_at") VALUES('s28_2026-05-04','s28','등원','2026-05-04','2026-05-04 12:25:27');
INSERT INTO "attendance" ("id","student_id","status","date","created_at") VALUES('s26_2026-05-04','s26','등원','2026-05-04','2026-05-04 12:25:28');
INSERT INTO "attendance" ("id","student_id","status","date","created_at") VALUES('s23_2026-05-04','s23','등원','2026-05-04','2026-05-04 12:25:29');
INSERT INTO "attendance" ("id","student_id","status","date","created_at") VALUES('s29_2026-05-04','s29','등원','2026-05-04','2026-05-04 12:25:29');
INSERT INTO "attendance" ("id","student_id","status","date","created_at") VALUES('s27_2026-05-04','s27','등원','2026-05-04','2026-05-04 12:25:30');
INSERT INTO "attendance" ("id","student_id","status","date","created_at") VALUES('s24_2026-05-04','s24','등원','2026-05-04','2026-05-04 12:25:30');
INSERT INTO "attendance" ("id","student_id","status","date","created_at") VALUES('s_1777251136015_2026-05-02','s_1777251136015','수업 없음','2026-05-02','2026-05-04 13:52:58');
INSERT INTO "attendance" ("id","student_id","status","date","created_at") VALUES('s_1777251189364_2026-05-02','s_1777251189364','수업 없음','2026-05-02','2026-05-04 13:52:58');
INSERT INTO "attendance" ("id","student_id","status","date","created_at") VALUES('s_1777251120740_2026-05-02','s_1777251120740','수업 없음','2026-05-02','2026-05-04 14:28:31');
INSERT INTO "attendance" ("id","student_id","status","date","created_at") VALUES('s_1777251166671_2026-05-02','s_1777251166671','수업 없음','2026-05-02','2026-05-04 14:28:34');
INSERT INTO "attendance" ("id","student_id","status","date","created_at") VALUES('s_1777251203150_2026-05-02','s_1777251203150','수업 없음','2026-05-02','2026-05-04 14:28:35');
INSERT INTO "attendance" ("id","student_id","status","date","created_at") VALUES('s_1777251151637_2026-05-02','s_1777251151637','수업 없음','2026-05-02','2026-05-04 14:28:38');
INSERT INTO "attendance" ("id","student_id","status","date","created_at") VALUES('s_1777786721985_2026-05-02','s_1777786721985','수업 없음','2026-05-02','2026-05-04 14:28:40');
INSERT INTO "attendance" ("id","student_id","status","date","created_at") VALUES('s_1777786784017_2026-05-02','s_1777786784017','수업 없음','2026-05-02','2026-05-04 14:28:42');
INSERT INTO "attendance" ("id","student_id","status","date","created_at") VALUES('s_1777786812607_2026-05-02','s_1777786812607','수업 없음','2026-05-02','2026-05-04 14:28:45');
INSERT INTO "attendance" ("id","student_id","status","date","created_at") VALUES('s_1777786799546_2026-05-02','s_1777786799546','수업 없음','2026-05-02','2026-05-04 14:28:46');
INSERT INTO "attendance" ("id","student_id","status","date","created_at") VALUES('s01_2026-05-05','s01','수업 없음','2026-05-05','2026-05-04 15:01:37');
INSERT INTO "attendance" ("id","student_id","status","date","created_at") VALUES('s02_2026-05-05','s02','수업 없음','2026-05-05','2026-05-04 15:01:41');
INSERT INTO "attendance" ("id","student_id","status","date","created_at") VALUES('s03_2026-05-05','s03','수업 없음','2026-05-05','2026-05-04 15:01:45');
INSERT INTO "attendance" ("id","student_id","status","date","created_at") VALUES('s04_2026-05-05','s04','수업 없음','2026-05-05','2026-05-04 15:01:51');
INSERT INTO "attendance" ("id","student_id","status","date","created_at") VALUES('s05_2026-05-05','s05','수업 없음','2026-05-05','2026-05-04 15:01:55');
INSERT INTO "attendance" ("id","student_id","status","date","created_at") VALUES('s10_2026-05-05','s10','수업 없음','2026-05-05','2026-05-04 21:16:21');
INSERT INTO "attendance" ("id","student_id","status","date","created_at") VALUES('s18_2026-05-05','s18','수업 없음','2026-05-05','2026-05-04 21:16:58');
INSERT INTO "attendance" ("id","student_id","status","date","created_at") VALUES('s19_2026-05-05','s19','수업 없음','2026-05-05','2026-05-04 21:16:59');
INSERT INTO "attendance" ("id","student_id","status","date","created_at") VALUES('s20_2026-05-05','s20','수업 없음','2026-05-05','2026-05-04 21:17:00');
INSERT INTO "attendance" ("id","student_id","status","date","created_at") VALUES('s21_2026-05-05','s21','수업 없음','2026-05-05','2026-05-04 21:17:02');
INSERT INTO "attendance" ("id","student_id","status","date","created_at") VALUES('s22_2026-05-05','s22','수업 없음','2026-05-05','2026-05-04 21:17:04');
INSERT INTO "attendance" ("id","student_id","status","date","created_at") VALUES('s_1777251106021_2026-05-05','s_1777251106021','등원','2026-05-05','2026-05-04 22:15:46');
INSERT INTO "attendance" ("id","student_id","status","date","created_at") VALUES('s_1777251136015_2026-05-05','s_1777251136015','등원','2026-05-05','2026-05-05 00:58:31');
INSERT INTO "attendance" ("id","student_id","status","date","created_at") VALUES('s_1777251189364_2026-05-05','s_1777251189364','등원','2026-05-05','2026-05-05 00:58:32');
INSERT INTO "attendance" ("id","student_id","status","date","created_at") VALUES('s_1777251120740_2026-05-05','s_1777251120740','등원','2026-05-05','2026-05-05 00:58:32');
INSERT INTO "attendance" ("id","student_id","status","date","created_at") VALUES('s_1777251166671_2026-05-05','s_1777251166671','등원','2026-05-05','2026-05-05 00:58:33');
INSERT INTO "attendance" ("id","student_id","status","date","created_at") VALUES('s_1777251151637_2026-05-05','s_1777251151637','등원','2026-05-05','2026-05-05 00:58:34');
INSERT INTO "attendance" ("id","student_id","status","date","created_at") VALUES('s24_2026-05-05','s24','미기록','2026-05-05','2026-05-05 08:05:20');
CREATE TABLE homework (
  id TEXT PRIMARY KEY,
  student_id TEXT NOT NULL,
  status TEXT NOT NULL,
  date DATE NOT NULL,
  created_at DATETIME DEFAULT CURRENT_TIMESTAMP
);
INSERT INTO "homework" ("id","student_id","status","date","created_at") VALUES('s06_2026-04-25','s06','완료','2026-04-25','2026-04-25 06:43:17');
INSERT INTO "homework" ("id","student_id","status","date","created_at") VALUES('s07_2026-04-25','s07','완료','2026-04-25','2026-04-25 06:43:20');
INSERT INTO "homework" ("id","student_id","status","date","created_at") VALUES('s12_2026-04-25','s12','완료','2026-04-25','2026-04-25 13:30:57');
INSERT INTO "homework" ("id","student_id","status","date","created_at") VALUES('s02_2026-04-25','s02','완료','2026-04-25','2026-04-25 14:13:38');
INSERT INTO "homework" ("id","student_id","status","date","created_at") VALUES('s01_2026-04-24','s01','완료','2026-04-24','2026-04-25 14:16:09');
INSERT INTO "homework" ("id","student_id","status","date","created_at") VALUES('s02_2026-04-24','s02','완료','2026-04-24','2026-04-25 14:16:09');
INSERT INTO "homework" ("id","student_id","status","date","created_at") VALUES('s18_2026-04-24','s18','완료','2026-04-24','2026-04-25 14:16:21');
INSERT INTO "homework" ("id","student_id","status","date","created_at") VALUES('s19_2026-04-24','s19','완료','2026-04-24','2026-04-25 14:16:21');
INSERT INTO "homework" ("id","student_id","status","date","created_at") VALUES('s20_2026-04-24','s20','완료','2026-04-24','2026-04-25 14:16:21');
INSERT INTO "homework" ("id","student_id","status","date","created_at") VALUES('s21_2026-04-24','s21','완료','2026-04-24','2026-04-25 14:16:21');
INSERT INTO "homework" ("id","student_id","status","date","created_at") VALUES('s22_2026-04-24','s22','완료','2026-04-24','2026-04-25 14:16:21');
INSERT INTO "homework" ("id","student_id","status","date","created_at") VALUES('s01_2026-04-25','s01','완료','2026-04-25','2026-04-25 14:17:46');
INSERT INTO "homework" ("id","student_id","status","date","created_at") VALUES('s03_2026-04-24','s03','완료','2026-04-24','2026-04-25 14:17:58');
INSERT INTO "homework" ("id","student_id","status","date","created_at") VALUES('s04_2026-04-24','s04','완료','2026-04-24','2026-04-25 14:17:58');
INSERT INTO "homework" ("id","student_id","status","date","created_at") VALUES('s05_2026-04-24','s05','완료','2026-04-24','2026-04-25 14:17:58');
INSERT INTO "homework" ("id","student_id","status","date","created_at") VALUES('s03_2026-04-25','s03','완료','2026-04-25','2026-04-25 14:25:20');
INSERT INTO "homework" ("id","student_id","status","date","created_at") VALUES('s04_2026-04-25','s04','완료','2026-04-25','2026-04-25 14:25:20');
INSERT INTO "homework" ("id","student_id","status","date","created_at") VALUES('s05_2026-04-25','s05','완료','2026-04-25','2026-04-25 14:25:20');
INSERT INTO "homework" ("id","student_id","status","date","created_at") VALUES('s08_2026-04-25','s08','완료','2026-04-25','2026-04-25 14:25:20');
INSERT INTO "homework" ("id","student_id","status","date","created_at") VALUES('s09_2026-04-25','s09','완료','2026-04-25','2026-04-25 14:25:20');
INSERT INTO "homework" ("id","student_id","status","date","created_at") VALUES('s10_2026-04-25','s10','완료','2026-04-25','2026-04-25 14:25:20');
INSERT INTO "homework" ("id","student_id","status","date","created_at") VALUES('s11_2026-04-25','s11','완료','2026-04-25','2026-04-25 14:25:20');
INSERT INTO "homework" ("id","student_id","status","date","created_at") VALUES('s13_2026-04-25','s13','완료','2026-04-25','2026-04-25 14:25:20');
INSERT INTO "homework" ("id","student_id","status","date","created_at") VALUES('s14_2026-04-25','s14','완료','2026-04-25','2026-04-25 14:25:20');
INSERT INTO "homework" ("id","student_id","status","date","created_at") VALUES('s15_2026-04-25','s15','완료','2026-04-25','2026-04-25 14:25:20');
INSERT INTO "homework" ("id","student_id","status","date","created_at") VALUES('s16_2026-04-25','s16','완료','2026-04-25','2026-04-25 14:25:20');
INSERT INTO "homework" ("id","student_id","status","date","created_at") VALUES('s17_2026-04-25','s17','완료','2026-04-25','2026-04-25 14:25:20');
INSERT INTO "homework" ("id","student_id","status","date","created_at") VALUES('s18_2026-04-25','s18','완료','2026-04-25','2026-04-25 14:25:20');
INSERT INTO "homework" ("id","student_id","status","date","created_at") VALUES('s19_2026-04-25','s19','완료','2026-04-25','2026-04-25 14:25:20');
INSERT INTO "homework" ("id","student_id","status","date","created_at") VALUES('s20_2026-04-25','s20','완료','2026-04-25','2026-04-25 14:25:20');
INSERT INTO "homework" ("id","student_id","status","date","created_at") VALUES('s21_2026-04-25','s21','완료','2026-04-25','2026-04-25 14:25:20');
INSERT INTO "homework" ("id","student_id","status","date","created_at") VALUES('s22_2026-04-25','s22','완료','2026-04-25','2026-04-25 14:25:20');
INSERT INTO "homework" ("id","student_id","status","date","created_at") VALUES('s23_2026-04-25','s23','완료','2026-04-25','2026-04-25 14:25:20');
INSERT INTO "homework" ("id","student_id","status","date","created_at") VALUES('s24_2026-04-25','s24','완료','2026-04-25','2026-04-25 14:25:20');
INSERT INTO "homework" ("id","student_id","status","date","created_at") VALUES('s25_2026-04-25','s25','완료','2026-04-25','2026-04-25 14:25:20');
INSERT INTO "homework" ("id","student_id","status","date","created_at") VALUES('s26_2026-04-25','s26','완료','2026-04-25','2026-04-25 14:25:20');
INSERT INTO "homework" ("id","student_id","status","date","created_at") VALUES('s27_2026-04-25','s27','완료','2026-04-25','2026-04-25 14:25:20');
INSERT INTO "homework" ("id","student_id","status","date","created_at") VALUES('s28_2026-04-25','s28','완료','2026-04-25','2026-04-25 14:25:20');
INSERT INTO "homework" ("id","student_id","status","date","created_at") VALUES('s29_2026-04-25','s29','완료','2026-04-25','2026-04-25 14:25:20');
INSERT INTO "homework" ("id","student_id","status","date","created_at") VALUES('s01_2026-04-26','s01','완료','2026-04-26','2026-04-25 15:33:48');
INSERT INTO "homework" ("id","student_id","status","date","created_at") VALUES('s02_2026-04-26','s02','완료','2026-04-26','2026-04-25 15:33:48');
INSERT INTO "homework" ("id","student_id","status","date","created_at") VALUES('s03_2026-04-26','s03','완료','2026-04-26','2026-04-25 15:33:48');
INSERT INTO "homework" ("id","student_id","status","date","created_at") VALUES('s04_2026-04-26','s04','완료','2026-04-26','2026-04-25 15:33:48');
INSERT INTO "homework" ("id","student_id","status","date","created_at") VALUES('s05_2026-04-26','s05','완료','2026-04-26','2026-04-25 15:33:48');
INSERT INTO "homework" ("id","student_id","status","date","created_at") VALUES('s06_2026-04-26','s06','완료','2026-04-26','2026-04-25 15:33:48');
INSERT INTO "homework" ("id","student_id","status","date","created_at") VALUES('s07_2026-04-26','s07','완료','2026-04-26','2026-04-25 15:33:48');
INSERT INTO "homework" ("id","student_id","status","date","created_at") VALUES('s08_2026-04-26','s08','완료','2026-04-26','2026-04-25 15:33:48');
INSERT INTO "homework" ("id","student_id","status","date","created_at") VALUES('s09_2026-04-26','s09','완료','2026-04-26','2026-04-25 15:33:48');
INSERT INTO "homework" ("id","student_id","status","date","created_at") VALUES('s10_2026-04-26','s10','완료','2026-04-26','2026-04-25 15:33:48');
INSERT INTO "homework" ("id","student_id","status","date","created_at") VALUES('s11_2026-04-26','s11','완료','2026-04-26','2026-04-25 15:33:48');
INSERT INTO "homework" ("id","student_id","status","date","created_at") VALUES('s12_2026-04-26','s12','완료','2026-04-26','2026-04-25 15:33:48');
INSERT INTO "homework" ("id","student_id","status","date","created_at") VALUES('s13_2026-04-26','s13','완료','2026-04-26','2026-04-25 15:33:48');
INSERT INTO "homework" ("id","student_id","status","date","created_at") VALUES('s14_2026-04-26','s14','완료','2026-04-26','2026-04-25 15:33:48');
INSERT INTO "homework" ("id","student_id","status","date","created_at") VALUES('s15_2026-04-26','s15','완료','2026-04-26','2026-04-25 15:33:48');
INSERT INTO "homework" ("id","student_id","status","date","created_at") VALUES('s16_2026-04-26','s16','완료','2026-04-26','2026-04-25 15:33:48');
INSERT INTO "homework" ("id","student_id","status","date","created_at") VALUES('s17_2026-04-26','s17','완료','2026-04-26','2026-04-25 15:33:48');
INSERT INTO "homework" ("id","student_id","status","date","created_at") VALUES('s18_2026-04-26','s18','완료','2026-04-26','2026-04-25 15:33:48');
INSERT INTO "homework" ("id","student_id","status","date","created_at") VALUES('s19_2026-04-26','s19','완료','2026-04-26','2026-04-25 15:33:48');
INSERT INTO "homework" ("id","student_id","status","date","created_at") VALUES('s20_2026-04-26','s20','완료','2026-04-26','2026-04-25 15:33:48');
INSERT INTO "homework" ("id","student_id","status","date","created_at") VALUES('s21_2026-04-26','s21','완료','2026-04-26','2026-04-25 15:33:48');
INSERT INTO "homework" ("id","student_id","status","date","created_at") VALUES('s22_2026-04-26','s22','완료','2026-04-26','2026-04-25 15:33:48');
INSERT INTO "homework" ("id","student_id","status","date","created_at") VALUES('s23_2026-04-26','s23','완료','2026-04-26','2026-04-25 15:33:48');
INSERT INTO "homework" ("id","student_id","status","date","created_at") VALUES('s24_2026-04-26','s24','완료','2026-04-26','2026-04-25 15:33:48');
INSERT INTO "homework" ("id","student_id","status","date","created_at") VALUES('s25_2026-04-26','s25','완료','2026-04-26','2026-04-25 15:33:48');
INSERT INTO "homework" ("id","student_id","status","date","created_at") VALUES('s26_2026-04-26','s26','완료','2026-04-26','2026-04-25 15:33:48');
INSERT INTO "homework" ("id","student_id","status","date","created_at") VALUES('s27_2026-04-26','s27','완료','2026-04-26','2026-04-25 15:33:48');
INSERT INTO "homework" ("id","student_id","status","date","created_at") VALUES('s28_2026-04-26','s28','완료','2026-04-26','2026-04-25 15:33:48');
INSERT INTO "homework" ("id","student_id","status","date","created_at") VALUES('s29_2026-04-26','s29','완료','2026-04-26','2026-04-25 15:33:48');
INSERT INTO "homework" ("id","student_id","status","date","created_at") VALUES('s06_2026-04-27','s06','완료','2026-04-27','2026-04-27 00:32:57');
INSERT INTO "homework" ("id","student_id","status","date","created_at") VALUES('s07_2026-04-27','s07','완료','2026-04-27','2026-04-27 00:32:57');
INSERT INTO "homework" ("id","student_id","status","date","created_at") VALUES('s12_2026-04-27','s12','완료','2026-04-27','2026-04-27 00:32:57');
INSERT INTO "homework" ("id","student_id","status","date","created_at") VALUES('s14_2026-04-27','s14','완료','2026-04-27','2026-04-27 00:32:58');
INSERT INTO "homework" ("id","student_id","status","date","created_at") VALUES('s16_2026-04-27','s16','완료','2026-04-27','2026-04-27 00:32:58');
INSERT INTO "homework" ("id","student_id","status","date","created_at") VALUES('s23_2026-04-27','s23','완료','2026-04-27','2026-04-27 00:32:59');
INSERT INTO "homework" ("id","student_id","status","date","created_at") VALUES('s08_2026-04-27','s08','완료','2026-04-27','2026-04-27 00:33:02');
INSERT INTO "homework" ("id","student_id","status","date","created_at") VALUES('s09_2026-04-27','s09','완료','2026-04-27','2026-04-27 00:33:03');
INSERT INTO "homework" ("id","student_id","status","date","created_at") VALUES('s13_2026-04-27','s13','완료','2026-04-27','2026-04-27 00:33:03');
INSERT INTO "homework" ("id","student_id","status","date","created_at") VALUES('s15_2026-04-27','s15','완료','2026-04-27','2026-04-27 00:33:04');
INSERT INTO "homework" ("id","student_id","status","date","created_at") VALUES('s17_2026-04-27','s17','완료','2026-04-27','2026-04-27 00:33:04');
INSERT INTO "homework" ("id","student_id","status","date","created_at") VALUES('s24_2026-04-27','s24','완료','2026-04-27','2026-04-27 00:33:06');
INSERT INTO "homework" ("id","student_id","status","date","created_at") VALUES('s25_2026-04-27','s25','완료','2026-04-27','2026-04-27 00:33:10');
INSERT INTO "homework" ("id","student_id","status","date","created_at") VALUES('s26_2026-04-27','s26','완료','2026-04-27','2026-04-27 00:33:13');
INSERT INTO "homework" ("id","student_id","status","date","created_at") VALUES('s27_2026-04-27','s27','완료','2026-04-27','2026-04-27 00:33:14');
INSERT INTO "homework" ("id","student_id","status","date","created_at") VALUES('s28_2026-04-27','s28','완료','2026-04-27','2026-04-27 00:33:15');
INSERT INTO "homework" ("id","student_id","status","date","created_at") VALUES('s29_2026-04-27','s29','완료','2026-04-27','2026-04-27 00:33:15');
INSERT INTO "homework" ("id","student_id","status","date","created_at") VALUES('s_1777286037021_2026-04-27','s_1777286037021','완료','2026-04-27','2026-04-27 10:34:23');
INSERT INTO "homework" ("id","student_id","status","date","created_at") VALUES('s_1777251106021_2026-04-28','s_1777251106021','완료','2026-04-28','2026-04-27 15:27:24');
INSERT INTO "homework" ("id","student_id","status","date","created_at") VALUES('s_1777251120740_2026-04-28','s_1777251120740','완료','2026-04-28','2026-04-27 15:27:24');
INSERT INTO "homework" ("id","student_id","status","date","created_at") VALUES('s_1777251136015_2026-04-28','s_1777251136015','완료','2026-04-28','2026-04-27 15:27:24');
INSERT INTO "homework" ("id","student_id","status","date","created_at") VALUES('s_1777251151637_2026-04-28','s_1777251151637','완료','2026-04-28','2026-04-27 15:27:24');
INSERT INTO "homework" ("id","student_id","status","date","created_at") VALUES('s_1777251166671_2026-04-28','s_1777251166671','완료','2026-04-28','2026-04-27 15:27:24');
INSERT INTO "homework" ("id","student_id","status","date","created_at") VALUES('s_1777251189364_2026-04-28','s_1777251189364','완료','2026-04-28','2026-04-27 15:27:24');
INSERT INTO "homework" ("id","student_id","status","date","created_at") VALUES('s_1777251203150_2026-04-28','s_1777251203150','완료','2026-04-28','2026-04-27 15:27:24');
INSERT INTO "homework" ("id","student_id","status","date","created_at") VALUES('s01_2026-04-28','s01','완료','2026-04-28','2026-04-27 15:28:50');
INSERT INTO "homework" ("id","student_id","status","date","created_at") VALUES('s02_2026-04-28','s02','완료','2026-04-28','2026-04-27 15:28:50');
INSERT INTO "homework" ("id","student_id","status","date","created_at") VALUES('s03_2026-04-28','s03','완료','2026-04-28','2026-04-27 15:28:50');
INSERT INTO "homework" ("id","student_id","status","date","created_at") VALUES('s04_2026-04-28','s04','완료','2026-04-28','2026-04-27 15:28:50');
INSERT INTO "homework" ("id","student_id","status","date","created_at") VALUES('s05_2026-04-28','s05','완료','2026-04-28','2026-04-27 15:28:50');
INSERT INTO "homework" ("id","student_id","status","date","created_at") VALUES('s18_2026-04-28','s18','완료','2026-04-28','2026-04-27 23:05:20');
INSERT INTO "homework" ("id","student_id","status","date","created_at") VALUES('s19_2026-04-28','s19','완료','2026-04-28','2026-04-27 23:05:20');
INSERT INTO "homework" ("id","student_id","status","date","created_at") VALUES('s20_2026-04-28','s20','완료','2026-04-28','2026-04-27 23:05:20');
INSERT INTO "homework" ("id","student_id","status","date","created_at") VALUES('s21_2026-04-28','s21','완료','2026-04-28','2026-04-27 23:05:20');
INSERT INTO "homework" ("id","student_id","status","date","created_at") VALUES('s22_2026-04-28','s22','완료','2026-04-28','2026-04-27 23:05:20');
INSERT INTO "homework" ("id","student_id","status","date","created_at") VALUES('s10_2026-04-28','s10','완료','2026-04-28','2026-04-27 23:05:43');
INSERT INTO "homework" ("id","student_id","status","date","created_at") VALUES('s11_2026-04-28','s11','완료','2026-04-28','2026-04-27 23:05:43');
INSERT INTO "homework" ("id","student_id","status","date","created_at") VALUES('s05_2026-04-30','s05','완료','2026-04-30','2026-04-30 06:19:15');
INSERT INTO "homework" ("id","student_id","status","date","created_at") VALUES('s01_2026-05-03','s01','완료','2026-05-03','2026-05-03 05:47:33');
INSERT INTO "homework" ("id","student_id","status","date","created_at") VALUES('s01_2026-05-05','s01','공란','2026-05-05','2026-05-04 15:02:00');
INSERT INTO "homework" ("id","student_id","status","date","created_at") VALUES('s02_2026-05-05','s02','공란','2026-05-05','2026-05-04 21:14:38');
INSERT INTO "homework" ("id","student_id","status","date","created_at") VALUES('s03_2026-05-05','s03','공란','2026-05-05','2026-05-04 21:14:41');
INSERT INTO "homework" ("id","student_id","status","date","created_at") VALUES('s04_2026-05-05','s04','공란','2026-05-05','2026-05-04 21:14:42');
INSERT INTO "homework" ("id","student_id","status","date","created_at") VALUES('s05_2026-05-05','s05','공란','2026-05-05','2026-05-04 21:14:45');
INSERT INTO "homework" ("id","student_id","status","date","created_at") VALUES('s10_2026-05-05','s10','공란','2026-05-05','2026-05-04 21:16:22');
INSERT INTO "homework" ("id","student_id","status","date","created_at") VALUES('s22_2026-05-05','s22','공란','2026-05-05','2026-05-04 21:17:06');
INSERT INTO "homework" ("id","student_id","status","date","created_at") VALUES('s21_2026-05-05','s21','공란','2026-05-05','2026-05-04 21:17:07');
INSERT INTO "homework" ("id","student_id","status","date","created_at") VALUES('s20_2026-05-05','s20','공란','2026-05-05','2026-05-04 21:17:08');
INSERT INTO "homework" ("id","student_id","status","date","created_at") VALUES('s19_2026-05-05','s19','공란','2026-05-05','2026-05-04 21:17:09');
INSERT INTO "homework" ("id","student_id","status","date","created_at") VALUES('s18_2026-05-05','s18','공란','2026-05-05','2026-05-04 21:17:12');
INSERT INTO "homework" ("id","student_id","status","date","created_at") VALUES('s_1777251106021_2026-05-05','s_1777251106021','완료','2026-05-05','2026-05-04 22:15:39');
INSERT INTO "homework" ("id","student_id","status","date","created_at") VALUES('s_1777251120740_2026-05-05','s_1777251120740','완료','2026-05-05','2026-05-04 22:15:40');
INSERT INTO "homework" ("id","student_id","status","date","created_at") VALUES('s_1777251136015_2026-05-05','s_1777251136015','완료','2026-05-05','2026-05-04 22:15:41');
CREATE TABLE exam_sessions (
  id TEXT PRIMARY KEY,
  student_id TEXT NOT NULL,
  exam_title TEXT,
  score INTEGER,
  exam_date DATE,
  updated_at DATETIME DEFAULT CURRENT_TIMESTAMP
, question_count INTEGER DEFAULT 0, class_id TEXT, archive_file TEXT);
INSERT INTO "exam_sessions" ("id","student_id","exam_title","score","exam_date","updated_at","question_count","class_id","archive_file") VALUES('ex_1777365733531','s02','1학기_중간평가_중1_단원평가유사2',88,'2026-04-28','2026-04-28 14:24:05',24,'m1_a','exams/1학기_중간평가_중1_단원평가유사2.js');
INSERT INTO "exam_sessions" ("id","student_id","exam_title","score","exam_date","updated_at","question_count","class_id","archive_file") VALUES('ex_1777365801000','s01','1학기_중간평가_중1_단원평가유사2',71,'2026-04-28','2026-04-28 08:53:39',24,'m1_a','exams/1학기_중간평가_중1_단원평가유사2.js');
INSERT INTO "exam_sessions" ("id","student_id","exam_title","score","exam_date","updated_at","question_count","class_id","archive_file") VALUES('ex_1777365822911','s04','1학기_중간평가_중1_단원평가유사2',88,'2026-04-28','2026-04-28 08:43:43',24,'m1_a','exams/1학기_중간평가_중1_단원평가유사2.js');
INSERT INTO "exam_sessions" ("id","student_id","exam_title","score","exam_date","updated_at","question_count","class_id","archive_file") VALUES('ex_1777365832373','s03','1학기_중간평가_중1_단원평가유사2',96,'2026-04-28','2026-04-28 14:22:23',24,'m1_a','exams/1학기_중간평가_중1_단원평가유사2.js');
INSERT INTO "exam_sessions" ("id","student_id","exam_title","score","exam_date","updated_at","question_count","class_id","archive_file") VALUES('ex_1777365865962','s05','1학기_중간평가_중1_단원평가유사2',88,'2026-04-28','2026-04-29 03:41:23',24,'m1_a','exams/1학기_중간평가_중1_단원평가유사2.js');
CREATE TABLE wrong_answers (
  id INTEGER PRIMARY KEY AUTOINCREMENT,
  session_id TEXT NOT NULL,
  question_id TEXT NOT NULL,
  student_id TEXT NOT NULL
);
INSERT INTO "wrong_answers" ("id","session_id","question_id","student_id") VALUES(227,'ex_1777365822911','8','s04');
INSERT INTO "wrong_answers" ("id","session_id","question_id","student_id") VALUES(228,'ex_1777365822911','20','s04');
INSERT INTO "wrong_answers" ("id","session_id","question_id","student_id") VALUES(229,'ex_1777365822911','22','s04');
INSERT INTO "wrong_answers" ("id","session_id","question_id","student_id") VALUES(234,'ex_1777365801000','2','s01');
INSERT INTO "wrong_answers" ("id","session_id","question_id","student_id") VALUES(235,'ex_1777365801000','6','s01');
INSERT INTO "wrong_answers" ("id","session_id","question_id","student_id") VALUES(236,'ex_1777365801000','8','s01');
INSERT INTO "wrong_answers" ("id","session_id","question_id","student_id") VALUES(237,'ex_1777365801000','9','s01');
INSERT INTO "wrong_answers" ("id","session_id","question_id","student_id") VALUES(238,'ex_1777365801000','18','s01');
INSERT INTO "wrong_answers" ("id","session_id","question_id","student_id") VALUES(239,'ex_1777365801000','20','s01');
INSERT INTO "wrong_answers" ("id","session_id","question_id","student_id") VALUES(240,'ex_1777365801000','22','s01');
INSERT INTO "wrong_answers" ("id","session_id","question_id","student_id") VALUES(245,'ex_1777365832373','7','s03');
INSERT INTO "wrong_answers" ("id","session_id","question_id","student_id") VALUES(246,'ex_1777365733531','7','s02');
INSERT INTO "wrong_answers" ("id","session_id","question_id","student_id") VALUES(247,'ex_1777365733531','8','s02');
INSERT INTO "wrong_answers" ("id","session_id","question_id","student_id") VALUES(248,'ex_1777365733531','18','s02');
INSERT INTO "wrong_answers" ("id","session_id","question_id","student_id") VALUES(249,'ex_1777365865962','7','s05');
INSERT INTO "wrong_answers" ("id","session_id","question_id","student_id") VALUES(250,'ex_1777365865962','9','s05');
INSERT INTO "wrong_answers" ("id","session_id","question_id","student_id") VALUES(251,'ex_1777365865962','22','s05');
CREATE TABLE questions (
  id TEXT PRIMARY KEY,
  standard_unit TEXT,
  difficulty TEXT
);
CREATE TABLE consultations (
  id TEXT PRIMARY KEY,
  student_id TEXT NOT NULL,
  date TEXT NOT NULL,
  type TEXT,
  content TEXT NOT NULL,
  next_action TEXT,
  created_at DATETIME DEFAULT CURRENT_TIMESTAMP
);
INSERT INTO "consultations" ("id","student_id","date","type","content","next_action","created_at") VALUES('cns_1777248710057','s01','2026-04-24','출결','이모집 가느라 결석','보강요일 정해야됨','2026-04-27 00:11:50');
INSERT INTO "consultations" ("id","student_id","date","type","content","next_action","created_at") VALUES('cns_1777870960742','s12','2026-05-04','성적',replace('목요일 시험 후 연락두절, 전화 받지 않고 시험지도 안 가져온 상황\n어미님과 통화내용.\n시험시간이 부족해서 시험을 못 봤다는 설명을 들음. 지난 기말고사 때도 같은 문제로 성적이 안 나왔다고 했는데, 이번에도 같은 문제로 인해 성적이 안나왔다고 하니, 어머님이 그 부분에 대해 대비를 했는지 물어보셔서, 기출문제 풀고 모의고사 풀 때 시간이 부족한 적은 없었다. 항상 시간내에 풀었고, 시험시간에 주의해야 할 부분 자주 이야기하고 시험보러 간 상황이라고 말씀드림.\n월요일에 수업시간에 시험지 같이 보내주시기로 하시고, 분석 후 다시 연락드리기로함.','\n',char(10)),'','2026-05-04 05:02:40');
INSERT INTO "consultations" ("id","student_id","date","type","content","next_action","created_at") VALUES('cns_1777871085208','s13','2026-05-04','성적','시간이 부족해서 서술형 문제를 마무리하지 못하고 채점에서 객관식 틀린 것까지 생각하면 77점 정도 예상된다고 안내. 예전보다 나아졌지만 숙제과정에서 어렵거나 하기 싫은 부분을 건너뛰고 쉬운 것만 해결하는 습관이 아직도 개선되지 않음을 말씀드림. 월요일 등원 안내 드리고 상담 종료','','2026-05-04 05:04:45');
INSERT INTO "consultations" ("id","student_id","date","type","content","next_action","created_at") VALUES('cns_1777871343836','s16','2026-05-04','성적','유준이가 학원에 온 후 2주만에 시험을 봤지만, 기초가 너무 부족해 시험준비를 거의 하지 않고 초등학교 5학년 분수 계산부터 연습했음을 안내. 기말고사 과정 때 부족한 부분을 채워나가면 진도를 진행하겠지만 스스로 하려고 하지 않으면 개선되기 힘들기 때문에 보강관리 철저히 하겠다고 안내','','2026-05-04 05:09:03');
INSERT INTO "consultations" ("id","student_id","date","type","content","next_action","created_at") VALUES('cns_1777873628541','s14','2026-05-04','성적',replace('중간고사 후 상담\n시험성적이 많이 오르긴 했는데, 더 잘 볼 수 있었을 것 같은 아쉬움이 있다고, 현성이가 시험에, 특히 수학에 실수가 많음을 이야기함. 현성이의 학습 태도와 성적의 변화에 대해 논의하며 앞으로 실수하지 않도록 그 부분 더 신경쓰기로 말씀드림.','\n',char(10)),'','2026-05-04 05:47:08');
INSERT INTO "consultations" ("id","student_id","date","type","content","next_action","created_at") VALUES('cns_1777873689891','s15','2026-05-04','기타',replace('가족여행으로 결석-아직 중간고사 시험지를 못 받은 상황, 가채점은 70점 중반정도 나올 것 같다고 이야기함.\n시험지 확인 후 학부모 상담예정','\n',char(10)),'수요일 등원 시 보강 예정','2026-05-04 05:48:09');
CREATE TABLE operation_memos (
  id TEXT PRIMARY KEY,
  memo_date TEXT NOT NULL,
  content TEXT NOT NULL,
  is_pinned INTEGER DEFAULT 0,
  is_done INTEGER DEFAULT 0,
  created_at DATETIME DEFAULT CURRENT_TIMESTAMP
, teacher_name TEXT DEFAULT '');
INSERT INTO "operation_memos" ("id","memo_date","content","is_pinned","is_done","created_at","teacher_name") VALUES('m_1777335921332','2026-04-28','왕의/금당,팔마,매여,제일 직전대비',0,1,'2026-04-28 00:25:21','');
INSERT INTO "operation_memos" ("id","memo_date","content","is_pinned","is_done","created_at","teacher_name") VALUES('m_1777346902413','2026-04-29','왕운,매산,동산/매산,금당,강남 직전대비',0,1,'2026-04-28 03:28:22','');
INSERT INTO "operation_memos" ("id","memo_date","content","is_pinned","is_done","created_at","teacher_name") VALUES('m_1777494179640','2026-04-29','왕운중 시험결과 확인/학부모상담/금당.매산.강남 시험결과 확인',0,1,'2026-04-29 20:22:59','');
INSERT INTO "operation_memos" ("id","memo_date","content","is_pinned","is_done","created_at","teacher_name") VALUES('m_1777521607967','2026-04-30','중1 원내 중간고사',0,1,'2026-04-30 04:00:07','');
INSERT INTO "operation_memos" ("id","memo_date","content","is_pinned","is_done","created_at","teacher_name") VALUES('m_1777821955023','2026-05-04','학부모상담',0,0,'2026-05-03 15:25:55','');
INSERT INTO "operation_memos" ("id","memo_date","content","is_pinned","is_done","created_at","teacher_name") VALUES('m_1777879305404','2026-05-04','형우 시험지',0,1,'2026-05-04 07:21:45','박준성');
CREATE TABLE exam_schedules (
  id TEXT PRIMARY KEY,
  school_name TEXT NOT NULL,
  grade TEXT,
  exam_name TEXT,
  exam_date TEXT NOT NULL,
  memo TEXT,
  created_at DATETIME DEFAULT CURRENT_TIMESTAMP
);
INSERT INTO "exam_schedules" ("id","school_name","grade","exam_name","exam_date","memo","created_at") VALUES('exs_1777340951946','왕운.매산중','','중간고사','2026-04-30','','2026-04-28 01:49:11');
INSERT INTO "exam_schedules" ("id","school_name","grade","exam_name","exam_date","memo","created_at") VALUES('exs_1777340977907','왕의중','중2','중간고사','2026-04-29','','2026-04-28 01:49:37');
INSERT INTO "exam_schedules" ("id","school_name","grade","exam_name","exam_date","memo","created_at") VALUES('exs_1777348997297','팔마.금당.매여','고1','중간고사','2026-04-29','','2026-04-28 04:03:17');
INSERT INTO "exam_schedules" ("id","school_name","grade","exam_name","exam_date","memo","created_at") VALUES('exs_1777349031435','매산.강남','고1','중간고사','2026-04-30','','2026-04-28 04:03:51');
INSERT INTO "exam_schedules" ("id","school_name","grade","exam_name","exam_date","memo","created_at") VALUES('exs_1777352410691','금당(확통)팔마(기하)제일(대수)','고2','중간고사','2026-04-29','','2026-04-28 05:00:10');
INSERT INTO "exam_schedules" ("id","school_name","grade","exam_name","exam_date","memo","created_at") VALUES('exs_1777352506817','금당(대수)','고2','중간고사','2026-04-30','','2026-04-28 05:01:46');
INSERT INTO "exam_schedules" ("id","school_name","grade","exam_name","exam_date","memo","created_at") VALUES('exs_1777517102398','어린이날','','','2026-05-05','','2026-04-30 02:45:02');
CREATE TABLE teachers (
  id TEXT PRIMARY KEY,
  name TEXT NOT NULL,
  login_id TEXT UNIQUE NOT NULL,
  password_hash TEXT NOT NULL,
  role TEXT DEFAULT 'teacher',
  created_at DATETIME DEFAULT CURRENT_TIMESTAMP
);
INSERT INTO "teachers" ("id","name","login_id","password_hash","role","created_at") VALUES('t_admin','박준성','admin','ac9689e2272427085e35b9d3e3e8bed88cb3434828b43b86fc0596cad4c6e270','admin','2026-04-27 06:32:15');
INSERT INTO "teachers" ("id","name","login_id","password_hash","role","created_at") VALUES('t01','박준성','teacher1','598a86cf3fca8f3faacab321b3f016f75084ab2edc6e126c81981502ddb19329','teacher','2026-04-27 06:32:15');
INSERT INTO "teachers" ("id","name","login_id","password_hash","role","created_at") VALUES('t02','정겨운','teacher2','598a86cf3fca8f3faacab321b3f016f75084ab2edc6e126c81981502ddb19329','teacher','2026-04-27 06:32:15');
INSERT INTO "teachers" ("id","name","login_id","password_hash","role","created_at") VALUES('t03','정의한','teacher3','598a86cf3fca8f3faacab321b3f016f75084ab2edc6e126c81981502ddb19329','teacher','2026-04-27 06:32:15');
CREATE TABLE teacher_classes (
  teacher_id TEXT NOT NULL,
  class_id TEXT NOT NULL,
  PRIMARY KEY (teacher_id, class_id)
);
INSERT INTO "teacher_classes" ("teacher_id","class_id") VALUES('t_admin','m1_c');
INSERT INTO "teacher_classes" ("teacher_id","class_id") VALUES('t_admin','m2_a');
INSERT INTO "teacher_classes" ("teacher_id","class_id") VALUES('t_admin','m3_a');
INSERT INTO "teacher_classes" ("teacher_id","class_id") VALUES('t_admin','m3_b');
INSERT INTO "teacher_classes" ("teacher_id","class_id") VALUES('t_admin','m1_b');
INSERT INTO "teacher_classes" ("teacher_id","class_id") VALUES('t_admin','m1_a');
INSERT INTO "teacher_classes" ("teacher_id","class_id") VALUES('t01','m1_a');
INSERT INTO "teacher_classes" ("teacher_id","class_id") VALUES('t01','m1_b');
INSERT INTO "teacher_classes" ("teacher_id","class_id") VALUES('t01','m1_c');
INSERT INTO "teacher_classes" ("teacher_id","class_id") VALUES('t01','m2_a');
INSERT INTO "teacher_classes" ("teacher_id","class_id") VALUES('t01','m3_a');
INSERT INTO "teacher_classes" ("teacher_id","class_id") VALUES('t01','m3_b');
INSERT INTO "teacher_classes" ("teacher_id","class_id") VALUES('t_admin','cls_1777251077600');
INSERT INTO "teacher_classes" ("teacher_id","class_id") VALUES('t_admin','cls_1777433160961');
INSERT INTO "teacher_classes" ("teacher_id","class_id") VALUES('t01','cls_1777251077600');
INSERT INTO "teacher_classes" ("teacher_id","class_id") VALUES('t01','cls_1777433160961');
INSERT INTO "teacher_classes" ("teacher_id","class_id") VALUES('t02','kj_mwf_p1_m1');
INSERT INTO "teacher_classes" ("teacher_id","class_id") VALUES('t02','kj_mwf_p2_m2');
INSERT INTO "teacher_classes" ("teacher_id","class_id") VALUES('t02','kj_mwf_p3_m3');
INSERT INTO "teacher_classes" ("teacher_id","class_id") VALUES('t02','kj_ttf_p1_m2');
INSERT INTO "teacher_classes" ("teacher_id","class_id") VALUES('t02','kj_ttf_p2_m1');
INSERT INTO "teacher_classes" ("teacher_id","class_id") VALUES('t02','kj_ttf_p3_m3');
INSERT INTO "teacher_classes" ("teacher_id","class_id") VALUES('t03','jh_mwf_p1_m2');
INSERT INTO "teacher_classes" ("teacher_id","class_id") VALUES('t03','jh_mwf_p2_m1');
INSERT INTO "teacher_classes" ("teacher_id","class_id") VALUES('t03','jh_mwf_p3_m3');
INSERT INTO "teacher_classes" ("teacher_id","class_id") VALUES('t03','jh_ttf_p1_m2');
INSERT INTO "teacher_classes" ("teacher_id","class_id") VALUES('t03','jh_ttf_p2_m1');
INSERT INTO "teacher_classes" ("teacher_id","class_id") VALUES('t03','jh_ttf_p3_m3');
CREATE TABLE exam_blueprints (
  archive_file TEXT NOT NULL,
  question_no INTEGER NOT NULL,
  source_archive_file TEXT NOT NULL,
  source_question_no INTEGER NOT NULL,
  standard_unit_key TEXT,
  standard_unit TEXT,
  standard_course TEXT,
  concept_cluster_key TEXT,
  created_at TEXT DEFAULT CURRENT_TIMESTAMP,
  updated_at TEXT DEFAULT CURRENT_TIMESTAMP,
  PRIMARY KEY (archive_file, question_no)
);
INSERT INTO "exam_blueprints" ("archive_file","question_no","source_archive_file","source_question_no","standard_unit_key","standard_unit","standard_course","concept_cluster_key","created_at","updated_at") VALUES('exams/26_효천고_1학기_중간_고1_기출.js',1,'exams/26_효천고_1학기_중간_고1_기출.js',1,'H22-C-01','다항식의 연산','공통수학1','ALG-POLY','2026-04-27 11:16:07','2026-04-28 06:16:19');
INSERT INTO "exam_blueprints" ("archive_file","question_no","source_archive_file","source_question_no","standard_unit_key","standard_unit","standard_course","concept_cluster_key","created_at","updated_at") VALUES('exams/26_효천고_1학기_중간_고1_기출.js',2,'exams/26_효천고_1학기_중간_고1_기출.js',2,'H22-C-01','다항식의 연산','공통수학1','ALG-POLY','2026-04-27 11:16:07','2026-04-28 06:16:19');
INSERT INTO "exam_blueprints" ("archive_file","question_no","source_archive_file","source_question_no","standard_unit_key","standard_unit","standard_course","concept_cluster_key","created_at","updated_at") VALUES('exams/26_효천고_1학기_중간_고1_기출.js',3,'exams/26_효천고_1학기_중간_고1_기출.js',3,'H22-C-04','복소수와 이차방정식','공통수학1','ALG-COMPLEX','2026-04-27 11:16:07','2026-04-28 06:16:19');
INSERT INTO "exam_blueprints" ("archive_file","question_no","source_archive_file","source_question_no","standard_unit_key","standard_unit","standard_course","concept_cluster_key","created_at","updated_at") VALUES('exams/26_효천고_1학기_중간_고1_기출.js',4,'exams/26_효천고_1학기_중간_고1_기출.js',4,'H22-C-06','여러 가지 방정식과 부등식','공통수학1','ALG-EQ-HIGHER','2026-04-27 11:16:07','2026-04-28 06:16:19');
INSERT INTO "exam_blueprints" ("archive_file","question_no","source_archive_file","source_question_no","standard_unit_key","standard_unit","standard_course","concept_cluster_key","created_at","updated_at") VALUES('exams/26_효천고_1학기_중간_고1_기출.js',5,'exams/26_효천고_1학기_중간_고1_기출.js',5,'H22-C-03','인수분해','공통수학1','ALG-FACTOR','2026-04-27 11:16:07','2026-04-28 06:16:19');
INSERT INTO "exam_blueprints" ("archive_file","question_no","source_archive_file","source_question_no","standard_unit_key","standard_unit","standard_course","concept_cluster_key","created_at","updated_at") VALUES('exams/26_효천고_1학기_중간_고1_기출.js',6,'exams/26_효천고_1학기_중간_고1_기출.js',6,'H22-C-02','항등식과 나머지 정리','공통수학1','ALG-IDENTITY','2026-04-27 11:16:07','2026-04-28 06:16:19');
INSERT INTO "exam_blueprints" ("archive_file","question_no","source_archive_file","source_question_no","standard_unit_key","standard_unit","standard_course","concept_cluster_key","created_at","updated_at") VALUES('exams/26_효천고_1학기_중간_고1_기출.js',7,'exams/26_효천고_1학기_중간_고1_기출.js',7,'H22-C-03','인수분해','공통수학1','ALG-FACTOR','2026-04-27 11:16:07','2026-04-28 06:16:19');
INSERT INTO "exam_blueprints" ("archive_file","question_no","source_archive_file","source_question_no","standard_unit_key","standard_unit","standard_course","concept_cluster_key","created_at","updated_at") VALUES('exams/26_효천고_1학기_중간_고1_기출.js',8,'exams/26_효천고_1학기_중간_고1_기출.js',8,'H22-C-02','항등식과 나머지 정리','공통수학1','ALG-IDENTITY','2026-04-27 11:16:07','2026-04-28 06:16:19');
INSERT INTO "exam_blueprints" ("archive_file","question_no","source_archive_file","source_question_no","standard_unit_key","standard_unit","standard_course","concept_cluster_key","created_at","updated_at") VALUES('exams/26_효천고_1학기_중간_고1_기출.js',9,'exams/26_효천고_1학기_중간_고1_기출.js',9,'H22-C-05','이차방정식과 이차함수','공통수학1','ALG-QUADRATIC-EQ','2026-04-27 11:16:07','2026-04-28 06:16:19');
INSERT INTO "exam_blueprints" ("archive_file","question_no","source_archive_file","source_question_no","standard_unit_key","standard_unit","standard_course","concept_cluster_key","created_at","updated_at") VALUES('exams/26_효천고_1학기_중간_고1_기출.js',10,'exams/26_효천고_1학기_중간_고1_기출.js',10,'H22-C-02','항등식과 나머지 정리','공통수학1','ALG-IDENTITY','2026-04-27 11:16:07','2026-04-28 06:16:19');
INSERT INTO "exam_blueprints" ("archive_file","question_no","source_archive_file","source_question_no","standard_unit_key","standard_unit","standard_course","concept_cluster_key","created_at","updated_at") VALUES('exams/26_효천고_1학기_중간_고1_기출.js',11,'exams/26_효천고_1학기_중간_고1_기출.js',11,'H22-C-06','여러 가지 방정식과 부등식','공통수학1','ALG-EQ-HIGHER','2026-04-27 11:16:07','2026-04-28 06:16:19');
INSERT INTO "exam_blueprints" ("archive_file","question_no","source_archive_file","source_question_no","standard_unit_key","standard_unit","standard_course","concept_cluster_key","created_at","updated_at") VALUES('exams/26_효천고_1학기_중간_고1_기출.js',12,'exams/26_효천고_1학기_중간_고1_기출.js',12,'H22-C-04','복소수와 이차방정식','공통수학1','ALG-COMPLEX','2026-04-27 11:16:07','2026-04-28 06:16:19');
INSERT INTO "exam_blueprints" ("archive_file","question_no","source_archive_file","source_question_no","standard_unit_key","standard_unit","standard_course","concept_cluster_key","created_at","updated_at") VALUES('exams/26_효천고_1학기_중간_고1_기출.js',13,'exams/26_효천고_1학기_중간_고1_기출.js',13,'H22-C-06','여러 가지 방정식과 부등식','공통수학1','ALG-EQ-HIGHER','2026-04-27 11:16:07','2026-04-28 06:16:19');
INSERT INTO "exam_blueprints" ("archive_file","question_no","source_archive_file","source_question_no","standard_unit_key","standard_unit","standard_course","concept_cluster_key","created_at","updated_at") VALUES('exams/26_효천고_1학기_중간_고1_기출.js',14,'exams/26_효천고_1학기_중간_고1_기출.js',14,'H22-C-04','복소수와 이차방정식','공통수학1','ALG-COMPLEX','2026-04-27 11:16:07','2026-04-28 06:16:19');
INSERT INTO "exam_blueprints" ("archive_file","question_no","source_archive_file","source_question_no","standard_unit_key","standard_unit","standard_course","concept_cluster_key","created_at","updated_at") VALUES('exams/26_효천고_1학기_중간_고1_기출.js',15,'exams/26_효천고_1학기_중간_고1_기출.js',15,'H22-C-05','이차방정식과 이차함수','공통수학1','ALG-QUADRATIC-EQ','2026-04-27 11:16:07','2026-04-28 06:16:19');
INSERT INTO "exam_blueprints" ("archive_file","question_no","source_archive_file","source_question_no","standard_unit_key","standard_unit","standard_course","concept_cluster_key","created_at","updated_at") VALUES('exams/26_효천고_1학기_중간_고1_기출.js',16,'exams/26_효천고_1학기_중간_고1_기출.js',16,'H22-C-01','다항식의 연산','공통수학1','ALG-POLY','2026-04-27 11:16:07','2026-04-28 06:16:19');
INSERT INTO "exam_blueprints" ("archive_file","question_no","source_archive_file","source_question_no","standard_unit_key","standard_unit","standard_course","concept_cluster_key","created_at","updated_at") VALUES('exams/26_효천고_1학기_중간_고1_기출.js',17,'exams/26_효천고_1학기_중간_고1_기출.js',17,'H22-C-05','이차방정식과 이차함수','공통수학1','ALG-QUADRATIC-EQ','2026-04-27 11:16:07','2026-04-28 06:16:19');
INSERT INTO "exam_blueprints" ("archive_file","question_no","source_archive_file","source_question_no","standard_unit_key","standard_unit","standard_course","concept_cluster_key","created_at","updated_at") VALUES('exams/26_효천고_1학기_중간_고1_기출.js',18,'exams/26_효천고_1학기_중간_고1_기출.js',18,'H22-C-05','이차방정식과 이차함수','공통수학1','ALG-QUADRATIC-EQ','2026-04-27 11:16:07','2026-04-28 06:16:19');
INSERT INTO "exam_blueprints" ("archive_file","question_no","source_archive_file","source_question_no","standard_unit_key","standard_unit","standard_course","concept_cluster_key","created_at","updated_at") VALUES('exams/26_효천고_1학기_중간_고1_기출.js',19,'exams/26_효천고_1학기_중간_고1_기출.js',19,'H22-C-02','항등식과 나머지 정리','공통수학1','ALG-IDENTITY','2026-04-27 11:16:07','2026-04-28 06:16:19');
INSERT INTO "exam_blueprints" ("archive_file","question_no","source_archive_file","source_question_no","standard_unit_key","standard_unit","standard_course","concept_cluster_key","created_at","updated_at") VALUES('exams/26_효천고_1학기_중간_고1_기출.js',20,'exams/26_효천고_1학기_중간_고1_기출.js',20,'H22-C-01','다항식의 연산','공통수학1','ALG-POLY','2026-04-27 11:16:07','2026-04-28 06:16:19');
INSERT INTO "exam_blueprints" ("archive_file","question_no","source_archive_file","source_question_no","standard_unit_key","standard_unit","standard_course","concept_cluster_key","created_at","updated_at") VALUES('exams/26_효천고_1학기_중간_고1_기출.js',21,'exams/26_효천고_1학기_중간_고1_기출.js',21,'H22-C-04','복소수와 이차방정식','공통수학1','ALG-COMPLEX','2026-04-27 11:16:07','2026-04-28 06:16:19');
INSERT INTO "exam_blueprints" ("archive_file","question_no","source_archive_file","source_question_no","standard_unit_key","standard_unit","standard_course","concept_cluster_key","created_at","updated_at") VALUES('exams/26_효천고_1학기_중간_고1_기출.js',22,'exams/26_효천고_1학기_중간_고1_기출.js',22,'H22-C-06','여러 가지 방정식과 부등식','공통수학1','ALG-EQ-HIGHER','2026-04-27 11:16:07','2026-04-28 06:16:19');
INSERT INTO "exam_blueprints" ("archive_file","question_no","source_archive_file","source_question_no","standard_unit_key","standard_unit","standard_course","concept_cluster_key","created_at","updated_at") VALUES('exams/26_효천고_1학기_중간_고1_기출.js',23,'exams/26_효천고_1학기_중간_고1_기출.js',23,'H22-C-02','항등식과 나머지 정리','공통수학1','ALG-IDENTITY','2026-04-27 11:16:07','2026-04-28 06:16:19');
INSERT INTO "exam_blueprints" ("archive_file","question_no","source_archive_file","source_question_no","standard_unit_key","standard_unit","standard_course","concept_cluster_key","created_at","updated_at") VALUES('exams/26_효천고_1학기_중간_고1_기출.js',24,'exams/26_효천고_1학기_중간_고1_기출.js',24,'H22-C-03','인수분해','공통수학1','ALG-FACTOR','2026-04-27 11:16:07','2026-04-28 06:16:19');
INSERT INTO "exam_blueprints" ("archive_file","question_no","source_archive_file","source_question_no","standard_unit_key","standard_unit","standard_course","concept_cluster_key","created_at","updated_at") VALUES('exams/26_효천고_1학기_중간_고1_기출.js',25,'exams/26_효천고_1학기_중간_고1_기출.js',25,'H22-C-05','이차방정식과 이차함수','공통수학1','ALG-QUADRATIC-EQ','2026-04-27 11:16:07','2026-04-28 06:16:19');
INSERT INTO "exam_blueprints" ("archive_file","question_no","source_archive_file","source_question_no","standard_unit_key","standard_unit","standard_course","concept_cluster_key","created_at","updated_at") VALUES('exams/26_효천고_1학기_중간_고1_기출.js',26,'exams/26_효천고_1학기_중간_고1_기출.js',26,'H22-C-05','이차방정식과 이차함수','공통수학1','ALG-QUADRATIC-EQ','2026-04-27 11:16:07','2026-04-28 06:16:19');
INSERT INTO "exam_blueprints" ("archive_file","question_no","source_archive_file","source_question_no","standard_unit_key","standard_unit","standard_course","concept_cluster_key","created_at","updated_at") VALUES('exams/25_강남여고_1학기_중간_고1_기출.js',1,'exams/25_강남여고_1학기_중간_고1_기출.js',1,'H15-SA-01','다항식의 연산','수학(상)','ALG-POLY','2026-04-27 16:39:30','2026-04-27 16:39:30');
INSERT INTO "exam_blueprints" ("archive_file","question_no","source_archive_file","source_question_no","standard_unit_key","standard_unit","standard_course","concept_cluster_key","created_at","updated_at") VALUES('exams/25_강남여고_1학기_중간_고1_기출.js',2,'exams/25_강남여고_1학기_중간_고1_기출.js',2,'H15-SA-02','항등식과 나머지정리','수학(상)','ALG-IDENTITY','2026-04-27 16:39:30','2026-04-27 16:39:30');
INSERT INTO "exam_blueprints" ("archive_file","question_no","source_archive_file","source_question_no","standard_unit_key","standard_unit","standard_course","concept_cluster_key","created_at","updated_at") VALUES('exams/25_강남여고_1학기_중간_고1_기출.js',3,'exams/25_강남여고_1학기_중간_고1_기출.js',3,'H15-SA-04','복소수','수학(상)','__UNMAPPED__','2026-04-27 16:39:30','2026-04-27 16:39:30');
INSERT INTO "exam_blueprints" ("archive_file","question_no","source_archive_file","source_question_no","standard_unit_key","standard_unit","standard_course","concept_cluster_key","created_at","updated_at") VALUES('exams/25_강남여고_1학기_중간_고1_기출.js',4,'exams/25_강남여고_1학기_중간_고1_기출.js',4,'H15-SA-05','이차방정식','수학(상)','ALG-QUADRATIC-EQ','2026-04-27 16:39:30','2026-04-27 16:39:30');
INSERT INTO "exam_blueprints" ("archive_file","question_no","source_archive_file","source_question_no","standard_unit_key","standard_unit","standard_course","concept_cluster_key","created_at","updated_at") VALUES('exams/25_강남여고_1학기_중간_고1_기출.js',5,'exams/25_강남여고_1학기_중간_고1_기출.js',5,'H15-SA-01','다항식의 연산','수학(상)','ALG-POLY','2026-04-27 16:39:30','2026-04-27 16:39:30');
INSERT INTO "exam_blueprints" ("archive_file","question_no","source_archive_file","source_question_no","standard_unit_key","standard_unit","standard_course","concept_cluster_key","created_at","updated_at") VALUES('exams/25_강남여고_1학기_중간_고1_기출.js',6,'exams/25_강남여고_1학기_중간_고1_기출.js',6,'H15-SA-04','복소수','수학(상)','__UNMAPPED__','2026-04-27 16:39:30','2026-04-27 16:39:30');
INSERT INTO "exam_blueprints" ("archive_file","question_no","source_archive_file","source_question_no","standard_unit_key","standard_unit","standard_course","concept_cluster_key","created_at","updated_at") VALUES('exams/25_강남여고_1학기_중간_고1_기출.js',7,'exams/25_강남여고_1학기_중간_고1_기출.js',7,'H15-SA-05','이차방정식','수학(상)','ALG-QUADRATIC-EQ','2026-04-27 16:39:30','2026-04-27 16:39:30');
INSERT INTO "exam_blueprints" ("archive_file","question_no","source_archive_file","source_question_no","standard_unit_key","standard_unit","standard_course","concept_cluster_key","created_at","updated_at") VALUES('exams/25_강남여고_1학기_중간_고1_기출.js',8,'exams/25_강남여고_1학기_중간_고1_기출.js',8,'H15-SA-13','이차함수','수학(상)','__UNMAPPED__','2026-04-27 16:39:30','2026-04-27 16:39:30');
INSERT INTO "exam_blueprints" ("archive_file","question_no","source_archive_file","source_question_no","standard_unit_key","standard_unit","standard_course","concept_cluster_key","created_at","updated_at") VALUES('exams/25_강남여고_1학기_중간_고1_기출.js',9,'exams/25_강남여고_1학기_중간_고1_기출.js',9,'H15-SA-04','복소수','수학(상)','__UNMAPPED__','2026-04-27 16:39:30','2026-04-27 16:39:30');
INSERT INTO "exam_blueprints" ("archive_file","question_no","source_archive_file","source_question_no","standard_unit_key","standard_unit","standard_course","concept_cluster_key","created_at","updated_at") VALUES('exams/25_강남여고_1학기_중간_고1_기출.js',10,'exams/25_강남여고_1학기_중간_고1_기출.js',10,'H15-SA-02','항등식과 나머지정리','수학(상)','ALG-IDENTITY','2026-04-27 16:39:30','2026-04-27 16:39:30');
INSERT INTO "exam_blueprints" ("archive_file","question_no","source_archive_file","source_question_no","standard_unit_key","standard_unit","standard_course","concept_cluster_key","created_at","updated_at") VALUES('exams/25_강남여고_1학기_중간_고1_기출.js',11,'exams/25_강남여고_1학기_중간_고1_기출.js',11,'H15-SA-05','이차방정식','수학(상)','ALG-QUADRATIC-EQ','2026-04-27 16:39:30','2026-04-27 16:39:30');
INSERT INTO "exam_blueprints" ("archive_file","question_no","source_archive_file","source_question_no","standard_unit_key","standard_unit","standard_course","concept_cluster_key","created_at","updated_at") VALUES('exams/25_강남여고_1학기_중간_고1_기출.js',12,'exams/25_강남여고_1학기_중간_고1_기출.js',12,'H15-SA-05','이차방정식','수학(상)','ALG-QUADRATIC-EQ','2026-04-27 16:39:30','2026-04-27 16:39:30');
INSERT INTO "exam_blueprints" ("archive_file","question_no","source_archive_file","source_question_no","standard_unit_key","standard_unit","standard_course","concept_cluster_key","created_at","updated_at") VALUES('exams/25_강남여고_1학기_중간_고1_기출.js',13,'exams/25_강남여고_1학기_중간_고1_기출.js',13,'H15-SA-05','이차방정식','수학(상)','ALG-QUADRATIC-EQ','2026-04-27 16:39:30','2026-04-27 16:39:30');
INSERT INTO "exam_blueprints" ("archive_file","question_no","source_archive_file","source_question_no","standard_unit_key","standard_unit","standard_course","concept_cluster_key","created_at","updated_at") VALUES('exams/25_강남여고_1학기_중간_고1_기출.js',14,'exams/25_강남여고_1학기_중간_고1_기출.js',14,'H15-SA-13','이차함수','수학(상)','__UNMAPPED__','2026-04-27 16:39:30','2026-04-27 16:39:30');
INSERT INTO "exam_blueprints" ("archive_file","question_no","source_archive_file","source_question_no","standard_unit_key","standard_unit","standard_course","concept_cluster_key","created_at","updated_at") VALUES('exams/25_강남여고_1학기_중간_고1_기출.js',15,'exams/25_강남여고_1학기_중간_고1_기출.js',15,'H15-SA-02','항등식과 나머지정리','수학(상)','ALG-IDENTITY','2026-04-27 16:39:30','2026-04-27 16:39:30');
INSERT INTO "exam_blueprints" ("archive_file","question_no","source_archive_file","source_question_no","standard_unit_key","standard_unit","standard_course","concept_cluster_key","created_at","updated_at") VALUES('exams/25_강남여고_1학기_중간_고1_기출.js',16,'exams/25_강남여고_1학기_중간_고1_기출.js',16,'H15-SA-01','다항식의 연산','수학(상)','ALG-POLY','2026-04-27 16:39:30','2026-04-27 16:39:30');
INSERT INTO "exam_blueprints" ("archive_file","question_no","source_archive_file","source_question_no","standard_unit_key","standard_unit","standard_course","concept_cluster_key","created_at","updated_at") VALUES('exams/25_강남여고_1학기_중간_고1_기출.js',17,'exams/25_강남여고_1학기_중간_고1_기출.js',17,'H15-SA-01','다항식의 연산','수학(상)','ALG-POLY','2026-04-27 16:39:30','2026-04-27 16:39:30');
INSERT INTO "exam_blueprints" ("archive_file","question_no","source_archive_file","source_question_no","standard_unit_key","standard_unit","standard_course","concept_cluster_key","created_at","updated_at") VALUES('exams/25_강남여고_1학기_중간_고1_기출.js',18,'exams/25_강남여고_1학기_중간_고1_기출.js',18,'H15-SA-02','항등식과 나머지정리','수학(상)','ALG-IDENTITY','2026-04-27 16:39:30','2026-04-27 16:39:30');
INSERT INTO "exam_blueprints" ("archive_file","question_no","source_archive_file","source_question_no","standard_unit_key","standard_unit","standard_course","concept_cluster_key","created_at","updated_at") VALUES('exams/25_강남여고_1학기_중간_고1_기출.js',19,'exams/25_강남여고_1학기_중간_고1_기출.js',19,'H15-SA-13','이차함수','수학(상)','__UNMAPPED__','2026-04-27 16:39:30','2026-04-27 16:39:30');
INSERT INTO "exam_blueprints" ("archive_file","question_no","source_archive_file","source_question_no","standard_unit_key","standard_unit","standard_course","concept_cluster_key","created_at","updated_at") VALUES('exams/25_강남여고_1학기_중간_고1_기출.js',20,'exams/25_강남여고_1학기_중간_고1_기출.js',20,'H15-SA-05','이차방정식','수학(상)','ALG-QUADRATIC-EQ','2026-04-27 16:39:30','2026-04-27 16:39:30');
INSERT INTO "exam_blueprints" ("archive_file","question_no","source_archive_file","source_question_no","standard_unit_key","standard_unit","standard_course","concept_cluster_key","created_at","updated_at") VALUES('exams/25_강남여고_1학기_중간_고1_기출.js',21,'exams/25_강남여고_1학기_중간_고1_기출.js',21,'H15-SA-02','항등식과 나머지정리','수학(상)','ALG-IDENTITY','2026-04-27 16:39:30','2026-04-27 16:39:30');
INSERT INTO "exam_blueprints" ("archive_file","question_no","source_archive_file","source_question_no","standard_unit_key","standard_unit","standard_course","concept_cluster_key","created_at","updated_at") VALUES('exams/25_강남여고_1학기_중간_고1_기출.js',22,'exams/25_강남여고_1학기_중간_고1_기출.js',22,'H15-SA-04','복소수','수학(상)','__UNMAPPED__','2026-04-27 16:39:30','2026-04-27 16:39:30');
INSERT INTO "exam_blueprints" ("archive_file","question_no","source_archive_file","source_question_no","standard_unit_key","standard_unit","standard_course","concept_cluster_key","created_at","updated_at") VALUES('exams/25_강남여고_1학기_중간_고1_기출.js',23,'exams/25_강남여고_1학기_중간_고1_기출.js',23,'H15-SA-05','이차방정식','수학(상)','ALG-QUADRATIC-EQ','2026-04-27 16:39:30','2026-04-27 16:39:30');
INSERT INTO "exam_blueprints" ("archive_file","question_no","source_archive_file","source_question_no","standard_unit_key","standard_unit","standard_course","concept_cluster_key","created_at","updated_at") VALUES('exams/25_강남여고_1학기_중간_고1_기출.js',24,'exams/25_강남여고_1학기_중간_고1_기출.js',24,'H15-SA-13','이차함수','수학(상)','__UNMAPPED__','2026-04-27 16:39:30','2026-04-27 16:39:30');
INSERT INTO "exam_blueprints" ("archive_file","question_no","source_archive_file","source_question_no","standard_unit_key","standard_unit","standard_course","concept_cluster_key","created_at","updated_at") VALUES('exams/25_금당고_1학기_중간_고1_기출.js',1,'exams/25_금당고_1학기_중간_고1_기출.js',1,'H15-SA-04','복소수','수학(상)','__UNMAPPED__','2026-04-27 16:55:48','2026-04-27 16:55:48');
INSERT INTO "exam_blueprints" ("archive_file","question_no","source_archive_file","source_question_no","standard_unit_key","standard_unit","standard_course","concept_cluster_key","created_at","updated_at") VALUES('exams/25_금당고_1학기_중간_고1_기출.js',2,'exams/25_금당고_1학기_중간_고1_기출.js',2,'H15-SA-01','다항식의 연산','수학(상)','ALG-POLY','2026-04-27 16:55:48','2026-04-27 16:55:48');
INSERT INTO "exam_blueprints" ("archive_file","question_no","source_archive_file","source_question_no","standard_unit_key","standard_unit","standard_course","concept_cluster_key","created_at","updated_at") VALUES('exams/25_금당고_1학기_중간_고1_기출.js',3,'exams/25_금당고_1학기_중간_고1_기출.js',3,'H15-SA-01','다항식의 연산','수학(상)','ALG-POLY','2026-04-27 16:55:48','2026-04-27 16:55:48');
INSERT INTO "exam_blueprints" ("archive_file","question_no","source_archive_file","source_question_no","standard_unit_key","standard_unit","standard_course","concept_cluster_key","created_at","updated_at") VALUES('exams/25_금당고_1학기_중간_고1_기출.js',4,'exams/25_금당고_1학기_중간_고1_기출.js',4,'H15-SA-04','복소수','수학(상)','__UNMAPPED__','2026-04-27 16:55:48','2026-04-27 16:55:48');
INSERT INTO "exam_blueprints" ("archive_file","question_no","source_archive_file","source_question_no","standard_unit_key","standard_unit","standard_course","concept_cluster_key","created_at","updated_at") VALUES('exams/25_금당고_1학기_중간_고1_기출.js',5,'exams/25_금당고_1학기_중간_고1_기출.js',5,'H15-SA-13','이차함수','수학(상)','__UNMAPPED__','2026-04-27 16:55:48','2026-04-27 16:55:48');
INSERT INTO "exam_blueprints" ("archive_file","question_no","source_archive_file","source_question_no","standard_unit_key","standard_unit","standard_course","concept_cluster_key","created_at","updated_at") VALUES('exams/25_금당고_1학기_중간_고1_기출.js',6,'exams/25_금당고_1학기_중간_고1_기출.js',6,'H15-SA-02','항등식과 나머지정리','수학(상)','ALG-IDENTITY','2026-04-27 16:55:48','2026-04-27 16:55:48');
INSERT INTO "exam_blueprints" ("archive_file","question_no","source_archive_file","source_question_no","standard_unit_key","standard_unit","standard_course","concept_cluster_key","created_at","updated_at") VALUES('exams/25_금당고_1학기_중간_고1_기출.js',7,'exams/25_금당고_1학기_중간_고1_기출.js',7,'H15-SA-01','다항식의 연산','수학(상)','ALG-POLY','2026-04-27 16:55:48','2026-04-27 16:55:48');
INSERT INTO "exam_blueprints" ("archive_file","question_no","source_archive_file","source_question_no","standard_unit_key","standard_unit","standard_course","concept_cluster_key","created_at","updated_at") VALUES('exams/25_금당고_1학기_중간_고1_기출.js',8,'exams/25_금당고_1학기_중간_고1_기출.js',8,'RAW-다항식의성질','다항식의 성질','수학(상)','__UNMAPPED__','2026-04-27 16:55:48','2026-04-27 16:55:48');
INSERT INTO "exam_blueprints" ("archive_file","question_no","source_archive_file","source_question_no","standard_unit_key","standard_unit","standard_course","concept_cluster_key","created_at","updated_at") VALUES('exams/25_금당고_1학기_중간_고1_기출.js',9,'exams/25_금당고_1학기_중간_고1_기출.js',9,'H15-SA-03','인수분해','수학(상)','ALG-FACTOR','2026-04-27 16:55:48','2026-04-27 16:55:48');
INSERT INTO "exam_blueprints" ("archive_file","question_no","source_archive_file","source_question_no","standard_unit_key","standard_unit","standard_course","concept_cluster_key","created_at","updated_at") VALUES('exams/25_금당고_1학기_중간_고1_기출.js',10,'exams/25_금당고_1학기_중간_고1_기출.js',10,'H15-SA-04','복소수','수학(상)','__UNMAPPED__','2026-04-27 16:55:48','2026-04-27 16:55:48');
INSERT INTO "exam_blueprints" ("archive_file","question_no","source_archive_file","source_question_no","standard_unit_key","standard_unit","standard_course","concept_cluster_key","created_at","updated_at") VALUES('exams/25_금당고_1학기_중간_고1_기출.js',11,'exams/25_금당고_1학기_중간_고1_기출.js',11,'H15-SA-02','항등식과 나머지정리','수학(상)','ALG-IDENTITY','2026-04-27 16:55:48','2026-04-27 16:55:48');
INSERT INTO "exam_blueprints" ("archive_file","question_no","source_archive_file","source_question_no","standard_unit_key","standard_unit","standard_course","concept_cluster_key","created_at","updated_at") VALUES('exams/25_금당고_1학기_중간_고1_기출.js',12,'exams/25_금당고_1학기_중간_고1_기출.js',12,'H15-SA-02','항등식과 나머지정리','수학(상)','ALG-IDENTITY','2026-04-27 16:55:48','2026-04-27 16:55:48');
INSERT INTO "exam_blueprints" ("archive_file","question_no","source_archive_file","source_question_no","standard_unit_key","standard_unit","standard_course","concept_cluster_key","created_at","updated_at") VALUES('exams/25_금당고_1학기_중간_고1_기출.js',13,'exams/25_금당고_1학기_중간_고1_기출.js',13,'H15-SA-04','복소수','수학(상)','__UNMAPPED__','2026-04-27 16:55:48','2026-04-27 16:55:48');
INSERT INTO "exam_blueprints" ("archive_file","question_no","source_archive_file","source_question_no","standard_unit_key","standard_unit","standard_course","concept_cluster_key","created_at","updated_at") VALUES('exams/25_금당고_1학기_중간_고1_기출.js',14,'exams/25_금당고_1학기_중간_고1_기출.js',14,'H15-SA-05','이차방정식','수학(상)','ALG-QUADRATIC-EQ','2026-04-27 16:55:48','2026-04-27 16:55:48');
INSERT INTO "exam_blueprints" ("archive_file","question_no","source_archive_file","source_question_no","standard_unit_key","standard_unit","standard_course","concept_cluster_key","created_at","updated_at") VALUES('exams/25_금당고_1학기_중간_고1_기출.js',15,'exams/25_금당고_1학기_중간_고1_기출.js',15,'RAW-다항식의성질','다항식의 성질','수학(상)','__UNMAPPED__','2026-04-27 16:55:48','2026-04-27 16:55:48');
INSERT INTO "exam_blueprints" ("archive_file","question_no","source_archive_file","source_question_no","standard_unit_key","standard_unit","standard_course","concept_cluster_key","created_at","updated_at") VALUES('exams/25_금당고_1학기_중간_고1_기출.js',16,'exams/25_금당고_1학기_중간_고1_기출.js',16,'H15-SA-05','이차방정식','수학(상)','ALG-QUADRATIC-EQ','2026-04-27 16:55:48','2026-04-27 16:55:48');
INSERT INTO "exam_blueprints" ("archive_file","question_no","source_archive_file","source_question_no","standard_unit_key","standard_unit","standard_course","concept_cluster_key","created_at","updated_at") VALUES('exams/25_금당고_1학기_중간_고1_기출.js',17,'exams/25_금당고_1학기_중간_고1_기출.js',17,'RAW-다항식의변형','다항식의 변형','수학(상)','__UNMAPPED__','2026-04-27 16:55:48','2026-04-27 16:55:48');
INSERT INTO "exam_blueprints" ("archive_file","question_no","source_archive_file","source_question_no","standard_unit_key","standard_unit","standard_course","concept_cluster_key","created_at","updated_at") VALUES('exams/25_금당고_1학기_중간_고1_기출.js',18,'exams/25_금당고_1학기_중간_고1_기출.js',18,'H15-SA-04','복소수','수학(상)','__UNMAPPED__','2026-04-27 16:55:48','2026-04-27 16:55:48');
INSERT INTO "exam_blueprints" ("archive_file","question_no","source_archive_file","source_question_no","standard_unit_key","standard_unit","standard_course","concept_cluster_key","created_at","updated_at") VALUES('exams/25_금당고_1학기_중간_고1_기출.js',19,'exams/25_금당고_1학기_중간_고1_기출.js',19,'RAW-다항식의결정','다항식의 결정','수학(상)','__UNMAPPED__','2026-04-27 16:55:48','2026-04-27 16:55:48');
INSERT INTO "exam_blueprints" ("archive_file","question_no","source_archive_file","source_question_no","standard_unit_key","standard_unit","standard_course","concept_cluster_key","created_at","updated_at") VALUES('exams/25_금당고_1학기_중간_고1_기출.js',20,'exams/25_금당고_1학기_중간_고1_기출.js',20,'H15-SA-13','이차함수','수학(상)','__UNMAPPED__','2026-04-27 16:55:48','2026-04-27 16:55:48');
INSERT INTO "exam_blueprints" ("archive_file","question_no","source_archive_file","source_question_no","standard_unit_key","standard_unit","standard_course","concept_cluster_key","created_at","updated_at") VALUES('exams/25_금당고_1학기_중간_고1_기출.js',21,'exams/25_금당고_1학기_중간_고1_기출.js',21,'RAW-서술형','서술형','수학(상)','__UNMAPPED__','2026-04-27 16:55:48','2026-04-27 16:55:48');
INSERT INTO "exam_blueprints" ("archive_file","question_no","source_archive_file","source_question_no","standard_unit_key","standard_unit","standard_course","concept_cluster_key","created_at","updated_at") VALUES('exams/25_금당고_1학기_중간_고1_기출.js',22,'exams/25_금당고_1학기_중간_고1_기출.js',22,'H15-SA-13','이차함수','수학(상)','__UNMAPPED__','2026-04-27 16:55:48','2026-04-27 16:55:48');
INSERT INTO "exam_blueprints" ("archive_file","question_no","source_archive_file","source_question_no","standard_unit_key","standard_unit","standard_course","concept_cluster_key","created_at","updated_at") VALUES('exams/25_매산고_1학기_중간_고1_기출.js',1,'exams/25_매산고_1학기_중간_고1_기출.js',1,'H22-C-01','다항식의 연산','공통수학1','ALG-POLY','2026-04-27 16:57:32','2026-04-27 16:57:32');
INSERT INTO "exam_blueprints" ("archive_file","question_no","source_archive_file","source_question_no","standard_unit_key","standard_unit","standard_course","concept_cluster_key","created_at","updated_at") VALUES('exams/25_매산고_1학기_중간_고1_기출.js',2,'exams/25_매산고_1학기_중간_고1_기출.js',2,'H22-C-05','이차방정식','공통수학1','ALG-QUADRATIC-EQ','2026-04-27 16:57:32','2026-04-27 16:57:32');
INSERT INTO "exam_blueprints" ("archive_file","question_no","source_archive_file","source_question_no","standard_unit_key","standard_unit","standard_course","concept_cluster_key","created_at","updated_at") VALUES('exams/25_매산고_1학기_중간_고1_기출.js',3,'exams/25_매산고_1학기_중간_고1_기출.js',3,'H22-C-04','복소수','공통수학1','ALG-COMPLEX','2026-04-27 16:57:32','2026-04-27 16:57:32');
INSERT INTO "exam_blueprints" ("archive_file","question_no","source_archive_file","source_question_no","standard_unit_key","standard_unit","standard_course","concept_cluster_key","created_at","updated_at") VALUES('exams/25_매산고_1학기_중간_고1_기출.js',4,'exams/25_매산고_1학기_중간_고1_기출.js',4,'H22-C-06','이차함수','공통수학1','ALG-EQ-HIGHER','2026-04-27 16:57:32','2026-04-27 16:57:32');
INSERT INTO "exam_blueprints" ("archive_file","question_no","source_archive_file","source_question_no","standard_unit_key","standard_unit","standard_course","concept_cluster_key","created_at","updated_at") VALUES('exams/25_매산고_1학기_중간_고1_기출.js',5,'exams/25_매산고_1학기_중간_고1_기출.js',5,'H22-C-02','나머지 정리','공통수학1','ALG-IDENTITY','2026-04-27 16:57:32','2026-04-27 16:57:32');
INSERT INTO "exam_blueprints" ("archive_file","question_no","source_archive_file","source_question_no","standard_unit_key","standard_unit","standard_course","concept_cluster_key","created_at","updated_at") VALUES('exams/25_매산고_1학기_중간_고1_기출.js',6,'exams/25_매산고_1학기_중간_고1_기출.js',6,'H22-C-04','복소수','공통수학1','ALG-COMPLEX','2026-04-27 16:57:32','2026-04-27 16:57:32');
INSERT INTO "exam_blueprints" ("archive_file","question_no","source_archive_file","source_question_no","standard_unit_key","standard_unit","standard_course","concept_cluster_key","created_at","updated_at") VALUES('exams/25_매산고_1학기_중간_고1_기출.js',7,'exams/25_매산고_1학기_중간_고1_기출.js',7,'H22-C-05','이차방정식','공통수학1','ALG-QUADRATIC-EQ','2026-04-27 16:57:32','2026-04-27 16:57:32');
INSERT INTO "exam_blueprints" ("archive_file","question_no","source_archive_file","source_question_no","standard_unit_key","standard_unit","standard_course","concept_cluster_key","created_at","updated_at") VALUES('exams/25_매산고_1학기_중간_고1_기출.js',8,'exams/25_매산고_1학기_중간_고1_기출.js',8,'H22-C-06','이차함수','공통수학1','ALG-EQ-HIGHER','2026-04-27 16:57:32','2026-04-27 16:57:32');
INSERT INTO "exam_blueprints" ("archive_file","question_no","source_archive_file","source_question_no","standard_unit_key","standard_unit","standard_course","concept_cluster_key","created_at","updated_at") VALUES('exams/25_매산고_1학기_중간_고1_기출.js',9,'exams/25_매산고_1학기_중간_고1_기출.js',9,'H22-C-03','인수분해','공통수학1','ALG-FACTOR','2026-04-27 16:57:32','2026-04-27 16:57:32');
INSERT INTO "exam_blueprints" ("archive_file","question_no","source_archive_file","source_question_no","standard_unit_key","standard_unit","standard_course","concept_cluster_key","created_at","updated_at") VALUES('exams/25_매산고_1학기_중간_고1_기출.js',10,'exams/25_매산고_1학기_중간_고1_기출.js',10,'H22-C-06','이차함수','공통수학1','ALG-EQ-HIGHER','2026-04-27 16:57:32','2026-04-27 16:57:32');
INSERT INTO "exam_blueprints" ("archive_file","question_no","source_archive_file","source_question_no","standard_unit_key","standard_unit","standard_course","concept_cluster_key","created_at","updated_at") VALUES('exams/25_매산고_1학기_중간_고1_기출.js',11,'exams/25_매산고_1학기_중간_고1_기출.js',11,'H22-C-06','이차함수','공통수학1','ALG-EQ-HIGHER','2026-04-27 16:57:32','2026-04-27 16:57:32');
INSERT INTO "exam_blueprints" ("archive_file","question_no","source_archive_file","source_question_no","standard_unit_key","standard_unit","standard_course","concept_cluster_key","created_at","updated_at") VALUES('exams/25_매산고_1학기_중간_고1_기출.js',12,'exams/25_매산고_1학기_중간_고1_기출.js',12,'H22-C-06','이차함수','공통수학1','ALG-EQ-HIGHER','2026-04-27 16:57:32','2026-04-27 16:57:32');
INSERT INTO "exam_blueprints" ("archive_file","question_no","source_archive_file","source_question_no","standard_unit_key","standard_unit","standard_course","concept_cluster_key","created_at","updated_at") VALUES('exams/25_매산고_1학기_중간_고1_기출.js',13,'exams/25_매산고_1학기_중간_고1_기출.js',13,'H22-C-04','복소수','공통수학1','ALG-COMPLEX','2026-04-27 16:57:32','2026-04-27 16:57:32');
INSERT INTO "exam_blueprints" ("archive_file","question_no","source_archive_file","source_question_no","standard_unit_key","standard_unit","standard_course","concept_cluster_key","created_at","updated_at") VALUES('exams/25_매산고_1학기_중간_고1_기출.js',14,'exams/25_매산고_1학기_중간_고1_기출.js',14,'H22-C-01','다항식의 연산','공통수학1','ALG-POLY','2026-04-27 16:57:32','2026-04-27 16:57:32');
INSERT INTO "exam_blueprints" ("archive_file","question_no","source_archive_file","source_question_no","standard_unit_key","standard_unit","standard_course","concept_cluster_key","created_at","updated_at") VALUES('exams/25_매산고_1학기_중간_고1_기출.js',15,'exams/25_매산고_1학기_중간_고1_기출.js',15,'H22-C-05','이차방정식','공통수학1','ALG-QUADRATIC-EQ','2026-04-27 16:57:32','2026-04-27 16:57:32');
INSERT INTO "exam_blueprints" ("archive_file","question_no","source_archive_file","source_question_no","standard_unit_key","standard_unit","standard_course","concept_cluster_key","created_at","updated_at") VALUES('exams/25_매산고_1학기_중간_고1_기출.js',16,'exams/25_매산고_1학기_중간_고1_기출.js',16,'H22-C-01','다항식의 연산','공통수학1','ALG-POLY','2026-04-27 16:57:32','2026-04-27 16:57:32');
INSERT INTO "exam_blueprints" ("archive_file","question_no","source_archive_file","source_question_no","standard_unit_key","standard_unit","standard_course","concept_cluster_key","created_at","updated_at") VALUES('exams/25_매산고_1학기_중간_고1_기출.js',17,'exams/25_매산고_1학기_중간_고1_기출.js',17,'H22-C-05','이차방정식','공통수학1','ALG-QUADRATIC-EQ','2026-04-27 16:57:32','2026-04-27 16:57:32');
INSERT INTO "exam_blueprints" ("archive_file","question_no","source_archive_file","source_question_no","standard_unit_key","standard_unit","standard_course","concept_cluster_key","created_at","updated_at") VALUES('exams/25_매산고_1학기_중간_고1_기출.js',18,'exams/25_매산고_1학기_중간_고1_기출.js',18,'H22-C-06','이차함수','공통수학1','ALG-EQ-HIGHER','2026-04-27 16:57:32','2026-04-27 16:57:32');
INSERT INTO "exam_blueprints" ("archive_file","question_no","source_archive_file","source_question_no","standard_unit_key","standard_unit","standard_course","concept_cluster_key","created_at","updated_at") VALUES('exams/25_매산고_1학기_중간_고1_기출.js',19,'exams/25_매산고_1학기_중간_고1_기출.js',19,'H22-C-04','복소수','공통수학1','ALG-COMPLEX','2026-04-27 16:57:32','2026-04-27 16:57:32');
INSERT INTO "exam_blueprints" ("archive_file","question_no","source_archive_file","source_question_no","standard_unit_key","standard_unit","standard_course","concept_cluster_key","created_at","updated_at") VALUES('exams/25_매산고_1학기_중간_고1_기출.js',20,'exams/25_매산고_1학기_중간_고1_기출.js',20,'H22-C-06','이차함수','공통수학1','ALG-EQ-HIGHER','2026-04-27 16:57:32','2026-04-27 16:57:32');
INSERT INTO "exam_blueprints" ("archive_file","question_no","source_archive_file","source_question_no","standard_unit_key","standard_unit","standard_course","concept_cluster_key","created_at","updated_at") VALUES('exams/25_순천여고_1학기_중간_고1_기출.js',1,'exams/25_순천여고_1학기_중간_고1_기출.js',1,'H22-C-02','나머지 정리','공통수학1','ALG-IDENTITY','2026-04-27 17:00:02','2026-04-27 17:00:02');
INSERT INTO "exam_blueprints" ("archive_file","question_no","source_archive_file","source_question_no","standard_unit_key","standard_unit","standard_course","concept_cluster_key","created_at","updated_at") VALUES('exams/25_순천여고_1학기_중간_고1_기출.js',2,'exams/25_순천여고_1학기_중간_고1_기출.js',2,'H22-C-03','인수분해','공통수학1','ALG-FACTOR','2026-04-27 17:00:02','2026-04-27 17:00:02');
INSERT INTO "exam_blueprints" ("archive_file","question_no","source_archive_file","source_question_no","standard_unit_key","standard_unit","standard_course","concept_cluster_key","created_at","updated_at") VALUES('exams/25_순천여고_1학기_중간_고1_기출.js',3,'exams/25_순천여고_1학기_중간_고1_기출.js',3,'H22-C-01','다항식의 연산','공통수학1','ALG-POLY','2026-04-27 17:00:02','2026-04-27 17:00:02');
INSERT INTO "exam_blueprints" ("archive_file","question_no","source_archive_file","source_question_no","standard_unit_key","standard_unit","standard_course","concept_cluster_key","created_at","updated_at") VALUES('exams/25_순천여고_1학기_중간_고1_기출.js',4,'exams/25_순천여고_1학기_중간_고1_기출.js',4,'H22-C-02','나머지 정리','공통수학1','ALG-IDENTITY','2026-04-27 17:00:02','2026-04-27 17:00:02');
INSERT INTO "exam_blueprints" ("archive_file","question_no","source_archive_file","source_question_no","standard_unit_key","standard_unit","standard_course","concept_cluster_key","created_at","updated_at") VALUES('exams/25_순천여고_1학기_중간_고1_기출.js',5,'exams/25_순천여고_1학기_중간_고1_기출.js',5,'H22-C-06','이차함수','공통수학1','ALG-EQ-HIGHER','2026-04-27 17:00:02','2026-04-27 17:00:02');
INSERT INTO "exam_blueprints" ("archive_file","question_no","source_archive_file","source_question_no","standard_unit_key","standard_unit","standard_course","concept_cluster_key","created_at","updated_at") VALUES('exams/25_순천여고_1학기_중간_고1_기출.js',6,'exams/25_순천여고_1학기_중간_고1_기출.js',6,'H22-C-01','다항식의 연산','공통수학1','ALG-POLY','2026-04-27 17:00:02','2026-04-27 17:00:02');
INSERT INTO "exam_blueprints" ("archive_file","question_no","source_archive_file","source_question_no","standard_unit_key","standard_unit","standard_course","concept_cluster_key","created_at","updated_at") VALUES('exams/25_순천여고_1학기_중간_고1_기출.js',7,'exams/25_순천여고_1학기_중간_고1_기출.js',7,'H22-C-02','나머지 정리','공통수학1','ALG-IDENTITY','2026-04-27 17:00:02','2026-04-27 17:00:02');
INSERT INTO "exam_blueprints" ("archive_file","question_no","source_archive_file","source_question_no","standard_unit_key","standard_unit","standard_course","concept_cluster_key","created_at","updated_at") VALUES('exams/25_순천여고_1학기_중간_고1_기출.js',8,'exams/25_순천여고_1학기_중간_고1_기출.js',8,'H22-C-01','다항식의 연산','공통수학1','ALG-POLY','2026-04-27 17:00:02','2026-04-27 17:00:02');
INSERT INTO "exam_blueprints" ("archive_file","question_no","source_archive_file","source_question_no","standard_unit_key","standard_unit","standard_course","concept_cluster_key","created_at","updated_at") VALUES('exams/25_순천여고_1학기_중간_고1_기출.js',9,'exams/25_순천여고_1학기_중간_고1_기출.js',9,'H22-C-09','행렬과 그 연산','공통수학1','ALG-MATRIX','2026-04-27 17:00:02','2026-04-27 17:00:02');
INSERT INTO "exam_blueprints" ("archive_file","question_no","source_archive_file","source_question_no","standard_unit_key","standard_unit","standard_course","concept_cluster_key","created_at","updated_at") VALUES('exams/25_순천여고_1학기_중간_고1_기출.js',10,'exams/25_순천여고_1학기_중간_고1_기출.js',10,'H22-C-05','이차방정식과 이차함수','공통수학1','ALG-QUADRATIC-EQ','2026-04-27 17:00:02','2026-04-27 17:00:02');
INSERT INTO "exam_blueprints" ("archive_file","question_no","source_archive_file","source_question_no","standard_unit_key","standard_unit","standard_course","concept_cluster_key","created_at","updated_at") VALUES('exams/25_순천여고_1학기_중간_고1_기출.js',11,'exams/25_순천여고_1학기_중간_고1_기출.js',11,'H22-C-04','복소수와 이차방정식','공통수학1','ALG-COMPLEX','2026-04-27 17:00:02','2026-04-27 17:00:02');
INSERT INTO "exam_blueprints" ("archive_file","question_no","source_archive_file","source_question_no","standard_unit_key","standard_unit","standard_course","concept_cluster_key","created_at","updated_at") VALUES('exams/25_순천여고_1학기_중간_고1_기출.js',12,'exams/25_순천여고_1학기_중간_고1_기출.js',12,'H22-C-04','복소수와 이차방정식','공통수학1','ALG-COMPLEX','2026-04-27 17:00:02','2026-04-27 17:00:02');
INSERT INTO "exam_blueprints" ("archive_file","question_no","source_archive_file","source_question_no","standard_unit_key","standard_unit","standard_course","concept_cluster_key","created_at","updated_at") VALUES('exams/25_순천여고_1학기_중간_고1_기출.js',13,'exams/25_순천여고_1학기_중간_고1_기출.js',13,'H22-C-01','다항식의 연산','공통수학1','ALG-POLY','2026-04-27 17:00:02','2026-04-27 17:00:02');
INSERT INTO "exam_blueprints" ("archive_file","question_no","source_archive_file","source_question_no","standard_unit_key","standard_unit","standard_course","concept_cluster_key","created_at","updated_at") VALUES('exams/25_순천여고_1학기_중간_고1_기출.js',14,'exams/25_순천여고_1학기_중간_고1_기출.js',14,'H22-C-05','이차방정식과 이차함수','공통수학1','ALG-QUADRATIC-EQ','2026-04-27 17:00:02','2026-04-27 17:00:02');
INSERT INTO "exam_blueprints" ("archive_file","question_no","source_archive_file","source_question_no","standard_unit_key","standard_unit","standard_course","concept_cluster_key","created_at","updated_at") VALUES('exams/25_순천여고_1학기_중간_고1_기출.js',15,'exams/25_순천여고_1학기_중간_고1_기출.js',15,'H22-C-01','다항식의 연산','공통수학1','ALG-POLY','2026-04-27 17:00:02','2026-04-27 17:00:02');
INSERT INTO "exam_blueprints" ("archive_file","question_no","source_archive_file","source_question_no","standard_unit_key","standard_unit","standard_course","concept_cluster_key","created_at","updated_at") VALUES('exams/25_순천여고_1학기_중간_고1_기출.js',16,'exams/25_순천여고_1학기_중간_고1_기출.js',16,'H22-C-06','여러 가지 방정식과 부등식','공통수학1','ALG-EQ-HIGHER','2026-04-27 17:00:02','2026-04-27 17:00:02');
INSERT INTO "exam_blueprints" ("archive_file","question_no","source_archive_file","source_question_no","standard_unit_key","standard_unit","standard_course","concept_cluster_key","created_at","updated_at") VALUES('exams/25_순천여고_1학기_중간_고1_기출.js',17,'exams/25_순천여고_1학기_중간_고1_기출.js',17,'H22-C-09','행렬과 그 연산','공통수학1','ALG-MATRIX','2026-04-27 17:00:02','2026-04-27 17:00:02');
INSERT INTO "exam_blueprints" ("archive_file","question_no","source_archive_file","source_question_no","standard_unit_key","standard_unit","standard_course","concept_cluster_key","created_at","updated_at") VALUES('exams/25_순천여고_1학기_중간_고1_기출.js',18,'exams/25_순천여고_1학기_중간_고1_기출.js',18,'H22-C-03','인수분해','공통수학1','ALG-FACTOR','2026-04-27 17:00:02','2026-04-27 17:00:02');
INSERT INTO "exam_blueprints" ("archive_file","question_no","source_archive_file","source_question_no","standard_unit_key","standard_unit","standard_course","concept_cluster_key","created_at","updated_at") VALUES('exams/25_순천여고_1학기_중간_고1_기출.js',19,'exams/25_순천여고_1학기_중간_고1_기출.js',19,'H22-C-05','이차방정식과 이차함수','공통수학1','ALG-QUADRATIC-EQ','2026-04-27 17:00:02','2026-04-27 17:00:02');
INSERT INTO "exam_blueprints" ("archive_file","question_no","source_archive_file","source_question_no","standard_unit_key","standard_unit","standard_course","concept_cluster_key","created_at","updated_at") VALUES('exams/25_순천여고_1학기_중간_고1_기출.js',20,'exams/25_순천여고_1학기_중간_고1_기출.js',20,'H22-C-05','이차방정식과 이차함수','공통수학1','ALG-QUADRATIC-EQ','2026-04-27 17:00:02','2026-04-27 17:00:02');
INSERT INTO "exam_blueprints" ("archive_file","question_no","source_archive_file","source_question_no","standard_unit_key","standard_unit","standard_course","concept_cluster_key","created_at","updated_at") VALUES('exams/25_순천여고_1학기_중간_고1_기출.js',21,'exams/25_순천여고_1학기_중간_고1_기출.js',21,'H22-C-06','이차방정식과 이차함수','공통수학1','ALG-EQ-HIGHER','2026-04-27 17:00:02','2026-04-27 17:00:02');
INSERT INTO "exam_blueprints" ("archive_file","question_no","source_archive_file","source_question_no","standard_unit_key","standard_unit","standard_course","concept_cluster_key","created_at","updated_at") VALUES('exams/24_한영고_1학기_중간_고1_기출.js',1,'exams/24_한영고_1학기_중간_고1_기출.js',1,'H15-SA-01','다항식의 연산','수학(상)','ALG-POLY','2026-04-27 17:26:21','2026-04-27 17:26:21');
INSERT INTO "exam_blueprints" ("archive_file","question_no","source_archive_file","source_question_no","standard_unit_key","standard_unit","standard_course","concept_cluster_key","created_at","updated_at") VALUES('exams/24_한영고_1학기_중간_고1_기출.js',2,'exams/24_한영고_1학기_중간_고1_기출.js',2,'H15-SA-01','다항식의 연산','수학(상)','ALG-POLY','2026-04-27 17:26:21','2026-04-27 17:26:21');
INSERT INTO "exam_blueprints" ("archive_file","question_no","source_archive_file","source_question_no","standard_unit_key","standard_unit","standard_course","concept_cluster_key","created_at","updated_at") VALUES('exams/24_한영고_1학기_중간_고1_기출.js',3,'exams/24_한영고_1학기_중간_고1_기출.js',3,'H15-SA-04','복소수','수학(상)','__UNMAPPED__','2026-04-27 17:26:21','2026-04-27 17:26:21');
INSERT INTO "exam_blueprints" ("archive_file","question_no","source_archive_file","source_question_no","standard_unit_key","standard_unit","standard_course","concept_cluster_key","created_at","updated_at") VALUES('exams/24_한영고_1학기_중간_고1_기출.js',4,'exams/24_한영고_1학기_중간_고1_기출.js',4,'H15-SA-02','항등식과 나머지정리','수학(상)','ALG-IDENTITY','2026-04-27 17:26:21','2026-04-27 17:26:21');
INSERT INTO "exam_blueprints" ("archive_file","question_no","source_archive_file","source_question_no","standard_unit_key","standard_unit","standard_course","concept_cluster_key","created_at","updated_at") VALUES('exams/24_한영고_1학기_중간_고1_기출.js',5,'exams/24_한영고_1학기_중간_고1_기출.js',5,'H15-SA-03','인수분해','수학(상)','ALG-FACTOR','2026-04-27 17:26:21','2026-04-27 17:26:21');
INSERT INTO "exam_blueprints" ("archive_file","question_no","source_archive_file","source_question_no","standard_unit_key","standard_unit","standard_course","concept_cluster_key","created_at","updated_at") VALUES('exams/24_한영고_1학기_중간_고1_기출.js',6,'exams/24_한영고_1학기_중간_고1_기출.js',6,'H15-SA-13','이차함수','수학(상)','__UNMAPPED__','2026-04-27 17:26:21','2026-04-27 17:26:21');
INSERT INTO "exam_blueprints" ("archive_file","question_no","source_archive_file","source_question_no","standard_unit_key","standard_unit","standard_course","concept_cluster_key","created_at","updated_at") VALUES('exams/24_한영고_1학기_중간_고1_기출.js',7,'exams/24_한영고_1학기_중간_고1_기출.js',7,'H15-SA-07','여러 가지 방정식','수학(상)','ALG-EQ-HIGHER','2026-04-27 17:26:21','2026-04-27 17:26:21');
INSERT INTO "exam_blueprints" ("archive_file","question_no","source_archive_file","source_question_no","standard_unit_key","standard_unit","standard_course","concept_cluster_key","created_at","updated_at") VALUES('exams/24_한영고_1학기_중간_고1_기출.js',8,'exams/24_한영고_1학기_중간_고1_기출.js',8,'H15-SA-02','항등식과 나머지정리','수학(상)','ALG-IDENTITY','2026-04-27 17:26:21','2026-04-27 17:26:21');
INSERT INTO "exam_blueprints" ("archive_file","question_no","source_archive_file","source_question_no","standard_unit_key","standard_unit","standard_course","concept_cluster_key","created_at","updated_at") VALUES('exams/24_한영고_1학기_중간_고1_기출.js',9,'exams/24_한영고_1학기_중간_고1_기출.js',9,'H15-SA-05','이차방정식','수학(상)','ALG-QUADRATIC-EQ','2026-04-27 17:26:21','2026-04-27 17:26:21');
INSERT INTO "exam_blueprints" ("archive_file","question_no","source_archive_file","source_question_no","standard_unit_key","standard_unit","standard_course","concept_cluster_key","created_at","updated_at") VALUES('exams/24_한영고_1학기_중간_고1_기출.js',10,'exams/24_한영고_1학기_중간_고1_기출.js',10,'H15-SA-02','항등식과 나머지정리','수학(상)','ALG-IDENTITY','2026-04-27 17:26:21','2026-04-27 17:26:21');
INSERT INTO "exam_blueprints" ("archive_file","question_no","source_archive_file","source_question_no","standard_unit_key","standard_unit","standard_course","concept_cluster_key","created_at","updated_at") VALUES('exams/24_한영고_1학기_중간_고1_기출.js',11,'exams/24_한영고_1학기_중간_고1_기출.js',11,'H15-SA-13','이차함수','수학(상)','__UNMAPPED__','2026-04-27 17:26:21','2026-04-27 17:26:21');
INSERT INTO "exam_blueprints" ("archive_file","question_no","source_archive_file","source_question_no","standard_unit_key","standard_unit","standard_course","concept_cluster_key","created_at","updated_at") VALUES('exams/24_한영고_1학기_중간_고1_기출.js',12,'exams/24_한영고_1학기_중간_고1_기출.js',12,'H15-SA-01','다항식의 연산','수학(상)','ALG-POLY','2026-04-27 17:26:21','2026-04-27 17:26:21');
INSERT INTO "exam_blueprints" ("archive_file","question_no","source_archive_file","source_question_no","standard_unit_key","standard_unit","standard_course","concept_cluster_key","created_at","updated_at") VALUES('exams/24_한영고_1학기_중간_고1_기출.js',13,'exams/24_한영고_1학기_중간_고1_기출.js',13,'H15-SA-04','복소수','수학(상)','__UNMAPPED__','2026-04-27 17:26:21','2026-04-27 17:26:21');
INSERT INTO "exam_blueprints" ("archive_file","question_no","source_archive_file","source_question_no","standard_unit_key","standard_unit","standard_course","concept_cluster_key","created_at","updated_at") VALUES('exams/24_한영고_1학기_중간_고1_기출.js',14,'exams/24_한영고_1학기_중간_고1_기출.js',14,'H15-SA-04','복소수','수학(상)','__UNMAPPED__','2026-04-27 17:26:21','2026-04-27 17:26:21');
INSERT INTO "exam_blueprints" ("archive_file","question_no","source_archive_file","source_question_no","standard_unit_key","standard_unit","standard_course","concept_cluster_key","created_at","updated_at") VALUES('exams/24_한영고_1학기_중간_고1_기출.js',15,'exams/24_한영고_1학기_중간_고1_기출.js',15,'H15-SA-01','다항식의 연산','수학(상)','ALG-POLY','2026-04-27 17:26:21','2026-04-27 17:26:21');
INSERT INTO "exam_blueprints" ("archive_file","question_no","source_archive_file","source_question_no","standard_unit_key","standard_unit","standard_course","concept_cluster_key","created_at","updated_at") VALUES('exams/24_한영고_1학기_중간_고1_기출.js',16,'exams/24_한영고_1학기_중간_고1_기출.js',16,'H15-SA-08','여러 가지 부등식','수학(상)','ALG-INEQ-HIGHER','2026-04-27 17:26:21','2026-04-27 17:26:21');
INSERT INTO "exam_blueprints" ("archive_file","question_no","source_archive_file","source_question_no","standard_unit_key","standard_unit","standard_course","concept_cluster_key","created_at","updated_at") VALUES('exams/24_한영고_1학기_중간_고1_기출.js',17,'exams/24_한영고_1학기_중간_고1_기출.js',17,'H15-SA-05','이차방정식','수학(상)','ALG-QUADRATIC-EQ','2026-04-27 17:26:21','2026-04-27 17:26:21');
INSERT INTO "exam_blueprints" ("archive_file","question_no","source_archive_file","source_question_no","standard_unit_key","standard_unit","standard_course","concept_cluster_key","created_at","updated_at") VALUES('exams/24_한영고_1학기_중간_고1_기출.js',18,'exams/24_한영고_1학기_중간_고1_기출.js',18,'H15-SA-07','여러 가지 방정식','수학(상)','ALG-EQ-HIGHER','2026-04-27 17:26:21','2026-04-27 17:26:21');
INSERT INTO "exam_blueprints" ("archive_file","question_no","source_archive_file","source_question_no","standard_unit_key","standard_unit","standard_course","concept_cluster_key","created_at","updated_at") VALUES('exams/24_한영고_1학기_중간_고1_기출.js',19,'exams/24_한영고_1학기_중간_고1_기출.js',19,'H15-SA-04','복소수','수학(상)','__UNMAPPED__','2026-04-27 17:26:21','2026-04-27 17:26:21');
INSERT INTO "exam_blueprints" ("archive_file","question_no","source_archive_file","source_question_no","standard_unit_key","standard_unit","standard_course","concept_cluster_key","created_at","updated_at") VALUES('exams/24_한영고_1학기_중간_고1_기출.js',20,'exams/24_한영고_1학기_중간_고1_기출.js',20,'H15-SA-13','이차함수','수학(상)','__UNMAPPED__','2026-04-27 17:26:21','2026-04-27 17:26:21');
INSERT INTO "exam_blueprints" ("archive_file","question_no","source_archive_file","source_question_no","standard_unit_key","standard_unit","standard_course","concept_cluster_key","created_at","updated_at") VALUES('exams/24_한영고_1학기_중간_고1_기출.js',21,'exams/24_한영고_1학기_중간_고1_기출.js',21,'H15-SA-04','복소수','수학(상)','__UNMAPPED__','2026-04-27 17:26:21','2026-04-27 17:26:21');
INSERT INTO "exam_blueprints" ("archive_file","question_no","source_archive_file","source_question_no","standard_unit_key","standard_unit","standard_course","concept_cluster_key","created_at","updated_at") VALUES('exams/25_매산여고_1학기_기말_고1_기출.js',1,'exams/25_매산여고_1학기_기말_고1_기출.js',1,'H22-C-06','여러 가지 방정식과 부등식','공통수학1','ALG-EQ-HIGHER','2026-04-27 17:50:33','2026-04-27 17:50:33');
INSERT INTO "exam_blueprints" ("archive_file","question_no","source_archive_file","source_question_no","standard_unit_key","standard_unit","standard_course","concept_cluster_key","created_at","updated_at") VALUES('exams/25_매산여고_1학기_기말_고1_기출.js',2,'exams/25_매산여고_1학기_기말_고1_기출.js',2,'H22-C-04','복소수와 이차방정식','공통수학1','ALG-COMPLEX','2026-04-27 17:50:33','2026-04-27 17:50:33');
INSERT INTO "exam_blueprints" ("archive_file","question_no","source_archive_file","source_question_no","standard_unit_key","standard_unit","standard_course","concept_cluster_key","created_at","updated_at") VALUES('exams/25_매산여고_1학기_기말_고1_기출.js',3,'exams/25_매산여고_1학기_기말_고1_기출.js',3,'H22-C-06','여러 가지 방정식과 부등식','공통수학1','ALG-EQ-HIGHER','2026-04-27 17:50:33','2026-04-27 17:50:33');
INSERT INTO "exam_blueprints" ("archive_file","question_no","source_archive_file","source_question_no","standard_unit_key","standard_unit","standard_course","concept_cluster_key","created_at","updated_at") VALUES('exams/25_매산여고_1학기_기말_고1_기출.js',4,'exams/25_매산여고_1학기_기말_고1_기출.js',4,'H22-C-08','순열과 조합','공통수학1','PROB-COMBI','2026-04-27 17:50:33','2026-04-27 17:50:33');
INSERT INTO "exam_blueprints" ("archive_file","question_no","source_archive_file","source_question_no","standard_unit_key","standard_unit","standard_course","concept_cluster_key","created_at","updated_at") VALUES('exams/25_매산여고_1학기_기말_고1_기출.js',5,'exams/25_매산여고_1학기_기말_고1_기출.js',5,'H22-C-07','합의 법칙과 곱의 법칙','공통수학1','PROB-COMBI','2026-04-27 17:50:33','2026-04-27 17:50:33');
INSERT INTO "exam_blueprints" ("archive_file","question_no","source_archive_file","source_question_no","standard_unit_key","standard_unit","standard_course","concept_cluster_key","created_at","updated_at") VALUES('exams/25_매산여고_1학기_기말_고1_기출.js',6,'exams/25_매산여고_1학기_기말_고1_기출.js',6,'H22-C-09','행렬과 그 연산','공통수학1','ALG-MATRIX','2026-04-27 17:50:33','2026-04-27 17:50:33');
INSERT INTO "exam_blueprints" ("archive_file","question_no","source_archive_file","source_question_no","standard_unit_key","standard_unit","standard_course","concept_cluster_key","created_at","updated_at") VALUES('exams/25_매산여고_1학기_기말_고1_기출.js',7,'exams/25_매산여고_1학기_기말_고1_기출.js',7,'H22-C-06','여러 가지 방정식과 부등식','공통수학1','ALG-EQ-HIGHER','2026-04-27 17:50:33','2026-04-27 17:50:33');
INSERT INTO "exam_blueprints" ("archive_file","question_no","source_archive_file","source_question_no","standard_unit_key","standard_unit","standard_course","concept_cluster_key","created_at","updated_at") VALUES('exams/25_매산여고_1학기_기말_고1_기출.js',8,'exams/25_매산여고_1학기_기말_고1_기출.js',8,'H22-C-06','여러 가지 방정식과 부등식','공통수학1','ALG-EQ-HIGHER','2026-04-27 17:50:33','2026-04-27 17:50:33');
INSERT INTO "exam_blueprints" ("archive_file","question_no","source_archive_file","source_question_no","standard_unit_key","standard_unit","standard_course","concept_cluster_key","created_at","updated_at") VALUES('exams/25_매산여고_1학기_기말_고1_기출.js',9,'exams/25_매산여고_1학기_기말_고1_기출.js',9,'H22-C-06','여러 가지 방정식과 부등식','공통수학1','ALG-EQ-HIGHER','2026-04-27 17:50:33','2026-04-27 17:50:33');
INSERT INTO "exam_blueprints" ("archive_file","question_no","source_archive_file","source_question_no","standard_unit_key","standard_unit","standard_course","concept_cluster_key","created_at","updated_at") VALUES('exams/25_매산여고_1학기_기말_고1_기출.js',10,'exams/25_매산여고_1학기_기말_고1_기출.js',10,'H22-C-06','여러 가지 방정식과 부등식','공통수학1','ALG-EQ-HIGHER','2026-04-27 17:50:33','2026-04-27 17:50:33');
INSERT INTO "exam_blueprints" ("archive_file","question_no","source_archive_file","source_question_no","standard_unit_key","standard_unit","standard_course","concept_cluster_key","created_at","updated_at") VALUES('exams/25_매산여고_1학기_기말_고1_기출.js',11,'exams/25_매산여고_1학기_기말_고1_기출.js',11,'H22-C-08','순열과 조합','공통수학1','PROB-COMBI','2026-04-27 17:50:33','2026-04-27 17:50:33');
INSERT INTO "exam_blueprints" ("archive_file","question_no","source_archive_file","source_question_no","standard_unit_key","standard_unit","standard_course","concept_cluster_key","created_at","updated_at") VALUES('exams/25_매산여고_1학기_기말_고1_기출.js',12,'exams/25_매산여고_1학기_기말_고1_기출.js',12,'H22-C-08','순열과 조합','공통수학1','PROB-COMBI','2026-04-27 17:50:33','2026-04-27 17:50:33');
INSERT INTO "exam_blueprints" ("archive_file","question_no","source_archive_file","source_question_no","standard_unit_key","standard_unit","standard_course","concept_cluster_key","created_at","updated_at") VALUES('exams/25_매산여고_1학기_기말_고1_기출.js',13,'exams/25_매산여고_1학기_기말_고1_기출.js',13,'H22-C-08','순열과 조합','공통수학1','PROB-COMBI','2026-04-27 17:50:33','2026-04-27 17:50:33');
INSERT INTO "exam_blueprints" ("archive_file","question_no","source_archive_file","source_question_no","standard_unit_key","standard_unit","standard_course","concept_cluster_key","created_at","updated_at") VALUES('exams/25_매산여고_1학기_기말_고1_기출.js',14,'exams/25_매산여고_1학기_기말_고1_기출.js',14,'H22-C-09','행렬과 그 연산','공통수학1','ALG-MATRIX','2026-04-27 17:50:33','2026-04-27 17:50:33');
INSERT INTO "exam_blueprints" ("archive_file","question_no","source_archive_file","source_question_no","standard_unit_key","standard_unit","standard_course","concept_cluster_key","created_at","updated_at") VALUES('exams/25_매산여고_1학기_기말_고1_기출.js',15,'exams/25_매산여고_1학기_기말_고1_기출.js',15,'H22-C-06','여러 가지 방정식과 부등식','공통수학1','ALG-EQ-HIGHER','2026-04-27 17:50:33','2026-04-27 17:50:33');
INSERT INTO "exam_blueprints" ("archive_file","question_no","source_archive_file","source_question_no","standard_unit_key","standard_unit","standard_course","concept_cluster_key","created_at","updated_at") VALUES('exams/25_매산여고_1학기_기말_고1_기출.js',16,'exams/25_매산여고_1학기_기말_고1_기출.js',16,NULL,NULL,NULL,'__UNMAPPED__','2026-04-27 17:50:33','2026-04-27 17:50:33');
INSERT INTO "exam_blueprints" ("archive_file","question_no","source_archive_file","source_question_no","standard_unit_key","standard_unit","standard_course","concept_cluster_key","created_at","updated_at") VALUES('exams/25_매산여고_1학기_기말_고1_기출.js',17,'exams/25_매산여고_1학기_기말_고1_기출.js',17,'H22-C-08','순열과 조합','공통수학1','PROB-COMBI','2026-04-27 17:50:33','2026-04-27 17:50:33');
INSERT INTO "exam_blueprints" ("archive_file","question_no","source_archive_file","source_question_no","standard_unit_key","standard_unit","standard_course","concept_cluster_key","created_at","updated_at") VALUES('exams/25_매산여고_1학기_기말_고1_기출.js',18,'exams/25_매산여고_1학기_기말_고1_기출.js',18,'H22-C-08','순열과 조합','공통수학1','PROB-COMBI','2026-04-27 17:50:33','2026-04-27 17:50:33');
INSERT INTO "exam_blueprints" ("archive_file","question_no","source_archive_file","source_question_no","standard_unit_key","standard_unit","standard_course","concept_cluster_key","created_at","updated_at") VALUES('exams/25_매산여고_1학기_기말_고1_기출.js',19,'exams/25_매산여고_1학기_기말_고1_기출.js',19,'H22-C-09','행렬과 그 연산','공통수학1','ALG-MATRIX','2026-04-27 17:50:33','2026-04-27 17:50:33');
INSERT INTO "exam_blueprints" ("archive_file","question_no","source_archive_file","source_question_no","standard_unit_key","standard_unit","standard_course","concept_cluster_key","created_at","updated_at") VALUES('exams/25_매산여고_1학기_기말_고1_기출.js',20,'exams/25_매산여고_1학기_기말_고1_기출.js',20,'H22-C-09','행렬과 그 연산','공통수학1','ALG-MATRIX','2026-04-27 17:50:33','2026-04-27 17:50:33');
INSERT INTO "exam_blueprints" ("archive_file","question_no","source_archive_file","source_question_no","standard_unit_key","standard_unit","standard_course","concept_cluster_key","created_at","updated_at") VALUES('exams/25_매산여고_1학기_기말_고1_기출.js',21,'exams/25_매산여고_1학기_기말_고1_기출.js',21,'H22-C-06','여러 가지 방정식과 부등식','공통수학1','ALG-EQ-HIGHER','2026-04-27 17:50:33','2026-04-27 17:50:33');
INSERT INTO "exam_blueprints" ("archive_file","question_no","source_archive_file","source_question_no","standard_unit_key","standard_unit","standard_course","concept_cluster_key","created_at","updated_at") VALUES('exams/25_매산여고_1학기_기말_고1_기출.js',22,'exams/25_매산여고_1학기_기말_고1_기출.js',22,'H22-C-09','행렬과 그 연산','공통수학1','ALG-MATRIX','2026-04-27 17:50:33','2026-04-27 17:50:33');
INSERT INTO "exam_blueprints" ("archive_file","question_no","source_archive_file","source_question_no","standard_unit_key","standard_unit","standard_course","concept_cluster_key","created_at","updated_at") VALUES('exams/25_매산여고_1학기_기말_고1_기출.js',23,'exams/25_매산여고_1학기_기말_고1_기출.js',23,'H22-C-08','순열과 조합','공통수학1','PROB-COMBI','2026-04-27 17:50:33','2026-04-27 17:50:33');
INSERT INTO "exam_blueprints" ("archive_file","question_no","source_archive_file","source_question_no","standard_unit_key","standard_unit","standard_course","concept_cluster_key","created_at","updated_at") VALUES('exams/25_제일고_1학기_중간_고1_기출.js',1,'exams/25_제일고_1학기_중간_고1_기출.js',1,'H22-C-02','항등식과 나머지 정리','공통수학1','ALG-IDENTITY','2026-04-27 17:51:26','2026-04-27 17:51:26');
INSERT INTO "exam_blueprints" ("archive_file","question_no","source_archive_file","source_question_no","standard_unit_key","standard_unit","standard_course","concept_cluster_key","created_at","updated_at") VALUES('exams/25_제일고_1학기_중간_고1_기출.js',2,'exams/25_제일고_1학기_중간_고1_기출.js',2,'H22-C-02','항등식과 나머지 정리','공통수학1','ALG-IDENTITY','2026-04-27 17:51:26','2026-04-27 17:51:26');
INSERT INTO "exam_blueprints" ("archive_file","question_no","source_archive_file","source_question_no","standard_unit_key","standard_unit","standard_course","concept_cluster_key","created_at","updated_at") VALUES('exams/25_제일고_1학기_중간_고1_기출.js',3,'exams/25_제일고_1학기_중간_고1_기출.js',3,'H22-C-02','항등식과 나머지 정리','공통수학1','ALG-IDENTITY','2026-04-27 17:51:26','2026-04-27 17:51:26');
INSERT INTO "exam_blueprints" ("archive_file","question_no","source_archive_file","source_question_no","standard_unit_key","standard_unit","standard_course","concept_cluster_key","created_at","updated_at") VALUES('exams/25_제일고_1학기_중간_고1_기출.js',4,'exams/25_제일고_1학기_중간_고1_기출.js',4,'H22-C-03','인수분해','공통수학1','ALG-FACTOR','2026-04-27 17:51:26','2026-04-27 17:51:26');
INSERT INTO "exam_blueprints" ("archive_file","question_no","source_archive_file","source_question_no","standard_unit_key","standard_unit","standard_course","concept_cluster_key","created_at","updated_at") VALUES('exams/25_제일고_1학기_중간_고1_기출.js',5,'exams/25_제일고_1학기_중간_고1_기출.js',5,'H22-C-02','항등식과 나머지 정리','공통수학1','ALG-IDENTITY','2026-04-27 17:51:26','2026-04-27 17:51:26');
INSERT INTO "exam_blueprints" ("archive_file","question_no","source_archive_file","source_question_no","standard_unit_key","standard_unit","standard_course","concept_cluster_key","created_at","updated_at") VALUES('exams/25_제일고_1학기_중간_고1_기출.js',6,'exams/25_제일고_1학기_중간_고1_기출.js',6,'H22-C-01','다항식의 연산','공통수학1','ALG-POLY','2026-04-27 17:51:26','2026-04-27 17:51:26');
INSERT INTO "exam_blueprints" ("archive_file","question_no","source_archive_file","source_question_no","standard_unit_key","standard_unit","standard_course","concept_cluster_key","created_at","updated_at") VALUES('exams/25_제일고_1학기_중간_고1_기출.js',7,'exams/25_제일고_1학기_중간_고1_기출.js',7,'H22-C-02','항등식과 나머지 정리','공통수학1','ALG-IDENTITY','2026-04-27 17:51:26','2026-04-27 17:51:26');
INSERT INTO "exam_blueprints" ("archive_file","question_no","source_archive_file","source_question_no","standard_unit_key","standard_unit","standard_course","concept_cluster_key","created_at","updated_at") VALUES('exams/25_제일고_1학기_중간_고1_기출.js',8,'exams/25_제일고_1학기_중간_고1_기출.js',8,'H22-C-02','항등식과 나머지 정리','공통수학1','ALG-IDENTITY','2026-04-27 17:51:26','2026-04-27 17:51:26');
INSERT INTO "exam_blueprints" ("archive_file","question_no","source_archive_file","source_question_no","standard_unit_key","standard_unit","standard_course","concept_cluster_key","created_at","updated_at") VALUES('exams/25_제일고_1학기_중간_고1_기출.js',9,'exams/25_제일고_1학기_중간_고1_기출.js',9,'H22-C-04','복소수','공통수학1','ALG-COMPLEX','2026-04-27 17:51:26','2026-04-27 17:51:26');
INSERT INTO "exam_blueprints" ("archive_file","question_no","source_archive_file","source_question_no","standard_unit_key","standard_unit","standard_course","concept_cluster_key","created_at","updated_at") VALUES('exams/25_제일고_1학기_중간_고1_기출.js',10,'exams/25_제일고_1학기_중간_고1_기출.js',10,'H22-C-04','복소수','공통수학1','ALG-COMPLEX','2026-04-27 17:51:26','2026-04-27 17:51:26');
INSERT INTO "exam_blueprints" ("archive_file","question_no","source_archive_file","source_question_no","standard_unit_key","standard_unit","standard_course","concept_cluster_key","created_at","updated_at") VALUES('exams/25_제일고_1학기_중간_고1_기출.js',11,'exams/25_제일고_1학기_중간_고1_기출.js',11,'H22-C-04','복소수','공통수학1','ALG-COMPLEX','2026-04-27 17:51:26','2026-04-27 17:51:26');
INSERT INTO "exam_blueprints" ("archive_file","question_no","source_archive_file","source_question_no","standard_unit_key","standard_unit","standard_course","concept_cluster_key","created_at","updated_at") VALUES('exams/25_제일고_1학기_중간_고1_기출.js',12,'exams/25_제일고_1학기_중간_고1_기출.js',12,'H22-C-04','복소수','공통수학1','ALG-COMPLEX','2026-04-27 17:51:26','2026-04-27 17:51:26');
INSERT INTO "exam_blueprints" ("archive_file","question_no","source_archive_file","source_question_no","standard_unit_key","standard_unit","standard_course","concept_cluster_key","created_at","updated_at") VALUES('exams/25_제일고_1학기_중간_고1_기출.js',13,'exams/25_제일고_1학기_중간_고1_기출.js',13,'H22-C-06','이차함수','공통수학1','ALG-EQ-HIGHER','2026-04-27 17:51:26','2026-04-27 17:51:26');
INSERT INTO "exam_blueprints" ("archive_file","question_no","source_archive_file","source_question_no","standard_unit_key","standard_unit","standard_course","concept_cluster_key","created_at","updated_at") VALUES('exams/25_제일고_1학기_중간_고1_기출.js',14,'exams/25_제일고_1학기_중간_고1_기출.js',14,'H22-C-05','이차방정식','공통수학1','ALG-QUADRATIC-EQ','2026-04-27 17:51:26','2026-04-27 17:51:26');
INSERT INTO "exam_blueprints" ("archive_file","question_no","source_archive_file","source_question_no","standard_unit_key","standard_unit","standard_course","concept_cluster_key","created_at","updated_at") VALUES('exams/25_제일고_1학기_중간_고1_기출.js',15,'exams/25_제일고_1학기_중간_고1_기출.js',15,'H22-C-04','복소수','공통수학1','ALG-COMPLEX','2026-04-27 17:51:26','2026-04-27 17:51:26');
INSERT INTO "exam_blueprints" ("archive_file","question_no","source_archive_file","source_question_no","standard_unit_key","standard_unit","standard_course","concept_cluster_key","created_at","updated_at") VALUES('exams/25_제일고_1학기_중간_고1_기출.js',16,'exams/25_제일고_1학기_중간_고1_기출.js',16,'H22-C-06','이차함수','공통수학1','ALG-EQ-HIGHER','2026-04-27 17:51:26','2026-04-27 17:51:26');
INSERT INTO "exam_blueprints" ("archive_file","question_no","source_archive_file","source_question_no","standard_unit_key","standard_unit","standard_course","concept_cluster_key","created_at","updated_at") VALUES('exams/25_제일고_1학기_중간_고1_기출.js',17,'exams/25_제일고_1학기_중간_고1_기출.js',17,'H22-C-05','이차방정식과 이차함수','공통수학1','ALG-QUADRATIC-EQ','2026-04-27 17:51:26','2026-04-27 17:51:26');
INSERT INTO "exam_blueprints" ("archive_file","question_no","source_archive_file","source_question_no","standard_unit_key","standard_unit","standard_course","concept_cluster_key","created_at","updated_at") VALUES('exams/25_제일고_1학기_중간_고1_기출.js',18,'exams/25_제일고_1학기_중간_고1_기출.js',18,'H22-C-05','이차방정식과 이차함수','공통수학1','ALG-QUADRATIC-EQ','2026-04-27 17:51:26','2026-04-27 17:51:26');
INSERT INTO "exam_blueprints" ("archive_file","question_no","source_archive_file","source_question_no","standard_unit_key","standard_unit","standard_course","concept_cluster_key","created_at","updated_at") VALUES('exams/25_제일고_1학기_중간_고1_기출.js',19,'exams/25_제일고_1학기_중간_고1_기출.js',19,'H22-C-03','인수분해','공통수학1','ALG-FACTOR','2026-04-27 17:51:26','2026-04-27 17:51:26');
INSERT INTO "exam_blueprints" ("archive_file","question_no","source_archive_file","source_question_no","standard_unit_key","standard_unit","standard_course","concept_cluster_key","created_at","updated_at") VALUES('exams/25_제일고_1학기_중간_고1_기출.js',20,'exams/25_제일고_1학기_중간_고1_기출.js',20,'H22-C-02','항등식과 나머지 정리','공통수학1','ALG-IDENTITY','2026-04-27 17:51:26','2026-04-27 17:51:26');
INSERT INTO "exam_blueprints" ("archive_file","question_no","source_archive_file","source_question_no","standard_unit_key","standard_unit","standard_course","concept_cluster_key","created_at","updated_at") VALUES('exams/25_제일고_1학기_중간_고1_기출.js',21,'exams/25_제일고_1학기_중간_고1_기출.js',21,'H22-C-04','복소수','공통수학1','ALG-COMPLEX','2026-04-27 17:51:26','2026-04-27 17:51:26');
INSERT INTO "exam_blueprints" ("archive_file","question_no","source_archive_file","source_question_no","standard_unit_key","standard_unit","standard_course","concept_cluster_key","created_at","updated_at") VALUES('exams/25_제일고_1학기_중간_고1_기출.js',22,'exams/25_제일고_1학기_중간_고1_기출.js',22,'H22-C-05','이차방정식과 이차함수','공통수학1','ALG-QUADRATIC-EQ','2026-04-27 17:51:26','2026-04-27 17:51:26');
INSERT INTO "exam_blueprints" ("archive_file","question_no","source_archive_file","source_question_no","standard_unit_key","standard_unit","standard_course","concept_cluster_key","created_at","updated_at") VALUES('exams/1학기_중간평가_중1_단원평가유사1.js',1,'exams/1학기_중간평가_중1_단원평가유사1.js',1,'M1-01','소인수분해','중1 수학','NUM-FACTORIZATION','2026-04-27 17:51:57','2026-04-27 17:51:57');
INSERT INTO "exam_blueprints" ("archive_file","question_no","source_archive_file","source_question_no","standard_unit_key","standard_unit","standard_course","concept_cluster_key","created_at","updated_at") VALUES('exams/1학기_중간평가_중1_단원평가유사1.js',2,'exams/1학기_중간평가_중1_단원평가유사1.js',2,'M1-01','소인수분해','중1 수학','NUM-FACTORIZATION','2026-04-27 17:51:57','2026-04-27 17:51:57');
INSERT INTO "exam_blueprints" ("archive_file","question_no","source_archive_file","source_question_no","standard_unit_key","standard_unit","standard_course","concept_cluster_key","created_at","updated_at") VALUES('exams/1학기_중간평가_중1_단원평가유사1.js',3,'exams/1학기_중간평가_중1_단원평가유사1.js',3,'M1-01','소인수분해','중1 수학','NUM-FACTORIZATION','2026-04-27 17:51:57','2026-04-27 17:51:57');
INSERT INTO "exam_blueprints" ("archive_file","question_no","source_archive_file","source_question_no","standard_unit_key","standard_unit","standard_course","concept_cluster_key","created_at","updated_at") VALUES('exams/1학기_중간평가_중1_단원평가유사1.js',4,'exams/1학기_중간평가_중1_단원평가유사1.js',4,'M1-03','정수와 유리수','중1 수학','ALG-EXPR','2026-04-27 17:51:57','2026-04-27 17:51:57');
INSERT INTO "exam_blueprints" ("archive_file","question_no","source_archive_file","source_question_no","standard_unit_key","standard_unit","standard_course","concept_cluster_key","created_at","updated_at") VALUES('exams/1학기_중간평가_중1_단원평가유사1.js',5,'exams/1학기_중간평가_중1_단원평가유사1.js',5,'M1-03','정수와 유리수','중1 수학','ALG-EXPR','2026-04-27 17:51:57','2026-04-27 17:51:57');
INSERT INTO "exam_blueprints" ("archive_file","question_no","source_archive_file","source_question_no","standard_unit_key","standard_unit","standard_course","concept_cluster_key","created_at","updated_at") VALUES('exams/1학기_중간평가_중1_단원평가유사1.js',6,'exams/1학기_중간평가_중1_단원평가유사1.js',6,'M1-04','정수와 유리수의 계산','중1 수학','GEO-COORD','2026-04-27 17:51:57','2026-04-27 17:51:57');
INSERT INTO "exam_blueprints" ("archive_file","question_no","source_archive_file","source_question_no","standard_unit_key","standard_unit","standard_course","concept_cluster_key","created_at","updated_at") VALUES('exams/1학기_중간평가_중1_단원평가유사1.js',7,'exams/1학기_중간평가_중1_단원평가유사1.js',7,'M1-01','소인수분해','중1 수학','NUM-FACTORIZATION','2026-04-27 17:51:57','2026-04-27 17:51:57');
INSERT INTO "exam_blueprints" ("archive_file","question_no","source_archive_file","source_question_no","standard_unit_key","standard_unit","standard_course","concept_cluster_key","created_at","updated_at") VALUES('exams/1학기_중간평가_중1_단원평가유사1.js',8,'exams/1학기_중간평가_중1_단원평가유사1.js',8,'M1-01','소인수분해','중1 수학','NUM-FACTORIZATION','2026-04-27 17:51:57','2026-04-27 17:51:57');
INSERT INTO "exam_blueprints" ("archive_file","question_no","source_archive_file","source_question_no","standard_unit_key","standard_unit","standard_course","concept_cluster_key","created_at","updated_at") VALUES('exams/1학기_중간평가_중1_단원평가유사1.js',9,'exams/1학기_중간평가_중1_단원평가유사1.js',9,'M1-01','소인수분해','중1 수학','NUM-FACTORIZATION','2026-04-27 17:51:57','2026-04-27 17:51:57');
INSERT INTO "exam_blueprints" ("archive_file","question_no","source_archive_file","source_question_no","standard_unit_key","standard_unit","standard_course","concept_cluster_key","created_at","updated_at") VALUES('exams/1학기_중간평가_중1_단원평가유사1.js',10,'exams/1학기_중간평가_중1_단원평가유사1.js',10,'M1-02','최대공약수와 최소공배수','중1 수학','NUM-RATIONAL','2026-04-27 17:51:57','2026-04-27 17:51:57');
INSERT INTO "exam_blueprints" ("archive_file","question_no","source_archive_file","source_question_no","standard_unit_key","standard_unit","standard_course","concept_cluster_key","created_at","updated_at") VALUES('exams/1학기_중간평가_중1_단원평가유사1.js',11,'exams/1학기_중간평가_중1_단원평가유사1.js',11,'M1-03','정수와 유리수','중1 수학','ALG-EXPR','2026-04-27 17:51:57','2026-04-27 17:51:57');
INSERT INTO "exam_blueprints" ("archive_file","question_no","source_archive_file","source_question_no","standard_unit_key","standard_unit","standard_course","concept_cluster_key","created_at","updated_at") VALUES('exams/1학기_중간평가_중1_단원평가유사1.js',12,'exams/1학기_중간평가_중1_단원평가유사1.js',12,'M1-03','정수와 유리수','중1 수학','ALG-EXPR','2026-04-27 17:51:57','2026-04-27 17:51:57');
INSERT INTO "exam_blueprints" ("archive_file","question_no","source_archive_file","source_question_no","standard_unit_key","standard_unit","standard_course","concept_cluster_key","created_at","updated_at") VALUES('exams/1학기_중간평가_중1_단원평가유사1.js',13,'exams/1학기_중간평가_중1_단원평가유사1.js',13,'M1-03','정수와 유리수','중1 수학','ALG-EXPR','2026-04-27 17:51:57','2026-04-27 17:51:57');
INSERT INTO "exam_blueprints" ("archive_file","question_no","source_archive_file","source_question_no","standard_unit_key","standard_unit","standard_course","concept_cluster_key","created_at","updated_at") VALUES('exams/1학기_중간평가_중1_단원평가유사1.js',14,'exams/1학기_중간평가_중1_단원평가유사1.js',14,'M1-04','정수와 유리수의 계산','중1 수학','GEO-COORD','2026-04-27 17:51:57','2026-04-27 17:51:57');
INSERT INTO "exam_blueprints" ("archive_file","question_no","source_archive_file","source_question_no","standard_unit_key","standard_unit","standard_course","concept_cluster_key","created_at","updated_at") VALUES('exams/1학기_중간평가_중1_단원평가유사1.js',15,'exams/1학기_중간평가_중1_단원평가유사1.js',15,'M1-04','정수와 유리수의 계산','중1 수학','GEO-COORD','2026-04-27 17:51:57','2026-04-27 17:51:57');
INSERT INTO "exam_blueprints" ("archive_file","question_no","source_archive_file","source_question_no","standard_unit_key","standard_unit","standard_course","concept_cluster_key","created_at","updated_at") VALUES('exams/1학기_중간평가_중1_단원평가유사1.js',16,'exams/1학기_중간평가_중1_단원평가유사1.js',16,'M1-04','정수와 유리수의 계산','중1 수학','GEO-COORD','2026-04-27 17:51:57','2026-04-27 17:51:57');
INSERT INTO "exam_blueprints" ("archive_file","question_no","source_archive_file","source_question_no","standard_unit_key","standard_unit","standard_course","concept_cluster_key","created_at","updated_at") VALUES('exams/1학기_중간평가_중1_단원평가유사1.js',17,'exams/1학기_중간평가_중1_단원평가유사1.js',17,'M1-04','정수와 유리수의 계산','중1 수학','GEO-COORD','2026-04-27 17:51:57','2026-04-27 17:51:57');
INSERT INTO "exam_blueprints" ("archive_file","question_no","source_archive_file","source_question_no","standard_unit_key","standard_unit","standard_course","concept_cluster_key","created_at","updated_at") VALUES('exams/1학기_중간평가_중1_단원평가유사1.js',18,'exams/1학기_중간평가_중1_단원평가유사1.js',18,'M1-01','소인수분해','중1 수학','NUM-FACTORIZATION','2026-04-27 17:51:57','2026-04-27 17:51:57');
INSERT INTO "exam_blueprints" ("archive_file","question_no","source_archive_file","source_question_no","standard_unit_key","standard_unit","standard_course","concept_cluster_key","created_at","updated_at") VALUES('exams/1학기_중간평가_중1_단원평가유사1.js',19,'exams/1학기_중간평가_중1_단원평가유사1.js',19,'M1-02','최대공약수와 최소공배수','중1 수학','NUM-RATIONAL','2026-04-27 17:51:57','2026-04-27 17:51:57');
INSERT INTO "exam_blueprints" ("archive_file","question_no","source_archive_file","source_question_no","standard_unit_key","standard_unit","standard_course","concept_cluster_key","created_at","updated_at") VALUES('exams/1학기_중간평가_중1_단원평가유사1.js',20,'exams/1학기_중간평가_중1_단원평가유사1.js',20,'M1-04','정수와 유리수의 계산','중1 수학','GEO-COORD','2026-04-27 17:51:57','2026-04-27 17:51:57');
INSERT INTO "exam_blueprints" ("archive_file","question_no","source_archive_file","source_question_no","standard_unit_key","standard_unit","standard_course","concept_cluster_key","created_at","updated_at") VALUES('exams/1학기_중간평가_중1_단원평가유사1.js',21,'exams/1학기_중간평가_중1_단원평가유사1.js',21,'M1-04','정수와 유리수의 계산','중1 수학','GEO-COORD','2026-04-27 17:51:57','2026-04-27 17:51:57');
INSERT INTO "exam_blueprints" ("archive_file","question_no","source_archive_file","source_question_no","standard_unit_key","standard_unit","standard_course","concept_cluster_key","created_at","updated_at") VALUES('exams/1학기_중간평가_중1_단원평가유사1.js',22,'exams/1학기_중간평가_중1_단원평가유사1.js',22,'M1-01','소인수분해','중1 수학','NUM-FACTORIZATION','2026-04-27 17:51:57','2026-04-27 17:51:57');
INSERT INTO "exam_blueprints" ("archive_file","question_no","source_archive_file","source_question_no","standard_unit_key","standard_unit","standard_course","concept_cluster_key","created_at","updated_at") VALUES('exams/1학기_중간평가_중1_단원평가유사1.js',23,'exams/1학기_중간평가_중1_단원평가유사1.js',23,'M1-04','정수와 유리수의 계산','중1 수학','GEO-COORD','2026-04-27 17:51:57','2026-04-27 17:51:57');
INSERT INTO "exam_blueprints" ("archive_file","question_no","source_archive_file","source_question_no","standard_unit_key","standard_unit","standard_course","concept_cluster_key","created_at","updated_at") VALUES('exams/1학기_중간평가_중1_단원평가유사1.js',24,'exams/1학기_중간평가_중1_단원평가유사1.js',24,'M1-04','정수와 유리수의 계산','중1 수학','GEO-COORD','2026-04-27 17:51:57','2026-04-27 17:51:57');
INSERT INTO "exam_blueprints" ("archive_file","question_no","source_archive_file","source_question_no","standard_unit_key","standard_unit","standard_course","concept_cluster_key","created_at","updated_at") VALUES('exams/26_삼산중_1학기_중간_중3_기출.js',1,'exams/26_삼산중_1학기_중간_중3_기출.js',1,'M3-01','실수와 그 계산','중3 수학','NUM-REAL','2026-04-27 23:46:27','2026-04-27 23:46:27');
INSERT INTO "exam_blueprints" ("archive_file","question_no","source_archive_file","source_question_no","standard_unit_key","standard_unit","standard_course","concept_cluster_key","created_at","updated_at") VALUES('exams/26_삼산중_1학기_중간_중3_기출.js',2,'exams/26_삼산중_1학기_중간_중3_기출.js',2,'M3-01','실수와 그 계산','중3 수학','NUM-REAL','2026-04-27 23:46:27','2026-04-27 23:46:27');
INSERT INTO "exam_blueprints" ("archive_file","question_no","source_archive_file","source_question_no","standard_unit_key","standard_unit","standard_course","concept_cluster_key","created_at","updated_at") VALUES('exams/26_삼산중_1학기_중간_중3_기출.js',3,'exams/26_삼산중_1학기_중간_중3_기출.js',3,'M3-01','실수와 그 계산','중3 수학','NUM-REAL','2026-04-27 23:46:27','2026-04-27 23:46:27');
INSERT INTO "exam_blueprints" ("archive_file","question_no","source_archive_file","source_question_no","standard_unit_key","standard_unit","standard_course","concept_cluster_key","created_at","updated_at") VALUES('exams/26_삼산중_1학기_중간_중3_기출.js',4,'exams/26_삼산중_1학기_중간_중3_기출.js',4,'M3-01','실수와 그 계산','중3 수학','NUM-REAL','2026-04-27 23:46:27','2026-04-27 23:46:27');
INSERT INTO "exam_blueprints" ("archive_file","question_no","source_archive_file","source_question_no","standard_unit_key","standard_unit","standard_course","concept_cluster_key","created_at","updated_at") VALUES('exams/26_삼산중_1학기_중간_중3_기출.js',5,'exams/26_삼산중_1학기_중간_중3_기출.js',9,'M3-01','실수와 그 계산','중3 수학','NUM-REAL','2026-04-27 23:46:27','2026-04-27 23:46:27');
INSERT INTO "exam_blueprints" ("archive_file","question_no","source_archive_file","source_question_no","standard_unit_key","standard_unit","standard_course","concept_cluster_key","created_at","updated_at") VALUES('exams/26_삼산중_1학기_중간_중3_기출.js',6,'exams/26_삼산중_1학기_중간_중3_기출.js',10,'M3-01','실수와 그 계산','중3 수학','NUM-REAL','2026-04-27 23:46:27','2026-04-27 23:46:27');
INSERT INTO "exam_blueprints" ("archive_file","question_no","source_archive_file","source_question_no","standard_unit_key","standard_unit","standard_course","concept_cluster_key","created_at","updated_at") VALUES('exams/26_삼산중_1학기_중간_중3_기출.js',7,'exams/26_삼산중_1학기_중간_중3_기출.js',11,'M3-01','실수와 그 계산','중3 수학','NUM-REAL','2026-04-27 23:46:27','2026-04-27 23:46:27');
INSERT INTO "exam_blueprints" ("archive_file","question_no","source_archive_file","source_question_no","standard_unit_key","standard_unit","standard_course","concept_cluster_key","created_at","updated_at") VALUES('exams/26_삼산중_1학기_중간_중3_기출.js',8,'exams/26_삼산중_1학기_중간_중3_기출.js',12,'M3-01','실수와 그 계산','중3 수학','NUM-REAL','2026-04-27 23:46:27','2026-04-27 23:46:27');
INSERT INTO "exam_blueprints" ("archive_file","question_no","source_archive_file","source_question_no","standard_unit_key","standard_unit","standard_course","concept_cluster_key","created_at","updated_at") VALUES('exams/26_삼산중_1학기_중간_중3_기출.js',9,'exams/26_삼산중_1학기_중간_중3_기출.js',13,'M3-01','실수와 그 계산','중3 수학','NUM-REAL','2026-04-27 23:46:27','2026-04-27 23:46:27');
INSERT INTO "exam_blueprints" ("archive_file","question_no","source_archive_file","source_question_no","standard_unit_key","standard_unit","standard_course","concept_cluster_key","created_at","updated_at") VALUES('exams/26_삼산중_1학기_중간_중3_기출.js',10,'exams/26_삼산중_1학기_중간_중3_기출.js',14,'M3-02','다항식의 곱셈과 인수분해','중3 수학','ALG-FACTOR','2026-04-27 23:46:27','2026-04-27 23:46:27');
INSERT INTO "exam_blueprints" ("archive_file","question_no","source_archive_file","source_question_no","standard_unit_key","standard_unit","standard_course","concept_cluster_key","created_at","updated_at") VALUES('exams/26_삼산중_1학기_중간_중3_기출.js',11,'exams/26_삼산중_1학기_중간_중3_기출.js',15,'M3-01','실수와 그 계산','중3 수학','NUM-REAL','2026-04-27 23:46:27','2026-04-27 23:46:27');
INSERT INTO "exam_blueprints" ("archive_file","question_no","source_archive_file","source_question_no","standard_unit_key","standard_unit","standard_course","concept_cluster_key","created_at","updated_at") VALUES('exams/26_삼산중_1학기_중간_중3_기출.js',12,'exams/26_삼산중_1학기_중간_중3_기출.js',16,'M3-02','다항식의 곱셈과 인수분해','중3 수학','ALG-FACTOR','2026-04-27 23:46:27','2026-04-27 23:46:27');
INSERT INTO "exam_blueprints" ("archive_file","question_no","source_archive_file","source_question_no","standard_unit_key","standard_unit","standard_course","concept_cluster_key","created_at","updated_at") VALUES('exams/26_삼산중_1학기_중간_중3_기출.js',13,'exams/26_삼산중_1학기_중간_중3_기출.js',17,'M3-02','다항식의 곱셈과 인수분해','중3 수학','ALG-FACTOR','2026-04-27 23:46:27','2026-04-27 23:46:27');
INSERT INTO "exam_blueprints" ("archive_file","question_no","source_archive_file","source_question_no","standard_unit_key","standard_unit","standard_course","concept_cluster_key","created_at","updated_at") VALUES('exams/26_삼산중_1학기_중간_중3_기출.js',14,'exams/26_삼산중_1학기_중간_중3_기출.js',18,'M3-02','다항식의 곱셈과 인수분해','중3 수학','ALG-FACTOR','2026-04-27 23:46:27','2026-04-27 23:46:27');
INSERT INTO "exam_blueprints" ("archive_file","question_no","source_archive_file","source_question_no","standard_unit_key","standard_unit","standard_course","concept_cluster_key","created_at","updated_at") VALUES('exams/26_삼산중_1학기_중간_중3_기출.js',15,'exams/26_삼산중_1학기_중간_중3_기출.js',19,'M3-02','다항식의 곱셈과 인수분해','중3 수학','ALG-FACTOR','2026-04-27 23:46:27','2026-04-27 23:46:27');
INSERT INTO "exam_blueprints" ("archive_file","question_no","source_archive_file","source_question_no","standard_unit_key","standard_unit","standard_course","concept_cluster_key","created_at","updated_at") VALUES('exams/26_삼산중_1학기_중간_중3_기출.js',16,'exams/26_삼산중_1학기_중간_중3_기출.js',20,'M3-02','다항식의 곱셈과 인수분해','중3 수학','ALG-FACTOR','2026-04-27 23:46:27','2026-04-27 23:46:27');
INSERT INTO "exam_blueprints" ("archive_file","question_no","source_archive_file","source_question_no","standard_unit_key","standard_unit","standard_course","concept_cluster_key","created_at","updated_at") VALUES('exams/26_삼산중_1학기_중간_중3_기출.js',17,'exams/26_삼산중_1학기_중간_중3_기출.js',21,'M3-01','실수와 그 계산','중3 수학','NUM-REAL','2026-04-27 23:46:27','2026-04-27 23:46:27');
INSERT INTO "exam_blueprints" ("archive_file","question_no","source_archive_file","source_question_no","standard_unit_key","standard_unit","standard_course","concept_cluster_key","created_at","updated_at") VALUES('exams/26_삼산중_1학기_중간_중3_기출.js',18,'exams/26_삼산중_1학기_중간_중3_기출.js',22,'M3-02','다항식의 곱셈과 인수분해','중3 수학','ALG-FACTOR','2026-04-27 23:46:27','2026-04-27 23:46:27');
INSERT INTO "exam_blueprints" ("archive_file","question_no","source_archive_file","source_question_no","standard_unit_key","standard_unit","standard_course","concept_cluster_key","created_at","updated_at") VALUES('exams/26_삼산중_1학기_중간_중3_기출.js',19,'exams/26_삼산중_1학기_중간_중3_기출.js',23,'M3-02','다항식의 곱셈과 인수분해','중3 수학','ALG-FACTOR','2026-04-27 23:46:27','2026-04-27 23:46:27');
INSERT INTO "exam_blueprints" ("archive_file","question_no","source_archive_file","source_question_no","standard_unit_key","standard_unit","standard_course","concept_cluster_key","created_at","updated_at") VALUES('exams/26_삼산중_1학기_중간_중3_기출.js',20,'exams/26_삼산중_1학기_중간_중3_기출.js',24,'M3-01','실수와 그 계산','중3 수학','NUM-REAL','2026-04-27 23:46:27','2026-04-27 23:46:27');
INSERT INTO "exam_blueprints" ("archive_file","question_no","source_archive_file","source_question_no","standard_unit_key","standard_unit","standard_course","concept_cluster_key","created_at","updated_at") VALUES('exams/25_순천고_1학기_기말_고1_기출.js',1,'exams/25_순천고_1학기_기말_고1_기출.js',1,'H22-C-06','여러 가지 방정식과 부등식','공통수학 1','ALG-EQ-HIGHER','2026-04-27 23:49:25','2026-04-27 23:49:25');
INSERT INTO "exam_blueprints" ("archive_file","question_no","source_archive_file","source_question_no","standard_unit_key","standard_unit","standard_course","concept_cluster_key","created_at","updated_at") VALUES('exams/25_순천고_1학기_기말_고1_기출.js',2,'exams/25_순천고_1학기_기말_고1_기출.js',2,'H22-C-07','합의 법칙과 곱의 법칙','공통수학 1','PROB-COMBI','2026-04-27 23:49:25','2026-04-27 23:49:25');
INSERT INTO "exam_blueprints" ("archive_file","question_no","source_archive_file","source_question_no","standard_unit_key","standard_unit","standard_course","concept_cluster_key","created_at","updated_at") VALUES('exams/25_순천고_1학기_기말_고1_기출.js',3,'exams/25_순천고_1학기_기말_고1_기출.js',3,'H22-C-08','순열과 조합','공통수학 1','PROB-COMBI','2026-04-27 23:49:25','2026-04-27 23:49:25');
INSERT INTO "exam_blueprints" ("archive_file","question_no","source_archive_file","source_question_no","standard_unit_key","standard_unit","standard_course","concept_cluster_key","created_at","updated_at") VALUES('exams/25_순천고_1학기_기말_고1_기출.js',4,'exams/25_순천고_1학기_기말_고1_기출.js',4,'H22-C-09','행렬과 그 연산','공통수학 1','ALG-MATRIX','2026-04-27 23:49:25','2026-04-27 23:49:25');
INSERT INTO "exam_blueprints" ("archive_file","question_no","source_archive_file","source_question_no","standard_unit_key","standard_unit","standard_course","concept_cluster_key","created_at","updated_at") VALUES('exams/25_순천고_1학기_기말_고1_기출.js',5,'exams/25_순천고_1학기_기말_고1_기출.js',5,'H22-C-06','여러 가지 방정식과 부등식','공통수학 1','ALG-EQ-HIGHER','2026-04-27 23:49:25','2026-04-27 23:49:25');
INSERT INTO "exam_blueprints" ("archive_file","question_no","source_archive_file","source_question_no","standard_unit_key","standard_unit","standard_course","concept_cluster_key","created_at","updated_at") VALUES('exams/25_순천고_1학기_기말_고1_기출.js',6,'exams/25_순천고_1학기_기말_고1_기출.js',6,'H22-C-06','여러 가지 방정식과 부등식','공통수학 1','ALG-EQ-HIGHER','2026-04-27 23:49:25','2026-04-27 23:49:25');
INSERT INTO "exam_blueprints" ("archive_file","question_no","source_archive_file","source_question_no","standard_unit_key","standard_unit","standard_course","concept_cluster_key","created_at","updated_at") VALUES('exams/25_순천고_1학기_기말_고1_기출.js',7,'exams/25_순천고_1학기_기말_고1_기출.js',7,'H22-C-08','순열과 조합','공통수학 1','PROB-COMBI','2026-04-27 23:49:25','2026-04-27 23:49:25');
INSERT INTO "exam_blueprints" ("archive_file","question_no","source_archive_file","source_question_no","standard_unit_key","standard_unit","standard_course","concept_cluster_key","created_at","updated_at") VALUES('exams/25_순천고_1학기_기말_고1_기출.js',8,'exams/25_순천고_1학기_기말_고1_기출.js',8,'H22-C-09','행렬과 그 연산','공통수학 1','ALG-MATRIX','2026-04-27 23:49:25','2026-04-27 23:49:25');
INSERT INTO "exam_blueprints" ("archive_file","question_no","source_archive_file","source_question_no","standard_unit_key","standard_unit","standard_course","concept_cluster_key","created_at","updated_at") VALUES('exams/25_순천고_1학기_기말_고1_기출.js',9,'exams/25_순천고_1학기_기말_고1_기출.js',9,'H22-C-06','여러 가지 방정식과 부등식','공통수학 1','ALG-EQ-HIGHER','2026-04-27 23:49:25','2026-04-27 23:49:25');
INSERT INTO "exam_blueprints" ("archive_file","question_no","source_archive_file","source_question_no","standard_unit_key","standard_unit","standard_course","concept_cluster_key","created_at","updated_at") VALUES('exams/25_순천고_1학기_기말_고1_기출.js',10,'exams/25_순천고_1학기_기말_고1_기출.js',10,'H22-C-07','합의 법칙과 곱의 법칙','공통수학 1','PROB-COMBI','2026-04-27 23:49:25','2026-04-27 23:49:25');
INSERT INTO "exam_blueprints" ("archive_file","question_no","source_archive_file","source_question_no","standard_unit_key","standard_unit","standard_course","concept_cluster_key","created_at","updated_at") VALUES('exams/25_순천고_1학기_기말_고1_기출.js',11,'exams/25_순천고_1학기_기말_고1_기출.js',11,'H22-C-09','행렬과 그 연산','공통수학 1','ALG-MATRIX','2026-04-27 23:49:25','2026-04-27 23:49:25');
INSERT INTO "exam_blueprints" ("archive_file","question_no","source_archive_file","source_question_no","standard_unit_key","standard_unit","standard_course","concept_cluster_key","created_at","updated_at") VALUES('exams/25_순천고_1학기_기말_고1_기출.js',12,'exams/25_순천고_1학기_기말_고1_기출.js',12,'H22-C-06','여러 가지 방정식과 부등식','공통수학 1','ALG-EQ-HIGHER','2026-04-27 23:49:25','2026-04-27 23:49:25');
INSERT INTO "exam_blueprints" ("archive_file","question_no","source_archive_file","source_question_no","standard_unit_key","standard_unit","standard_course","concept_cluster_key","created_at","updated_at") VALUES('exams/25_순천고_1학기_기말_고1_기출.js',13,'exams/25_순천고_1학기_기말_고1_기출.js',13,'H22-C-09','행렬과 그 연산','공통수학 1','ALG-MATRIX','2026-04-27 23:49:25','2026-04-27 23:49:25');
INSERT INTO "exam_blueprints" ("archive_file","question_no","source_archive_file","source_question_no","standard_unit_key","standard_unit","standard_course","concept_cluster_key","created_at","updated_at") VALUES('exams/25_순천고_1학기_기말_고1_기출.js',14,'exams/25_순천고_1학기_기말_고1_기출.js',14,'H22-C-06','여러 가지 방정식과 부등식','공통수학 1','ALG-EQ-HIGHER','2026-04-27 23:49:25','2026-04-27 23:49:25');
INSERT INTO "exam_blueprints" ("archive_file","question_no","source_archive_file","source_question_no","standard_unit_key","standard_unit","standard_course","concept_cluster_key","created_at","updated_at") VALUES('exams/25_순천고_1학기_기말_고1_기출.js',15,'exams/25_순천고_1학기_기말_고1_기출.js',15,'H22-C-06','여러 가지 방정식과 부등식','공통수학 1','ALG-EQ-HIGHER','2026-04-27 23:49:25','2026-04-27 23:49:25');
INSERT INTO "exam_blueprints" ("archive_file","question_no","source_archive_file","source_question_no","standard_unit_key","standard_unit","standard_course","concept_cluster_key","created_at","updated_at") VALUES('exams/25_순천고_1학기_기말_고1_기출.js',16,'exams/25_순천고_1학기_기말_고1_기출.js',16,'H22-C-05','이차방정식과 이차함수','공통수학 1','ALG-QUADRATIC-EQ','2026-04-27 23:49:25','2026-04-27 23:49:25');
INSERT INTO "exam_blueprints" ("archive_file","question_no","source_archive_file","source_question_no","standard_unit_key","standard_unit","standard_course","concept_cluster_key","created_at","updated_at") VALUES('exams/25_순천고_1학기_기말_고1_기출.js',17,'exams/25_순천고_1학기_기말_고1_기출.js',17,'H22-C-09','행렬과 그 연산','공통수학 1','ALG-MATRIX','2026-04-27 23:49:25','2026-04-27 23:49:25');
INSERT INTO "exam_blueprints" ("archive_file","question_no","source_archive_file","source_question_no","standard_unit_key","standard_unit","standard_course","concept_cluster_key","created_at","updated_at") VALUES('exams/25_순천고_1학기_기말_고1_기출.js',18,'exams/25_순천고_1학기_기말_고1_기출.js',18,'H22-C-06','여러 가지 방정식과 부등식','공통수학 1','ALG-EQ-HIGHER','2026-04-27 23:49:25','2026-04-27 23:49:25');
INSERT INTO "exam_blueprints" ("archive_file","question_no","source_archive_file","source_question_no","standard_unit_key","standard_unit","standard_course","concept_cluster_key","created_at","updated_at") VALUES('exams/25_순천고_1학기_기말_고1_기출.js',19,'exams/25_순천고_1학기_기말_고1_기출.js',19,'H22-C-07','합의 법칙과 곱의 법칙','공통수학 1','PROB-COMBI','2026-04-27 23:49:25','2026-04-27 23:49:25');
INSERT INTO "exam_blueprints" ("archive_file","question_no","source_archive_file","source_question_no","standard_unit_key","standard_unit","standard_course","concept_cluster_key","created_at","updated_at") VALUES('exams/25_순천고_1학기_기말_고1_기출.js',20,'exams/25_순천고_1학기_기말_고1_기출.js',20,'H22-C-09','행렬과 그 연산','공통수학 1','ALG-MATRIX','2026-04-27 23:49:25','2026-04-27 23:49:25');
INSERT INTO "exam_blueprints" ("archive_file","question_no","source_archive_file","source_question_no","standard_unit_key","standard_unit","standard_course","concept_cluster_key","created_at","updated_at") VALUES('exams/25_순천고_1학기_기말_고1_기출.js',21,'exams/25_순천고_1학기_기말_고1_기출.js',21,'H22-C-04','복소수와 이차방정식','공통수학 1','ALG-COMPLEX','2026-04-27 23:49:25','2026-04-27 23:49:25');
INSERT INTO "exam_blueprints" ("archive_file","question_no","source_archive_file","source_question_no","standard_unit_key","standard_unit","standard_course","concept_cluster_key","created_at","updated_at") VALUES('exams/25_순천고_1학기_기말_고1_기출.js',22,'exams/25_순천고_1학기_기말_고1_기출.js',22,'H22-C-06','여러 가지 방정식과 부등식','공통수학 1','ALG-EQ-HIGHER','2026-04-27 23:49:25','2026-04-27 23:49:25');
INSERT INTO "exam_blueprints" ("archive_file","question_no","source_archive_file","source_question_no","standard_unit_key","standard_unit","standard_course","concept_cluster_key","created_at","updated_at") VALUES('exams/25_순천고_1학기_기말_고1_기출.js',23,'exams/25_순천고_1학기_기말_고1_기출.js',23,'H22-C-07','합의 법칙과 곱의 법칙','공통수학 1','PROB-COMBI','2026-04-27 23:49:25','2026-04-27 23:49:25');
INSERT INTO "exam_blueprints" ("archive_file","question_no","source_archive_file","source_question_no","standard_unit_key","standard_unit","standard_course","concept_cluster_key","created_at","updated_at") VALUES('exams/25_팔마고_1학기_중간_고1_기출.js',1,'exams/25_팔마고_1학기_중간_고1_기출.js',1,'H22-C-02','나머지 정리','공통수학1','ALG-IDENTITY','2026-04-27 23:58:55','2026-04-27 23:58:55');
INSERT INTO "exam_blueprints" ("archive_file","question_no","source_archive_file","source_question_no","standard_unit_key","standard_unit","standard_course","concept_cluster_key","created_at","updated_at") VALUES('exams/25_팔마고_1학기_중간_고1_기출.js',2,'exams/25_팔마고_1학기_중간_고1_기출.js',2,'H22-C-01','다항식의 연산','공통수학1','ALG-POLY','2026-04-27 23:58:55','2026-04-27 23:58:55');
INSERT INTO "exam_blueprints" ("archive_file","question_no","source_archive_file","source_question_no","standard_unit_key","standard_unit","standard_course","concept_cluster_key","created_at","updated_at") VALUES('exams/25_팔마고_1학기_중간_고1_기출.js',3,'exams/25_팔마고_1학기_중간_고1_기출.js',3,'H22-C-05','이차방정식','공통수학1','ALG-QUADRATIC-EQ','2026-04-27 23:58:55','2026-04-27 23:58:55');
INSERT INTO "exam_blueprints" ("archive_file","question_no","source_archive_file","source_question_no","standard_unit_key","standard_unit","standard_course","concept_cluster_key","created_at","updated_at") VALUES('exams/25_팔마고_1학기_중간_고1_기출.js',4,'exams/25_팔마고_1학기_중간_고1_기출.js',4,'H22-C-01','다항식의 연산','공통수학1','ALG-POLY','2026-04-27 23:58:55','2026-04-27 23:58:55');
INSERT INTO "exam_blueprints" ("archive_file","question_no","source_archive_file","source_question_no","standard_unit_key","standard_unit","standard_course","concept_cluster_key","created_at","updated_at") VALUES('exams/25_팔마고_1학기_중간_고1_기출.js',5,'exams/25_팔마고_1학기_중간_고1_기출.js',5,'H22-C-04','복소수','공통수학1','ALG-COMPLEX','2026-04-27 23:58:55','2026-04-27 23:58:55');
INSERT INTO "exam_blueprints" ("archive_file","question_no","source_archive_file","source_question_no","standard_unit_key","standard_unit","standard_course","concept_cluster_key","created_at","updated_at") VALUES('exams/25_팔마고_1학기_중간_고1_기출.js',6,'exams/25_팔마고_1학기_중간_고1_기출.js',6,'H22-C-05','이차방정식','공통수학1','ALG-QUADRATIC-EQ','2026-04-27 23:58:55','2026-04-27 23:58:55');
INSERT INTO "exam_blueprints" ("archive_file","question_no","source_archive_file","source_question_no","standard_unit_key","standard_unit","standard_course","concept_cluster_key","created_at","updated_at") VALUES('exams/25_팔마고_1학기_중간_고1_기출.js',7,'exams/25_팔마고_1학기_중간_고1_기출.js',7,'H22-C-03','인수분해','공통수학1','ALG-FACTOR','2026-04-27 23:58:55','2026-04-27 23:58:55');
INSERT INTO "exam_blueprints" ("archive_file","question_no","source_archive_file","source_question_no","standard_unit_key","standard_unit","standard_course","concept_cluster_key","created_at","updated_at") VALUES('exams/25_팔마고_1학기_중간_고1_기출.js',8,'exams/25_팔마고_1학기_중간_고1_기출.js',8,'H22-C-06','이차함수','공통수학1','ALG-EQ-HIGHER','2026-04-27 23:58:55','2026-04-27 23:58:55');
INSERT INTO "exam_blueprints" ("archive_file","question_no","source_archive_file","source_question_no","standard_unit_key","standard_unit","standard_course","concept_cluster_key","created_at","updated_at") VALUES('exams/25_팔마고_1학기_중간_고1_기출.js',9,'exams/25_팔마고_1학기_중간_고1_기출.js',9,'H22-C-02','나머지 정리','공통수학1','ALG-IDENTITY','2026-04-27 23:58:55','2026-04-27 23:58:55');
INSERT INTO "exam_blueprints" ("archive_file","question_no","source_archive_file","source_question_no","standard_unit_key","standard_unit","standard_course","concept_cluster_key","created_at","updated_at") VALUES('exams/25_팔마고_1학기_중간_고1_기출.js',10,'exams/25_팔마고_1학기_중간_고1_기출.js',10,'H22-C-05','이차방정식','공통수학1','ALG-QUADRATIC-EQ','2026-04-27 23:58:55','2026-04-27 23:58:55');
INSERT INTO "exam_blueprints" ("archive_file","question_no","source_archive_file","source_question_no","standard_unit_key","standard_unit","standard_course","concept_cluster_key","created_at","updated_at") VALUES('exams/25_팔마고_1학기_중간_고1_기출.js',11,'exams/25_팔마고_1학기_중간_고1_기출.js',11,'H22-C-04','복소수','공통수학1','ALG-COMPLEX','2026-04-27 23:58:55','2026-04-27 23:58:55');
INSERT INTO "exam_blueprints" ("archive_file","question_no","source_archive_file","source_question_no","standard_unit_key","standard_unit","standard_course","concept_cluster_key","created_at","updated_at") VALUES('exams/25_팔마고_1학기_중간_고1_기출.js',12,'exams/25_팔마고_1학기_중간_고1_기출.js',12,'H22-C-07','여러 가지 방정식','공통수학1','PROB-COMBI','2026-04-27 23:58:55','2026-04-27 23:58:55');
INSERT INTO "exam_blueprints" ("archive_file","question_no","source_archive_file","source_question_no","standard_unit_key","standard_unit","standard_course","concept_cluster_key","created_at","updated_at") VALUES('exams/25_팔마고_1학기_중간_고1_기출.js',13,'exams/25_팔마고_1학기_중간_고1_기출.js',13,'H22-C-02','나머지 정리','공통수학1','ALG-IDENTITY','2026-04-27 23:58:55','2026-04-27 23:58:55');
INSERT INTO "exam_blueprints" ("archive_file","question_no","source_archive_file","source_question_no","standard_unit_key","standard_unit","standard_course","concept_cluster_key","created_at","updated_at") VALUES('exams/25_팔마고_1학기_중간_고1_기출.js',14,'exams/25_팔마고_1학기_중간_고1_기출.js',14,'H22-C-04','복소수','공통수학1','ALG-COMPLEX','2026-04-27 23:58:55','2026-04-27 23:58:55');
INSERT INTO "exam_blueprints" ("archive_file","question_no","source_archive_file","source_question_no","standard_unit_key","standard_unit","standard_course","concept_cluster_key","created_at","updated_at") VALUES('exams/25_팔마고_1학기_중간_고1_기출.js',15,'exams/25_팔마고_1학기_중간_고1_기출.js',15,'H22-C-06','이차함수','공통수학1','ALG-EQ-HIGHER','2026-04-27 23:58:55','2026-04-27 23:58:55');
INSERT INTO "exam_blueprints" ("archive_file","question_no","source_archive_file","source_question_no","standard_unit_key","standard_unit","standard_course","concept_cluster_key","created_at","updated_at") VALUES('exams/25_팔마고_1학기_중간_고1_기출.js',16,'exams/25_팔마고_1학기_중간_고1_기출.js',16,'H22-C-05','이차방정식','공통수학1','ALG-QUADRATIC-EQ','2026-04-27 23:58:55','2026-04-27 23:58:55');
INSERT INTO "exam_blueprints" ("archive_file","question_no","source_archive_file","source_question_no","standard_unit_key","standard_unit","standard_course","concept_cluster_key","created_at","updated_at") VALUES('exams/25_팔마고_1학기_중간_고1_기출.js',17,'exams/25_팔마고_1학기_중간_고1_기출.js',17,'H22-C-06','이차함수','공통수학1','ALG-EQ-HIGHER','2026-04-27 23:58:55','2026-04-27 23:58:55');
INSERT INTO "exam_blueprints" ("archive_file","question_no","source_archive_file","source_question_no","standard_unit_key","standard_unit","standard_course","concept_cluster_key","created_at","updated_at") VALUES('exams/25_팔마고_1학기_중간_고1_기출.js',18,'exams/25_팔마고_1학기_중간_고1_기출.js',18,'H22-C-02','나머지 정리','공통수학1','ALG-IDENTITY','2026-04-27 23:58:55','2026-04-27 23:58:55');
INSERT INTO "exam_blueprints" ("archive_file","question_no","source_archive_file","source_question_no","standard_unit_key","standard_unit","standard_course","concept_cluster_key","created_at","updated_at") VALUES('exams/25_팔마고_1학기_중간_고1_기출.js',19,'exams/25_팔마고_1학기_중간_고1_기출.js',19,'H22-C-04','복소수','공통수학1','ALG-COMPLEX','2026-04-27 23:58:55','2026-04-27 23:58:55');
INSERT INTO "exam_blueprints" ("archive_file","question_no","source_archive_file","source_question_no","standard_unit_key","standard_unit","standard_course","concept_cluster_key","created_at","updated_at") VALUES('exams/25_팔마고_1학기_중간_고1_기출.js',20,'exams/25_팔마고_1학기_중간_고1_기출.js',20,'H22-C-02','나머지 정리','공통수학1','ALG-IDENTITY','2026-04-27 23:58:55','2026-04-27 23:58:55');
INSERT INTO "exam_blueprints" ("archive_file","question_no","source_archive_file","source_question_no","standard_unit_key","standard_unit","standard_course","concept_cluster_key","created_at","updated_at") VALUES('exams/25_팔마고_1학기_중간_고1_기출.js',21,'exams/25_팔마고_1학기_중간_고1_기출.js',21,'H22-C-06','이차함수','공통수학1','ALG-EQ-HIGHER','2026-04-27 23:58:55','2026-04-27 23:58:55');
INSERT INTO "exam_blueprints" ("archive_file","question_no","source_archive_file","source_question_no","standard_unit_key","standard_unit","standard_course","concept_cluster_key","created_at","updated_at") VALUES('exams/25_팔마고_1학기_중간_고1_기출.js',22,'exams/25_팔마고_1학기_중간_고1_기출.js',22,'H22-C-03','인수분해','공통수학1','ALG-FACTOR','2026-04-27 23:58:55','2026-04-27 23:58:55');
INSERT INTO "exam_blueprints" ("archive_file","question_no","source_archive_file","source_question_no","standard_unit_key","standard_unit","standard_course","concept_cluster_key","created_at","updated_at") VALUES('exams/25_팔마고_1학기_중간_고1_기출.js',23,'exams/25_팔마고_1학기_중간_고1_기출.js',23,'H22-C-07','여러 가지 방정식','공통수학1','PROB-COMBI','2026-04-27 23:58:55','2026-04-27 23:58:55');
INSERT INTO "exam_blueprints" ("archive_file","question_no","source_archive_file","source_question_no","standard_unit_key","standard_unit","standard_course","concept_cluster_key","created_at","updated_at") VALUES('exams/25_효천고_1학기_중간_고1_기출.js',1,'exams/25_효천고_1학기_중간_고1_기출.js',1,'H22-C-01','다항식의 연산','공통수학1','ALG-POLY','2026-04-28 00:27:50','2026-04-28 00:27:50');
INSERT INTO "exam_blueprints" ("archive_file","question_no","source_archive_file","source_question_no","standard_unit_key","standard_unit","standard_course","concept_cluster_key","created_at","updated_at") VALUES('exams/25_효천고_1학기_중간_고1_기출.js',2,'exams/25_효천고_1학기_중간_고1_기출.js',2,'H22-C-02','나머지 정리','공통수학1','ALG-IDENTITY','2026-04-28 00:27:50','2026-04-28 00:27:50');
INSERT INTO "exam_blueprints" ("archive_file","question_no","source_archive_file","source_question_no","standard_unit_key","standard_unit","standard_course","concept_cluster_key","created_at","updated_at") VALUES('exams/25_효천고_1학기_중간_고1_기출.js',3,'exams/25_효천고_1학기_중간_고1_기출.js',3,'H22-C-02','나머지 정리','공통수학1','ALG-IDENTITY','2026-04-28 00:27:50','2026-04-28 00:27:50');
INSERT INTO "exam_blueprints" ("archive_file","question_no","source_archive_file","source_question_no","standard_unit_key","standard_unit","standard_course","concept_cluster_key","created_at","updated_at") VALUES('exams/25_효천고_1학기_중간_고1_기출.js',4,'exams/25_효천고_1학기_중간_고1_기출.js',4,'H22-C-03','인수분해','공통수학1','ALG-FACTOR','2026-04-28 00:27:50','2026-04-28 00:27:50');
INSERT INTO "exam_blueprints" ("archive_file","question_no","source_archive_file","source_question_no","standard_unit_key","standard_unit","standard_course","concept_cluster_key","created_at","updated_at") VALUES('exams/25_효천고_1학기_중간_고1_기출.js',5,'exams/25_효천고_1학기_중간_고1_기출.js',5,'H22-C-04','복소수','공통수학1','ALG-COMPLEX','2026-04-28 00:27:50','2026-04-28 00:27:50');
INSERT INTO "exam_blueprints" ("archive_file","question_no","source_archive_file","source_question_no","standard_unit_key","standard_unit","standard_course","concept_cluster_key","created_at","updated_at") VALUES('exams/25_효천고_1학기_중간_고1_기출.js',6,'exams/25_효천고_1학기_중간_고1_기출.js',6,'H22-C-04','복소수','공통수학1','ALG-COMPLEX','2026-04-28 00:27:50','2026-04-28 00:27:50');
INSERT INTO "exam_blueprints" ("archive_file","question_no","source_archive_file","source_question_no","standard_unit_key","standard_unit","standard_course","concept_cluster_key","created_at","updated_at") VALUES('exams/25_효천고_1학기_중간_고1_기출.js',7,'exams/25_효천고_1학기_중간_고1_기출.js',7,'H22-C-01','다항식의 연산','공통수학1','ALG-POLY','2026-04-28 00:27:50','2026-04-28 00:27:50');
INSERT INTO "exam_blueprints" ("archive_file","question_no","source_archive_file","source_question_no","standard_unit_key","standard_unit","standard_course","concept_cluster_key","created_at","updated_at") VALUES('exams/25_효천고_1학기_중간_고1_기출.js',8,'exams/25_효천고_1학기_중간_고1_기출.js',8,'H22-C-02','나머지 정리','공통수학1','ALG-IDENTITY','2026-04-28 00:27:50','2026-04-28 00:27:50');
INSERT INTO "exam_blueprints" ("archive_file","question_no","source_archive_file","source_question_no","standard_unit_key","standard_unit","standard_course","concept_cluster_key","created_at","updated_at") VALUES('exams/25_효천고_1학기_중간_고1_기출.js',9,'exams/25_효천고_1학기_중간_고1_기출.js',9,'H22-C-03','인수분해','공통수학1','ALG-FACTOR','2026-04-28 00:27:50','2026-04-28 00:27:50');
INSERT INTO "exam_blueprints" ("archive_file","question_no","source_archive_file","source_question_no","standard_unit_key","standard_unit","standard_course","concept_cluster_key","created_at","updated_at") VALUES('exams/25_효천고_1학기_중간_고1_기출.js',10,'exams/25_효천고_1학기_중간_고1_기출.js',10,'H22-C-03','인수분해','공통수학1','ALG-FACTOR','2026-04-28 00:27:50','2026-04-28 00:27:50');
INSERT INTO "exam_blueprints" ("archive_file","question_no","source_archive_file","source_question_no","standard_unit_key","standard_unit","standard_course","concept_cluster_key","created_at","updated_at") VALUES('exams/25_효천고_1학기_중간_고1_기출.js',11,'exams/25_효천고_1학기_중간_고1_기출.js',11,'H22-C-04','복소수','공통수학1','ALG-COMPLEX','2026-04-28 00:27:50','2026-04-28 00:27:50');
INSERT INTO "exam_blueprints" ("archive_file","question_no","source_archive_file","source_question_no","standard_unit_key","standard_unit","standard_course","concept_cluster_key","created_at","updated_at") VALUES('exams/25_효천고_1학기_중간_고1_기출.js',12,'exams/25_효천고_1학기_중간_고1_기출.js',12,'H22-C-04','복소수','공통수학1','ALG-COMPLEX','2026-04-28 00:27:50','2026-04-28 00:27:50');
INSERT INTO "exam_blueprints" ("archive_file","question_no","source_archive_file","source_question_no","standard_unit_key","standard_unit","standard_course","concept_cluster_key","created_at","updated_at") VALUES('exams/25_효천고_1학기_중간_고1_기출.js',13,'exams/25_효천고_1학기_중간_고1_기출.js',13,'H22-C-05','이차방정식','공통수학1','ALG-QUADRATIC-EQ','2026-04-28 00:27:50','2026-04-28 00:27:50');
INSERT INTO "exam_blueprints" ("archive_file","question_no","source_archive_file","source_question_no","standard_unit_key","standard_unit","standard_course","concept_cluster_key","created_at","updated_at") VALUES('exams/25_효천고_1학기_중간_고1_기출.js',14,'exams/25_효천고_1학기_중간_고1_기출.js',14,'H22-C-05','이차방정식','공통수학1','ALG-QUADRATIC-EQ','2026-04-28 00:27:50','2026-04-28 00:27:50');
INSERT INTO "exam_blueprints" ("archive_file","question_no","source_archive_file","source_question_no","standard_unit_key","standard_unit","standard_course","concept_cluster_key","created_at","updated_at") VALUES('exams/25_효천고_1학기_중간_고1_기출.js',15,'exams/25_효천고_1학기_중간_고1_기출.js',15,'H22-C-02','나머지 정리','공통수학1','ALG-IDENTITY','2026-04-28 00:27:50','2026-04-28 00:27:50');
INSERT INTO "exam_blueprints" ("archive_file","question_no","source_archive_file","source_question_no","standard_unit_key","standard_unit","standard_course","concept_cluster_key","created_at","updated_at") VALUES('exams/25_효천고_1학기_중간_고1_기출.js',16,'exams/25_효천고_1학기_중간_고1_기출.js',16,'H22-C-05','이차방정식','공통수학1','ALG-QUADRATIC-EQ','2026-04-28 00:27:50','2026-04-28 00:27:50');
INSERT INTO "exam_blueprints" ("archive_file","question_no","source_archive_file","source_question_no","standard_unit_key","standard_unit","standard_course","concept_cluster_key","created_at","updated_at") VALUES('exams/25_효천고_1학기_중간_고1_기출.js',17,'exams/25_효천고_1학기_중간_고1_기출.js',17,'H22-C-01','다항식의 연산','공통수학1','ALG-POLY','2026-04-28 00:27:50','2026-04-28 00:27:50');
INSERT INTO "exam_blueprints" ("archive_file","question_no","source_archive_file","source_question_no","standard_unit_key","standard_unit","standard_course","concept_cluster_key","created_at","updated_at") VALUES('exams/25_효천고_1학기_중간_고1_기출.js',18,'exams/25_효천고_1학기_중간_고1_기출.js',18,'H22-C-04','복소수','공통수학1','ALG-COMPLEX','2026-04-28 00:27:50','2026-04-28 00:27:50');
INSERT INTO "exam_blueprints" ("archive_file","question_no","source_archive_file","source_question_no","standard_unit_key","standard_unit","standard_course","concept_cluster_key","created_at","updated_at") VALUES('exams/25_효천고_1학기_중간_고1_기출.js',19,'exams/25_효천고_1학기_중간_고1_기출.js',19,'H22-C-02','나머지 정리','공통수학1','ALG-IDENTITY','2026-04-28 00:27:50','2026-04-28 00:27:50');
INSERT INTO "exam_blueprints" ("archive_file","question_no","source_archive_file","source_question_no","standard_unit_key","standard_unit","standard_course","concept_cluster_key","created_at","updated_at") VALUES('exams/25_효천고_1학기_중간_고1_기출.js',20,'exams/25_효천고_1학기_중간_고1_기출.js',20,'H22-C-05','이차방정식','공통수학1','ALG-QUADRATIC-EQ','2026-04-28 00:27:50','2026-04-28 00:27:50');
INSERT INTO "exam_blueprints" ("archive_file","question_no","source_archive_file","source_question_no","standard_unit_key","standard_unit","standard_course","concept_cluster_key","created_at","updated_at") VALUES('exams/25_효천고_1학기_중간_고1_기출.js',21,'exams/25_효천고_1학기_중간_고1_기출.js',21,'H22-C-05','이차방정식','공통수학1','ALG-QUADRATIC-EQ','2026-04-28 00:27:50','2026-04-28 00:27:50');
INSERT INTO "exam_blueprints" ("archive_file","question_no","source_archive_file","source_question_no","standard_unit_key","standard_unit","standard_course","concept_cluster_key","created_at","updated_at") VALUES('exams/25_효천고_1학기_중간_고1_기출.js',22,'exams/25_효천고_1학기_중간_고1_기출.js',22,'H22-C-04','복소수','공통수학1','ALG-COMPLEX','2026-04-28 00:27:50','2026-04-28 00:27:50');
INSERT INTO "exam_blueprints" ("archive_file","question_no","source_archive_file","source_question_no","standard_unit_key","standard_unit","standard_course","concept_cluster_key","created_at","updated_at") VALUES('exams/25_효천고_1학기_중간_고1_기출.js',23,'exams/25_효천고_1학기_중간_고1_기출.js',23,'H22-C-03','인수분해','공통수학1','ALG-FACTOR','2026-04-28 00:27:50','2026-04-28 00:27:50');
INSERT INTO "exam_blueprints" ("archive_file","question_no","source_archive_file","source_question_no","standard_unit_key","standard_unit","standard_course","concept_cluster_key","created_at","updated_at") VALUES('exams/1학기_중간평가_중1_단원평가유사2.js',1,'exams/1학기_중간평가_중1_단원평가유사2.js',1,'M1-01','소인수분해','중1 수학','NUM-FACTORIZATION','2026-04-28 04:53:28','2026-04-28 04:54:09');
INSERT INTO "exam_blueprints" ("archive_file","question_no","source_archive_file","source_question_no","standard_unit_key","standard_unit","standard_course","concept_cluster_key","created_at","updated_at") VALUES('exams/1학기_중간평가_중1_단원평가유사2.js',2,'exams/1학기_중간평가_중1_단원평가유사2.js',2,'M1-01','소인수분해','중1 수학','NUM-FACTORIZATION','2026-04-28 04:53:28','2026-04-28 04:54:09');
INSERT INTO "exam_blueprints" ("archive_file","question_no","source_archive_file","source_question_no","standard_unit_key","standard_unit","standard_course","concept_cluster_key","created_at","updated_at") VALUES('exams/1학기_중간평가_중1_단원평가유사2.js',3,'exams/1학기_중간평가_중1_단원평가유사2.js',3,'M1-01','소인수분해','중1 수학','NUM-FACTORIZATION','2026-04-28 04:53:28','2026-04-28 04:54:09');
INSERT INTO "exam_blueprints" ("archive_file","question_no","source_archive_file","source_question_no","standard_unit_key","standard_unit","standard_course","concept_cluster_key","created_at","updated_at") VALUES('exams/1학기_중간평가_중1_단원평가유사2.js',4,'exams/1학기_중간평가_중1_단원평가유사2.js',4,'M1-01','소인수분해','중1 수학','NUM-FACTORIZATION','2026-04-28 04:53:28','2026-04-28 04:54:09');
INSERT INTO "exam_blueprints" ("archive_file","question_no","source_archive_file","source_question_no","standard_unit_key","standard_unit","standard_course","concept_cluster_key","created_at","updated_at") VALUES('exams/1학기_중간평가_중1_단원평가유사2.js',5,'exams/1학기_중간평가_중1_단원평가유사2.js',5,'M1-01','소인수분해','중1 수학','NUM-FACTORIZATION','2026-04-28 04:53:28','2026-04-28 04:54:09');
INSERT INTO "exam_blueprints" ("archive_file","question_no","source_archive_file","source_question_no","standard_unit_key","standard_unit","standard_course","concept_cluster_key","created_at","updated_at") VALUES('exams/1학기_중간평가_중1_단원평가유사2.js',6,'exams/1학기_중간평가_중1_단원평가유사2.js',6,'M1-01','소인수분해','중1 수학','NUM-FACTORIZATION','2026-04-28 04:53:28','2026-04-28 04:54:09');
INSERT INTO "exam_blueprints" ("archive_file","question_no","source_archive_file","source_question_no","standard_unit_key","standard_unit","standard_course","concept_cluster_key","created_at","updated_at") VALUES('exams/1학기_중간평가_중1_단원평가유사2.js',7,'exams/1학기_중간평가_중1_단원평가유사2.js',7,'M1-01','소인수분해','중1 수학','NUM-FACTORIZATION','2026-04-28 04:53:28','2026-04-28 04:54:09');
INSERT INTO "exam_blueprints" ("archive_file","question_no","source_archive_file","source_question_no","standard_unit_key","standard_unit","standard_course","concept_cluster_key","created_at","updated_at") VALUES('exams/1학기_중간평가_중1_단원평가유사2.js',8,'exams/1학기_중간평가_중1_단원평가유사2.js',8,'M1-01','소인수분해','중1 수학','NUM-FACTORIZATION','2026-04-28 04:53:28','2026-04-28 04:54:09');
INSERT INTO "exam_blueprints" ("archive_file","question_no","source_archive_file","source_question_no","standard_unit_key","standard_unit","standard_course","concept_cluster_key","created_at","updated_at") VALUES('exams/1학기_중간평가_중1_단원평가유사2.js',9,'exams/1학기_중간평가_중1_단원평가유사2.js',9,'M1-01','소인수분해','중1 수학','NUM-FACTORIZATION','2026-04-28 04:53:28','2026-04-28 04:54:09');
INSERT INTO "exam_blueprints" ("archive_file","question_no","source_archive_file","source_question_no","standard_unit_key","standard_unit","standard_course","concept_cluster_key","created_at","updated_at") VALUES('exams/1학기_중간평가_중1_단원평가유사2.js',10,'exams/1학기_중간평가_중1_단원평가유사2.js',10,'M1-02','정수와 유리수','중1 수학','NUM-RATIONAL','2026-04-28 04:53:28','2026-04-28 04:54:09');
INSERT INTO "exam_blueprints" ("archive_file","question_no","source_archive_file","source_question_no","standard_unit_key","standard_unit","standard_course","concept_cluster_key","created_at","updated_at") VALUES('exams/1학기_중간평가_중1_단원평가유사2.js',11,'exams/1학기_중간평가_중1_단원평가유사2.js',11,'M1-02','정수와 유리수','중1 수학','NUM-RATIONAL','2026-04-28 04:53:28','2026-04-28 04:54:09');
INSERT INTO "exam_blueprints" ("archive_file","question_no","source_archive_file","source_question_no","standard_unit_key","standard_unit","standard_course","concept_cluster_key","created_at","updated_at") VALUES('exams/1학기_중간평가_중1_단원평가유사2.js',12,'exams/1학기_중간평가_중1_단원평가유사2.js',12,'M1-02','정수와 유리수','중1 수학','NUM-RATIONAL','2026-04-28 04:53:28','2026-04-28 04:54:09');
INSERT INTO "exam_blueprints" ("archive_file","question_no","source_archive_file","source_question_no","standard_unit_key","standard_unit","standard_course","concept_cluster_key","created_at","updated_at") VALUES('exams/1학기_중간평가_중1_단원평가유사2.js',13,'exams/1학기_중간평가_중1_단원평가유사2.js',13,'M1-02','정수와 유리수','중1 수학','NUM-RATIONAL','2026-04-28 04:53:28','2026-04-28 04:54:09');
INSERT INTO "exam_blueprints" ("archive_file","question_no","source_archive_file","source_question_no","standard_unit_key","standard_unit","standard_course","concept_cluster_key","created_at","updated_at") VALUES('exams/1학기_중간평가_중1_단원평가유사2.js',14,'exams/1학기_중간평가_중1_단원평가유사2.js',14,'M1-02','정수와 유리수','중1 수학','NUM-RATIONAL','2026-04-28 04:53:28','2026-04-28 04:54:09');
INSERT INTO "exam_blueprints" ("archive_file","question_no","source_archive_file","source_question_no","standard_unit_key","standard_unit","standard_course","concept_cluster_key","created_at","updated_at") VALUES('exams/1학기_중간평가_중1_단원평가유사2.js',15,'exams/1학기_중간평가_중1_단원평가유사2.js',15,'M1-02','정수와 유리수','중1 수학','NUM-RATIONAL','2026-04-28 04:53:28','2026-04-28 04:54:09');
INSERT INTO "exam_blueprints" ("archive_file","question_no","source_archive_file","source_question_no","standard_unit_key","standard_unit","standard_course","concept_cluster_key","created_at","updated_at") VALUES('exams/1학기_중간평가_중1_단원평가유사2.js',16,'exams/1학기_중간평가_중1_단원평가유사2.js',16,'M1-02','정수와 유리수','중1 수학','NUM-RATIONAL','2026-04-28 04:53:28','2026-04-28 04:54:09');
INSERT INTO "exam_blueprints" ("archive_file","question_no","source_archive_file","source_question_no","standard_unit_key","standard_unit","standard_course","concept_cluster_key","created_at","updated_at") VALUES('exams/1학기_중간평가_중1_단원평가유사2.js',17,'exams/1학기_중간평가_중1_단원평가유사2.js',17,'M1-02','정수와 유리수','중1 수학','NUM-RATIONAL','2026-04-28 04:53:28','2026-04-28 04:54:09');
INSERT INTO "exam_blueprints" ("archive_file","question_no","source_archive_file","source_question_no","standard_unit_key","standard_unit","standard_course","concept_cluster_key","created_at","updated_at") VALUES('exams/1학기_중간평가_중1_단원평가유사2.js',18,'exams/1학기_중간평가_중1_단원평가유사2.js',18,'M1-02','정수와 유리수','중1 수학','NUM-RATIONAL','2026-04-28 04:53:28','2026-04-28 04:54:09');
INSERT INTO "exam_blueprints" ("archive_file","question_no","source_archive_file","source_question_no","standard_unit_key","standard_unit","standard_course","concept_cluster_key","created_at","updated_at") VALUES('exams/1학기_중간평가_중1_단원평가유사2.js',19,'exams/1학기_중간평가_중1_단원평가유사2.js',19,'M1-02','정수와 유리수','중1 수학','NUM-RATIONAL','2026-04-28 04:53:28','2026-04-28 04:54:09');
INSERT INTO "exam_blueprints" ("archive_file","question_no","source_archive_file","source_question_no","standard_unit_key","standard_unit","standard_course","concept_cluster_key","created_at","updated_at") VALUES('exams/1학기_중간평가_중1_단원평가유사2.js',20,'exams/1학기_중간평가_중1_단원평가유사2.js',20,'M1-02','정수와 유리수','중1 수학','NUM-RATIONAL','2026-04-28 04:53:28','2026-04-28 04:54:09');
INSERT INTO "exam_blueprints" ("archive_file","question_no","source_archive_file","source_question_no","standard_unit_key","standard_unit","standard_course","concept_cluster_key","created_at","updated_at") VALUES('exams/1학기_중간평가_중1_단원평가유사2.js',21,'exams/1학기_중간평가_중1_단원평가유사2.js',21,'M1-02','정수와 유리수','중1 수학','NUM-RATIONAL','2026-04-28 04:53:28','2026-04-28 04:54:09');
INSERT INTO "exam_blueprints" ("archive_file","question_no","source_archive_file","source_question_no","standard_unit_key","standard_unit","standard_course","concept_cluster_key","created_at","updated_at") VALUES('exams/1학기_중간평가_중1_단원평가유사2.js',22,'exams/1학기_중간평가_중1_단원평가유사2.js',22,'M1-01','소인수분해','중1 수학','NUM-FACTORIZATION','2026-04-28 04:53:28','2026-04-28 04:54:09');
INSERT INTO "exam_blueprints" ("archive_file","question_no","source_archive_file","source_question_no","standard_unit_key","standard_unit","standard_course","concept_cluster_key","created_at","updated_at") VALUES('exams/1학기_중간평가_중1_단원평가유사2.js',23,'exams/1학기_중간평가_중1_단원평가유사2.js',23,'M1-02','정수와 유리수','중1 수학','NUM-RATIONAL','2026-04-28 04:53:28','2026-04-28 04:54:09');
INSERT INTO "exam_blueprints" ("archive_file","question_no","source_archive_file","source_question_no","standard_unit_key","standard_unit","standard_course","concept_cluster_key","created_at","updated_at") VALUES('exams/1학기_중간평가_중1_단원평가유사2.js',24,'exams/1학기_중간평가_중1_단원평가유사2.js',24,'M1-02','정수와 유리수','중1 수학','NUM-RATIONAL','2026-04-28 04:53:28','2026-04-28 04:54:09');
INSERT INTO "exam_blueprints" ("archive_file","question_no","source_archive_file","source_question_no","standard_unit_key","standard_unit","standard_course","concept_cluster_key","created_at","updated_at") VALUES('exams/1학기_중간평가_중1_단원평가.js',1,'exams/1학기_중간평가_중1_단원평가.js',1,'M1-01','소인수분해','중1 수학','NUM-FACTORIZATION','2026-04-30 07:35:10','2026-04-30 07:35:10');
INSERT INTO "exam_blueprints" ("archive_file","question_no","source_archive_file","source_question_no","standard_unit_key","standard_unit","standard_course","concept_cluster_key","created_at","updated_at") VALUES('exams/1학기_중간평가_중1_단원평가.js',2,'exams/1학기_중간평가_중1_단원평가.js',2,'M1-01','소인수분해','중1 수학','NUM-FACTORIZATION','2026-04-30 07:35:10','2026-04-30 07:35:10');
INSERT INTO "exam_blueprints" ("archive_file","question_no","source_archive_file","source_question_no","standard_unit_key","standard_unit","standard_course","concept_cluster_key","created_at","updated_at") VALUES('exams/1학기_중간평가_중1_단원평가.js',3,'exams/1학기_중간평가_중1_단원평가.js',3,'M1-01','소인수분해','중1 수학','NUM-FACTORIZATION','2026-04-30 07:35:10','2026-04-30 07:35:10');
INSERT INTO "exam_blueprints" ("archive_file","question_no","source_archive_file","source_question_no","standard_unit_key","standard_unit","standard_course","concept_cluster_key","created_at","updated_at") VALUES('exams/1학기_중간평가_중1_단원평가.js',4,'exams/1학기_중간평가_중1_단원평가.js',4,'M1-01','소인수분해','중1 수학','NUM-FACTORIZATION','2026-04-30 07:35:10','2026-04-30 07:35:10');
INSERT INTO "exam_blueprints" ("archive_file","question_no","source_archive_file","source_question_no","standard_unit_key","standard_unit","standard_course","concept_cluster_key","created_at","updated_at") VALUES('exams/1학기_중간평가_중1_단원평가.js',5,'exams/1학기_중간평가_중1_단원평가.js',5,'M1-01','소인수분해','중1 수학','NUM-FACTORIZATION','2026-04-30 07:35:10','2026-04-30 07:35:10');
INSERT INTO "exam_blueprints" ("archive_file","question_no","source_archive_file","source_question_no","standard_unit_key","standard_unit","standard_course","concept_cluster_key","created_at","updated_at") VALUES('exams/1학기_중간평가_중1_단원평가.js',6,'exams/1학기_중간평가_중1_단원평가.js',6,'M1-01','소인수분해','중1 수학','NUM-FACTORIZATION','2026-04-30 07:35:10','2026-04-30 07:35:10');
INSERT INTO "exam_blueprints" ("archive_file","question_no","source_archive_file","source_question_no","standard_unit_key","standard_unit","standard_course","concept_cluster_key","created_at","updated_at") VALUES('exams/1학기_중간평가_중1_단원평가.js',7,'exams/1학기_중간평가_중1_단원평가.js',7,'M1-01','소인수분해','중1 수학','NUM-FACTORIZATION','2026-04-30 07:35:10','2026-04-30 07:35:10');
INSERT INTO "exam_blueprints" ("archive_file","question_no","source_archive_file","source_question_no","standard_unit_key","standard_unit","standard_course","concept_cluster_key","created_at","updated_at") VALUES('exams/1학기_중간평가_중1_단원평가.js',8,'exams/1학기_중간평가_중1_단원평가.js',8,'M1-01','소인수분해','중1 수학','NUM-FACTORIZATION','2026-04-30 07:35:10','2026-04-30 07:35:10');
INSERT INTO "exam_blueprints" ("archive_file","question_no","source_archive_file","source_question_no","standard_unit_key","standard_unit","standard_course","concept_cluster_key","created_at","updated_at") VALUES('exams/1학기_중간평가_중1_단원평가.js',9,'exams/1학기_중간평가_중1_단원평가.js',9,'M1-01','소인수분해','중1 수학','NUM-FACTORIZATION','2026-04-30 07:35:10','2026-04-30 07:35:10');
INSERT INTO "exam_blueprints" ("archive_file","question_no","source_archive_file","source_question_no","standard_unit_key","standard_unit","standard_course","concept_cluster_key","created_at","updated_at") VALUES('exams/1학기_중간평가_중1_단원평가.js',10,'exams/1학기_중간평가_중1_단원평가.js',10,'M1-02','정수와 유리수','중1 수학','NUM-RATIONAL','2026-04-30 07:35:10','2026-04-30 07:35:10');
INSERT INTO "exam_blueprints" ("archive_file","question_no","source_archive_file","source_question_no","standard_unit_key","standard_unit","standard_course","concept_cluster_key","created_at","updated_at") VALUES('exams/1학기_중간평가_중1_단원평가.js',11,'exams/1학기_중간평가_중1_단원평가.js',11,'M1-02','정수와 유리수','중1 수학','NUM-RATIONAL','2026-04-30 07:35:10','2026-04-30 07:35:10');
INSERT INTO "exam_blueprints" ("archive_file","question_no","source_archive_file","source_question_no","standard_unit_key","standard_unit","standard_course","concept_cluster_key","created_at","updated_at") VALUES('exams/1학기_중간평가_중1_단원평가.js',12,'exams/1학기_중간평가_중1_단원평가.js',12,'M1-02','정수와 유리수','중1 수학','NUM-RATIONAL','2026-04-30 07:35:10','2026-04-30 07:35:10');
INSERT INTO "exam_blueprints" ("archive_file","question_no","source_archive_file","source_question_no","standard_unit_key","standard_unit","standard_course","concept_cluster_key","created_at","updated_at") VALUES('exams/1학기_중간평가_중1_단원평가.js',13,'exams/1학기_중간평가_중1_단원평가.js',13,'M1-02','정수와 유리수','중1 수학','NUM-RATIONAL','2026-04-30 07:35:10','2026-04-30 07:35:10');
INSERT INTO "exam_blueprints" ("archive_file","question_no","source_archive_file","source_question_no","standard_unit_key","standard_unit","standard_course","concept_cluster_key","created_at","updated_at") VALUES('exams/1학기_중간평가_중1_단원평가.js',14,'exams/1학기_중간평가_중1_단원평가.js',14,'M1-02','정수와 유리수','중1 수학','NUM-RATIONAL','2026-04-30 07:35:10','2026-04-30 07:35:10');
INSERT INTO "exam_blueprints" ("archive_file","question_no","source_archive_file","source_question_no","standard_unit_key","standard_unit","standard_course","concept_cluster_key","created_at","updated_at") VALUES('exams/1학기_중간평가_중1_단원평가.js',15,'exams/1학기_중간평가_중1_단원평가.js',15,'M1-02','정수와 유리수','중1 수학','NUM-RATIONAL','2026-04-30 07:35:10','2026-04-30 07:35:10');
INSERT INTO "exam_blueprints" ("archive_file","question_no","source_archive_file","source_question_no","standard_unit_key","standard_unit","standard_course","concept_cluster_key","created_at","updated_at") VALUES('exams/1학기_중간평가_중1_단원평가.js',16,'exams/1학기_중간평가_중1_단원평가.js',16,'M1-02','정수와 유리수','중1 수학','NUM-RATIONAL','2026-04-30 07:35:10','2026-04-30 07:35:10');
INSERT INTO "exam_blueprints" ("archive_file","question_no","source_archive_file","source_question_no","standard_unit_key","standard_unit","standard_course","concept_cluster_key","created_at","updated_at") VALUES('exams/1학기_중간평가_중1_단원평가.js',17,'exams/1학기_중간평가_중1_단원평가.js',17,'M1-02','정수와 유리수','중1 수학','NUM-RATIONAL','2026-04-30 07:35:10','2026-04-30 07:35:10');
INSERT INTO "exam_blueprints" ("archive_file","question_no","source_archive_file","source_question_no","standard_unit_key","standard_unit","standard_course","concept_cluster_key","created_at","updated_at") VALUES('exams/1학기_중간평가_중1_단원평가.js',18,'exams/1학기_중간평가_중1_단원평가.js',18,'M1-02','정수와 유리수','중1 수학','NUM-RATIONAL','2026-04-30 07:35:10','2026-04-30 07:35:10');
INSERT INTO "exam_blueprints" ("archive_file","question_no","source_archive_file","source_question_no","standard_unit_key","standard_unit","standard_course","concept_cluster_key","created_at","updated_at") VALUES('exams/1학기_중간평가_중1_단원평가.js',19,'exams/1학기_중간평가_중1_단원평가.js',19,'M1-02','정수와 유리수','중1 수학','NUM-RATIONAL','2026-04-30 07:35:10','2026-04-30 07:35:10');
INSERT INTO "exam_blueprints" ("archive_file","question_no","source_archive_file","source_question_no","standard_unit_key","standard_unit","standard_course","concept_cluster_key","created_at","updated_at") VALUES('exams/1학기_중간평가_중1_단원평가.js',20,'exams/1학기_중간평가_중1_단원평가.js',20,'M1-02','정수와 유리수','중1 수학','NUM-RATIONAL','2026-04-30 07:35:10','2026-04-30 07:35:10');
INSERT INTO "exam_blueprints" ("archive_file","question_no","source_archive_file","source_question_no","standard_unit_key","standard_unit","standard_course","concept_cluster_key","created_at","updated_at") VALUES('exams/1학기_중간평가_중1_단원평가.js',21,'exams/1학기_중간평가_중1_단원평가.js',21,'M1-02','정수와 유리수','중1 수학','NUM-RATIONAL','2026-04-30 07:35:10','2026-04-30 07:35:10');
INSERT INTO "exam_blueprints" ("archive_file","question_no","source_archive_file","source_question_no","standard_unit_key","standard_unit","standard_course","concept_cluster_key","created_at","updated_at") VALUES('exams/1학기_중간평가_중1_단원평가.js',22,'exams/1학기_중간평가_중1_단원평가.js',22,'M1-01','소인수분해','중1 수학','NUM-FACTORIZATION','2026-04-30 07:35:10','2026-04-30 07:35:10');
INSERT INTO "exam_blueprints" ("archive_file","question_no","source_archive_file","source_question_no","standard_unit_key","standard_unit","standard_course","concept_cluster_key","created_at","updated_at") VALUES('exams/1학기_중간평가_중1_단원평가.js',23,'exams/1학기_중간평가_중1_단원평가.js',23,'M1-02','정수와 유리수','중1 수학','NUM-RATIONAL','2026-04-30 07:35:10','2026-04-30 07:35:10');
INSERT INTO "exam_blueprints" ("archive_file","question_no","source_archive_file","source_question_no","standard_unit_key","standard_unit","standard_course","concept_cluster_key","created_at","updated_at") VALUES('exams/1학기_중간평가_중1_단원평가.js',24,'exams/1학기_중간평가_중1_단원평가.js',24,'M1-02','정수와 유리수','중1 수학','NUM-RATIONAL','2026-04-30 07:35:10','2026-04-30 07:35:10');
CREATE TABLE class_exam_assignments (
  id TEXT PRIMARY KEY,
  class_id TEXT NOT NULL,
  exam_title TEXT NOT NULL,
  exam_date TEXT NOT NULL,
  question_count INTEGER DEFAULT 0,
  archive_file TEXT DEFAULT '',
  source_type TEXT DEFAULT 'archive',
  created_at TEXT DEFAULT CURRENT_TIMESTAMP,
  updated_at TEXT DEFAULT CURRENT_TIMESTAMP,
  UNIQUE(class_id, exam_title, exam_date, archive_file)
);
INSERT INTO "class_exam_assignments" ("id","class_id","exam_title","exam_date","question_count","archive_file","source_type","created_at","updated_at") VALUES('f6f82197-e1af-45d2-b4c1-6dd1df0c7d31','m1_a','1학기_중간평가_중1_단원평가유사2','2026-04-28',24,'exams/1학기_중간평가_중1_단원평가유사2.js','archive','2026-04-28 04:53:28','2026-04-28 04:53:28');
INSERT INTO "class_exam_assignments" ("id","class_id","exam_title","exam_date","question_count","archive_file","source_type","created_at","updated_at") VALUES('8c422cf4-0839-45f5-8ce1-f0dd819d7f0a','m1_a','26_AP수학_1학기_중간_중1_중간고사','2026-04-30',24,'exams/1학기_중간평가_중1_단원평가.js','archive','2026-04-30 07:35:10','2026-04-30 07:35:10');
CREATE TABLE daily_journals (
  id TEXT PRIMARY KEY,
  date TEXT NOT NULL,
  teacher_name TEXT NOT NULL,
  content TEXT NOT NULL,
  status TEXT DEFAULT '작성중',
  feedback TEXT DEFAULT '',
  created_at DATETIME DEFAULT CURRENT_TIMESTAMP,
  updated_at DATETIME DEFAULT CURRENT_TIMESTAMP
);
INSERT INTO "daily_journals" ("id","date","teacher_name","content","status","feedback","created_at","updated_at") VALUES('jou_1777346012285','2026-04-28','박준성',replace('[AP Math 운영 일지 - 2026-04-28]\n작성자: 선생님1\n\n■ 고1A반\n- 출결/숙제: 전원 출석 / 전원 완료\n- 진도: (수업 기록 미입력)\n\n■ 중1A반\n- 출결/숙제: 전원 출석 / 전원 완료\n- 진도: (수업 기록 미입력)\n\n■ 중1B반\n- 출결/숙제: 전원 출석 / 전원 완료\n- 진도: (수업 기록 미입력)\n\n■ 중1C반\n- 출결/숙제: 전원 출석 / 전원 완료\n- 진도: (수업 기록 미입력)\n\n■ 중2A반\n- 출결/숙제: 전원 출석 / 전원 완료\n- 진도: (수업 기록 미입력)\n\n■ 중3A반\n- 출결/숙제: 전원 출석 / 전원 완료\n- 진도: (수업 기록 미입력)\n\n■ 중3B반\n- 출결/숙제: 전원 출석 / 전원 완료\n- 진도: (수업 기록 미입력)\n','\n',char(10)),'제출완료','','2026-04-28 03:13:32','2026-04-28 03:13:32');
INSERT INTO "daily_journals" ("id","date","teacher_name","content","status","feedback","created_at","updated_at") VALUES('jou_1777493914809','2026-04-30','박준성',replace('[AP Math 운영 일지 - 2026-04-30]\n작성자: 박준성\n\n■ 중1A반\n- 출결/숙제: 전원 출석 / 전원 완료\n- 진도: (수업 기록 미입력)\n\n■ 중1C반\n- 출결/숙제: 전원 출석 / 전원 완료\n- 진도: (수업 기록 미입력)\n\n■ 중3A반\n- 출결/숙제: 전원 출석 / 전원 완료\n- 진도: (수업 기록 미입력)\n','\n',char(10)),'작성중','','2026-04-29 20:18:34','2026-04-29 20:18:34');
INSERT INTO "daily_journals" ("id","date","teacher_name","content","status","feedback","created_at","updated_at") VALUES('jou_1777904347152','2026-05-04','박준성',replace('[AP Math 운영 일지 - 2026-05-04]\n작성자: 박준성\n\n■ 중1B반\n- 결석: 최윤아\n- 진도:\n  * 개념유형 1-1: 좌표평면과 그래프 첫 시작\n- 특이사항: [단원선택] 좌표평면과 그래프\n\n■ 중2A반\n- 결석: 박현종\n- 진도:\n  * 개념유형 2-1: 일차함수와일차방정식시작_함수복습\n- 특이사항: [단원선택] 일차함수와 그래프\n함수를 다 잊어버려서 함수부터 다시\n- 상담:\n  * 박현종: 가족여행으로 결석-아직 중간고사 시험지를 못 받은 상황, 가채점은 70점 중반정도 나올 것 같다고 이야기함.\n시험지 확인 후 학부모 상담예정\n  * 임현성: 중간고사 후 상담\n시험성적이 많이 오르긴 했는데, 더 잘 볼 수 있었을 것 같은 아쉬움이 있다고, 현성이가 시험에, 특히 수학에 실수가 많음을 이야기함. 현성이의 학습 태도와 성적의 변화에 대해 논의하며 앞으로 실수하지 않도록 그 부분 더 신경쓰기로 말씀드림.\n  * 왕유준: 유준이가 학원에 온 후 2주만에 시험을 봤지만, 기초가 너무 부족해 시험준비를 거의 하지 않고 초등학교 5학년 분수 계산부터 연습했음을 안내. 기말고사 과정 때 부족한 부분을 채워나가면 진도를 진행하겠지만 스스로 하려고 하지 않으면 개선되기 힘들기 때문에 보강관리 철저히 하겠다고 안내\n  * 김도현: 시간이 부족해서 서술형 문제를 마무리하지 못하고 채점에서 객관식 틀린 것까지 생각하면 77점 정도 예상된다고 안내. 예전보다 나아졌지만 숙제과정에서 어렵거나 하기 싫은 부분을 건너뛰고 쉬운 것만 해결하는 습관이 아직도 개선되지 않음을 말씀드림. 월요일 등원 안내 드리고 상담 종료\n  * 학생: 목요일 시험 후 연락두절, 전화 받지 않고 시험지도 안 가져온 상황\n어미님과 통화내용.\n시험시간이 부족해서 시험을 못 봤다는 설명을 들음. 지난 기말고사 때도 같은 문제로 성적이 안 나왔다고 했는데, 이번에도 같은 문제로 인해 성적이 안나왔다고 하니, 어머님이 그 부분에 대해 대비를 했는지 물어보셔서, 기출문제 풀고 모의고사 풀 때 시간이 부족한 적은 없었다. 항상 시간내에 풀었고, 시험시간에 주의해야 할 부분 자주 이야기하고 시험보러 간 상황이라고 말씀드림.\n월요일에 수업시간에 시험지 같이 보내주시기로 하시고, 분석 후 다시 연락드리기로함.\n\n■ 중3B반\n- 출결/숙제: 전원 출석 / 전원 완료\n- 진도:\n  * 개념유형 3-2: 원과직선\n- 특이사항: [단원선택] 원의 성질\n','\n',char(10)),'제출완료','','2026-05-04 14:19:07','2026-05-04 14:19:07');
CREATE TABLE class_textbooks (id TEXT PRIMARY KEY, class_id TEXT NOT NULL, title TEXT NOT NULL, status TEXT DEFAULT 'active', start_date TEXT, end_date TEXT, sort_order INTEGER DEFAULT 0, created_at DATETIME DEFAULT CURRENT_TIMESTAMP, updated_at DATETIME DEFAULT CURRENT_TIMESTAMP);
INSERT INTO "class_textbooks" ("id","class_id","title","status","start_date","end_date","sort_order","created_at","updated_at") VALUES('tx_4856fae2-16bb-4814-a2db-2aea258f2172','cls_1777251077600','개념원리공통수학2','completed','2026-04-28','2026-05-04',0,'2026-04-28 02:45:27','2026-05-04 04:32:57');
INSERT INTO "class_textbooks" ("id","class_id","title","status","start_date","end_date","sort_order","created_at","updated_at") VALUES('tx_be1919e6-cef2-4a38-80a6-162289d9aa84','cls_1777251077600','학교부교재','active','2026-04-28',NULL,0,'2026-04-28 02:45:40','2026-04-28 02:45:40');
INSERT INTO "class_textbooks" ("id","class_id","title","status","start_date","end_date","sort_order","created_at","updated_at") VALUES('tx_736703fc-3ee8-41db-954a-1878ed369de3','m1_a','개념원리RPM1-1','active','2026-04-28',NULL,0,'2026-04-28 02:46:39','2026-04-28 02:46:39');
INSERT INTO "class_textbooks" ("id","class_id","title","status","start_date","end_date","sort_order","created_at","updated_at") VALUES('tx_7c56160b-f7ac-4c0f-ad02-3550a54aa476','m3_b','개념유형 3-2','active','2026-04-30',NULL,0,'2026-04-30 06:11:31','2026-04-30 06:11:31');
INSERT INTO "class_textbooks" ("id","class_id","title","status","start_date","end_date","sort_order","created_at","updated_at") VALUES('tx_bbfebff7-97f4-4798-aa81-2dca301c957c','m1_a','개념유형 1-2','active','2026-04-30',NULL,0,'2026-04-30 06:14:35','2026-04-30 06:14:35');
INSERT INTO "class_textbooks" ("id","class_id","title","status","start_date","end_date","sort_order","created_at","updated_at") VALUES('tx_e0caabf4-dd79-4419-a103-22f829244658','m1_b','개념유형 1-1','active','2026-04-30',NULL,0,'2026-04-30 06:47:34','2026-04-30 06:47:34');
INSERT INTO "class_textbooks" ("id","class_id","title","status","start_date","end_date","sort_order","created_at","updated_at") VALUES('tx_88b66b2b-168c-4b95-a435-51b43fa9106d','m1_c','수학의바이블 유형on','active','2026-04-30',NULL,0,'2026-04-30 06:47:50','2026-04-30 06:47:50');
INSERT INTO "class_textbooks" ("id","class_id","title","status","start_date","end_date","sort_order","created_at","updated_at") VALUES('tx_bca63037-1e5d-4983-9c72-c9bbd02a5666','m2_a','개념유형 2-1','active','2026-04-30',NULL,0,'2026-04-30 06:48:43','2026-04-30 06:48:43');
INSERT INTO "class_textbooks" ("id","class_id","title","status","start_date","end_date","sort_order","created_at","updated_at") VALUES('tx_baf91dc2-105f-49ef-a92f-ddaddd512f2b','m3_a','수학의바이블 개념on','active','2026-04-30',NULL,0,'2026-04-30 06:56:49','2026-04-30 06:56:49');
INSERT INTO "class_textbooks" ("id","class_id","title","status","start_date","end_date","sort_order","created_at","updated_at") VALUES('tx_01fea6ae-d0fd-43b3-a2f6-6263aef83b7e','m3_a','쎈 3-1','active','2026-04-30',NULL,0,'2026-04-30 06:57:03','2026-04-30 06:57:03');
INSERT INTO "class_textbooks" ("id","class_id","title","status","start_date","end_date","sort_order","created_at","updated_at") VALUES('tx_8061aae8-a3ce-4867-8115-a1724efee7fe','cls_1777251077600','개념원리공통수학2','active','2026-03-01',NULL,0,'2026-05-04 00:33:00','2026-05-04 00:33:00');
INSERT INTO "class_textbooks" ("id","class_id","title","status","start_date","end_date","sort_order","created_at","updated_at") VALUES('tx_419e0622-4d04-459a-ae17-da35bab51a2c','cls_1777251077600','학교별부교재','completed','2026-03-03','2026-05-04',0,'2026-05-04 00:33:31','2026-05-04 04:32:43');
INSERT INTO "class_textbooks" ("id","class_id","title","status","start_date","end_date","sort_order","created_at","updated_at") VALUES('tb_legacy_cls_1777433160961','cls_1777433160961','개념원리대수','active','2026-05-04',NULL,0,'2026-05-04 04:40:15','2026-05-04 04:40:15');
INSERT INTO "class_textbooks" ("id","class_id","title","status","start_date","end_date","sort_order","created_at","updated_at") VALUES('tx_2bc423f4-0a41-49d0-ab07-394f09b943ef','m1_c','개념유형 1-2','active','2026-05-07',NULL,0,'2026-05-05 17:39:19','2026-05-05 17:39:19');
INSERT INTO "class_textbooks" ("id","class_id","title","status","start_date","end_date","sort_order","created_at","updated_at") VALUES('tx_1694db9b-3fee-43e0-b2ed-bd3453e92c9a','m2_a','RPM 2-1','active','2026-03-02',NULL,0,'2026-05-05 17:40:00','2026-05-05 17:40:00');
CREATE TABLE class_daily_records (id TEXT PRIMARY KEY, class_id TEXT NOT NULL, date TEXT NOT NULL, teacher_name TEXT, special_note TEXT DEFAULT '', created_at DATETIME DEFAULT CURRENT_TIMESTAMP, updated_at DATETIME DEFAULT CURRENT_TIMESTAMP, UNIQUE(class_id, date));
INSERT INTO "class_daily_records" ("id","class_id","date","teacher_name","special_note","created_at","updated_at") VALUES('cdr_d46922ad-35d0-49ff-b2dc-25491326b4ce','m1_a','2026-04-30','박준성','2026 AP수학 1-1 중간고사','2026-04-30 06:30:59','2026-04-30 06:30:59');
INSERT INTO "class_daily_records" ("id","class_id","date","teacher_name","special_note","created_at","updated_at") VALUES('cdr_0b02d64b-5e68-4353-aae3-1944352f737a','m3_a','2026-04-30','박준성',replace('1학기 중간고사\n예령84 유나84 시온77 채민80 상원','\n',char(10)),'2026-04-30 06:44:07','2026-04-30 06:44:07');
INSERT INTO "class_daily_records" ("id","class_id","date","teacher_name","special_note","created_at","updated_at") VALUES('cdr_6d9ff5bd-9349-41bc-91b0-17f79cd4770b','m3_b','2026-04-30','박준성',replace('1학기 중간고사\n현욱80 지융70 지혁 50 시윤81 예준56 현성78 정원-','\n',char(10)),'2026-04-30 06:44:55','2026-04-30 06:44:55');
INSERT INTO "class_daily_records" ("id","class_id","date","teacher_name","special_note","created_at","updated_at") VALUES('cdr_9adcd558-6c5f-48a4-a943-784ff3ada172','m2_a','2026-04-30','박준성','도현77 현성80 형우95 유준25 현종- 주흔-','2026-04-30 06:45:32','2026-04-30 06:45:32');
INSERT INTO "class_daily_records" ("id","class_id","date","teacher_name","special_note","created_at","updated_at") VALUES('cdr_96710b73-fe54-4771-a36a-643bd15137a2','m1_b','2026-05-04','박준성','[단원선택] 좌표평면과 그래프','2026-05-03 18:44:36','2026-05-03 18:44:36');
INSERT INTO "class_daily_records" ("id","class_id","date","teacher_name","special_note","created_at","updated_at") VALUES('cdr_16ded6f4-fff8-48ae-b571-8356ac27ee24','m2_a','2026-05-04','박준성',replace('[단원선택] 일차함수와 그래프\n함수를 다 잊어버려서 함수부터 다시','\n',char(10)),'2026-05-03 18:49:28','2026-05-03 18:49:28');
INSERT INTO "class_daily_records" ("id","class_id","date","teacher_name","special_note","created_at","updated_at") VALUES('cdr_d7d82720-aad1-4720-a497-de2e05ebf0a5','m3_b','2026-05-04','박준성','[단원선택] 원의 성질','2026-05-03 18:49:49','2026-05-03 18:49:49');
INSERT INTO "class_daily_records" ("id","class_id","date","teacher_name","special_note","created_at","updated_at") VALUES('cdr_9795b5f0-aaa7-42ea-bf82-dcfffa793c85','m1_b','2026-05-06','박준성',replace('[단원선택] 문자와 식\n1.중간고사 오답\n2.활용 마무리','\n',char(10)),'2026-05-05 17:55:08','2026-05-05 17:55:08');
CREATE TABLE class_daily_progress (id TEXT PRIMARY KEY, record_id TEXT NOT NULL, class_id TEXT NOT NULL, textbook_id TEXT, textbook_title_snapshot TEXT NOT NULL, progress_text TEXT DEFAULT '', created_at DATETIME DEFAULT CURRENT_TIMESTAMP);
INSERT INTO "class_daily_progress" ("id","record_id","class_id","textbook_id","textbook_title_snapshot","progress_text","created_at") VALUES('cdp_29bf62cf-280a-4c27-a213-1236b4147eac','cdr_96710b73-fe54-4771-a36a-643bd15137a2','m1_b','tx_e0caabf4-dd79-4419-a103-22f829244658','개념유형 1-1','좌표평면과 그래프 첫 시작','2026-05-03 18:44:36');
INSERT INTO "class_daily_progress" ("id","record_id","class_id","textbook_id","textbook_title_snapshot","progress_text","created_at") VALUES('cdp_e414e5e2-0304-4fb0-b613-95da55eca965','cdr_16ded6f4-fff8-48ae-b571-8356ac27ee24','m2_a','tx_bca63037-1e5d-4983-9c72-c9bbd02a5666','개념유형 2-1','일차함수와일차방정식시작_함수복습','2026-05-03 18:49:28');
INSERT INTO "class_daily_progress" ("id","record_id","class_id","textbook_id","textbook_title_snapshot","progress_text","created_at") VALUES('cdp_2f5b4cb8-3c7a-4bce-b456-f79dcc51524a','cdr_d7d82720-aad1-4720-a497-de2e05ebf0a5','m3_b','tx_7c56160b-f7ac-4c0f-ad02-3550a54aa476','개념유형 3-2','원과직선','2026-05-03 18:49:49');
INSERT INTO "class_daily_progress" ("id","record_id","class_id","textbook_id","textbook_title_snapshot","progress_text","created_at") VALUES('cdp_aa69b911-36f0-4b15-abfe-6e0eae4bf354','cdr_9795b5f0-aaa7-42ea-bf82-dcfffa793c85','m1_b','tx_e0caabf4-dd79-4419-a103-22f829244658','개념유형 1-1','일차방정식활용','2026-05-05 17:55:08');
CREATE TABLE academy_schedules (
  id TEXT PRIMARY KEY,
  schedule_type TEXT NOT NULL,
  title TEXT NOT NULL,
  schedule_date TEXT NOT NULL,
  start_time TEXT,
  end_time TEXT,
  target_scope TEXT DEFAULT 'global',
  student_id TEXT,
  teacher_name TEXT,
  memo TEXT,
  is_closed INTEGER DEFAULT 0,
  is_deleted INTEGER DEFAULT 0,
  created_at DATETIME DEFAULT CURRENT_TIMESTAMP,
  updated_at DATETIME DEFAULT CURRENT_TIMESTAMP
);
INSERT INTO "academy_schedules" ("id","schedule_type","title","schedule_date","start_time","end_time","target_scope","student_id","teacher_name","memo","is_closed","is_deleted","created_at","updated_at") VALUES('acs_1777906535144','etc','석가탄신일','2026-05-25','','','teacher',NULL,'박준성','',0,0,'2026-05-04 14:55:35','2026-05-04 14:55:35');
CREATE TABLE school_exam_records (
  id TEXT PRIMARY KEY,
  student_id TEXT NOT NULL,
  class_id TEXT,
  school_name TEXT,
  grade TEXT,
  exam_year INTEGER NOT NULL,
  semester TEXT,
  exam_type TEXT NOT NULL,
  subject TEXT NOT NULL,
  score INTEGER,
  target_score_snapshot INTEGER,
  memo TEXT,
  is_deleted INTEGER DEFAULT 0,
  created_at DATETIME DEFAULT CURRENT_TIMESTAMP,
  updated_at DATETIME DEFAULT CURRENT_TIMESTAMP
);
INSERT INTO "school_exam_records" ("id","student_id","class_id","school_name","grade","exam_year","semester","exam_type","subject","score","target_score_snapshot","memo","is_deleted","created_at","updated_at") VALUES('ser_1777707892908','s18',NULL,'왕운중','중3',2026,'1학기','midterm','수학',77,NULL,'',0,'2026-05-02 07:44:52','2026-05-05 12:47:30');
INSERT INTO "school_exam_records" ("id","student_id","class_id","school_name","grade","exam_year","semester","exam_type","subject","score","target_score_snapshot","memo","is_deleted","created_at","updated_at") VALUES('ser_1777880615691_0_s04','s04',NULL,'왕운중','중1',2026,'1학기','midterm','수학',100,NULL,'',0,'2026-05-04 07:43:35','2026-05-04 14:27:49');
INSERT INTO "school_exam_records" ("id","student_id","class_id","school_name","grade","exam_year","semester","exam_type","subject","score","target_score_snapshot","memo","is_deleted","created_at","updated_at") VALUES('ser_1777880615691_1_s03','s03',NULL,'왕운중','중1',2026,'1학기','midterm','수학',94,NULL,'',0,'2026-05-04 07:43:35','2026-05-04 14:27:49');
INSERT INTO "school_exam_records" ("id","student_id","class_id","school_name","grade","exam_year","semester","exam_type","subject","score","target_score_snapshot","memo","is_deleted","created_at","updated_at") VALUES('ser_1777880615691_2_s05','s05',NULL,'왕운중','중1',2026,'1학기','midterm','수학',85.5,NULL,'',0,'2026-05-04 07:43:35','2026-05-04 14:27:49');
INSERT INTO "school_exam_records" ("id","student_id","class_id","school_name","grade","exam_year","semester","exam_type","subject","score","target_score_snapshot","memo","is_deleted","created_at","updated_at") VALUES('ser_1777880615691_3_s01','s01',NULL,'왕운중','중1',2026,'1학기','midterm','수학',90,NULL,'',0,'2026-05-04 07:43:35','2026-05-04 14:27:49');
INSERT INTO "school_exam_records" ("id","student_id","class_id","school_name","grade","exam_year","semester","exam_type","subject","score","target_score_snapshot","memo","is_deleted","created_at","updated_at") VALUES('ser_1777880615691_4_s02','s02',NULL,'왕운중','중1',2026,'1학기','midterm','수학',83,NULL,'',0,'2026-05-04 07:43:35','2026-05-04 14:27:49');
INSERT INTO "school_exam_records" ("id","student_id","class_id","school_name","grade","exam_year","semester","exam_type","subject","score","target_score_snapshot","memo","is_deleted","created_at","updated_at") VALUES('ser_1777880615691_5_s08','s08',NULL,'왕운중','중1',2026,'1학기','midterm','수학',76.5,NULL,'',0,'2026-05-04 07:43:35','2026-05-04 14:27:49');
INSERT INTO "school_exam_records" ("id","student_id","class_id","school_name","grade","exam_year","semester","exam_type","subject","score","target_score_snapshot","memo","is_deleted","created_at","updated_at") VALUES('ser_1777880615691_6_s07','s07',NULL,'왕운중','중1',2026,'1학기','midterm','수학',70.5,NULL,'',0,'2026-05-04 07:43:35','2026-05-04 14:27:49');
INSERT INTO "school_exam_records" ("id","student_id","class_id","school_name","grade","exam_year","semester","exam_type","subject","score","target_score_snapshot","memo","is_deleted","created_at","updated_at") VALUES('ser_1777880615691_7_7021','s_1777286037021',NULL,'왕운중','중1',2026,'1학기','midterm','수학',77.5,NULL,'',0,'2026-05-04 07:43:35','2026-05-04 14:27:49');
INSERT INTO "school_exam_records" ("id","student_id","class_id","school_name","grade","exam_year","semester","exam_type","subject","score","target_score_snapshot","memo","is_deleted","created_at","updated_at") VALUES('ser_1777880615691_8_s09','s09',NULL,'왕의중','중1',2026,'1학기','midterm','수학',80.5,NULL,'',0,'2026-05-04 07:43:35','2026-05-04 14:27:49');
INSERT INTO "school_exam_records" ("id","student_id","class_id","school_name","grade","exam_year","semester","exam_type","subject","score","target_score_snapshot","memo","is_deleted","created_at","updated_at") VALUES('ser_1777880615691_9_s06','s06',NULL,'왕운중','중1',2026,'1학기','midterm','수학',50.5,NULL,'',0,'2026-05-04 07:43:35','2026-05-04 14:27:49');
INSERT INTO "school_exam_records" ("id","student_id","class_id","school_name","grade","exam_year","semester","exam_type","subject","score","target_score_snapshot","memo","is_deleted","created_at","updated_at") VALUES('ser_1777880615691_10_s10','s10',NULL,'왕운중','중1',2026,'1학기','midterm','수학',100,NULL,'',0,'2026-05-04 07:43:35','2026-05-04 14:27:49');
INSERT INTO "school_exam_records" ("id","student_id","class_id","school_name","grade","exam_year","semester","exam_type","subject","score","target_score_snapshot","memo","is_deleted","created_at","updated_at") VALUES('ser_1777985200665_0_s17','s17',NULL,'동산중','중2',2026,'1학기','midterm','수학',95,NULL,'',0,'2026-05-05 12:46:40','2026-05-05 12:46:40');
INSERT INTO "school_exam_records" ("id","student_id","class_id","school_name","grade","exam_year","semester","exam_type","subject","score","target_score_snapshot","memo","is_deleted","created_at","updated_at") VALUES('ser_1777985200665_1_s13','s13',NULL,'왕운중','중2',2026,'1학기','midterm','수학',76,NULL,'',0,'2026-05-05 12:46:40','2026-05-05 12:46:40');
INSERT INTO "school_exam_records" ("id","student_id","class_id","school_name","grade","exam_year","semester","exam_type","subject","score","target_score_snapshot","memo","is_deleted","created_at","updated_at") VALUES('ser_1777985200665_2_s15','s15',NULL,'왕의중','중2',2026,'1학기','midterm','수학',75,NULL,'',0,'2026-05-05 12:46:40','2026-05-05 12:46:40');
INSERT INTO "school_exam_records" ("id","student_id","class_id","school_name","grade","exam_year","semester","exam_type","subject","score","target_score_snapshot","memo","is_deleted","created_at","updated_at") VALUES('ser_1777985200665_3_s16','s16',NULL,'왕운중','중2',2026,'1학기','midterm','수학',25,NULL,'',0,'2026-05-05 12:46:40','2026-05-05 12:46:40');
INSERT INTO "school_exam_records" ("id","student_id","class_id","school_name","grade","exam_year","semester","exam_type","subject","score","target_score_snapshot","memo","is_deleted","created_at","updated_at") VALUES('ser_1777985200665_4_s14','s14',NULL,'왕운중','중2',2026,'1학기','midterm','수학',80,NULL,'',0,'2026-05-05 12:46:40','2026-05-05 12:46:40');
INSERT INTO "school_exam_records" ("id","student_id","class_id","school_name","grade","exam_year","semester","exam_type","subject","score","target_score_snapshot","memo","is_deleted","created_at","updated_at") VALUES('ser_1777985250251_0_s22','s22',NULL,'왕운중','중3',2026,'1학기','midterm','수학',84,NULL,'',0,'2026-05-05 12:47:30','2026-05-05 12:47:30');
INSERT INTO "school_exam_records" ("id","student_id","class_id","school_name","grade","exam_year","semester","exam_type","subject","score","target_score_snapshot","memo","is_deleted","created_at","updated_at") VALUES('ser_1777985250251_1_s21','s21',NULL,'왕운중','중3',2026,'1학기','midterm','수학',80,NULL,'',0,'2026-05-05 12:47:30','2026-05-05 12:47:30');
INSERT INTO "school_exam_records" ("id","student_id","class_id","school_name","grade","exam_year","semester","exam_type","subject","score","target_score_snapshot","memo","is_deleted","created_at","updated_at") VALUES('ser_1777985250251_2_s19','s19',NULL,'삼산중','중3',2026,'1학기','midterm','수학',80,NULL,'',0,'2026-05-05 12:47:30','2026-05-05 12:47:30');
INSERT INTO "school_exam_records" ("id","student_id","class_id","school_name","grade","exam_year","semester","exam_type","subject","score","target_score_snapshot","memo","is_deleted","created_at","updated_at") VALUES('ser_1777985250251_4_s20','s20',NULL,'왕운중','중3',2026,'1학기','midterm','수학',84,NULL,'',0,'2026-05-05 12:47:30','2026-05-05 12:47:30');
INSERT INTO "school_exam_records" ("id","student_id","class_id","school_name","grade","exam_year","semester","exam_type","subject","score","target_score_snapshot","memo","is_deleted","created_at","updated_at") VALUES('ser_1777985250251_5_s25','s25',NULL,'왕운중','중3',2026,'1학기','midterm','수학',80,NULL,'',0,'2026-05-05 12:47:30','2026-05-05 12:47:30');
INSERT INTO "school_exam_records" ("id","student_id","class_id","school_name","grade","exam_year","semester","exam_type","subject","score","target_score_snapshot","memo","is_deleted","created_at","updated_at") VALUES('ser_1777985250251_6_s28','s28',NULL,'왕운중','중3',2026,'1학기','midterm','수학',70,NULL,'',0,'2026-05-05 12:47:30','2026-05-05 12:47:30');
INSERT INTO "school_exam_records" ("id","student_id","class_id","school_name","grade","exam_year","semester","exam_type","subject","score","target_score_snapshot","memo","is_deleted","created_at","updated_at") VALUES('ser_1777985250251_7_s26','s26',NULL,'왕운중','중3',2026,'1학기','midterm','수학',50,NULL,'',0,'2026-05-05 12:47:30','2026-05-05 12:47:30');
INSERT INTO "school_exam_records" ("id","student_id","class_id","school_name","grade","exam_year","semester","exam_type","subject","score","target_score_snapshot","memo","is_deleted","created_at","updated_at") VALUES('ser_1777985250251_8_s23','s23',NULL,'매산중','중3',2026,'1학기','midterm','수학',85,NULL,'',0,'2026-05-05 12:47:30','2026-05-05 12:47:30');
INSERT INTO "school_exam_records" ("id","student_id","class_id","school_name","grade","exam_year","semester","exam_type","subject","score","target_score_snapshot","memo","is_deleted","created_at","updated_at") VALUES('ser_1777985250251_9_s29','s29',NULL,'왕운중','중3',2026,'1학기','midterm','수학',78,NULL,'',0,'2026-05-05 12:47:30','2026-05-05 12:47:30');
INSERT INTO "school_exam_records" ("id","student_id","class_id","school_name","grade","exam_year","semester","exam_type","subject","score","target_score_snapshot","memo","is_deleted","created_at","updated_at") VALUES('ser_1777985250251_10_s27','s27',NULL,'왕운중','중3',2026,'1학기','midterm','수학',56,NULL,'',0,'2026-05-05 12:47:30','2026-05-05 12:47:30');
INSERT INTO "school_exam_records" ("id","student_id","class_id","school_name","grade","exam_year","semester","exam_type","subject","score","target_score_snapshot","memo","is_deleted","created_at","updated_at") VALUES('ser_1777985250251_11_s24','s24',NULL,'왕운중','중3',2026,'1학기','midterm','수학',81,NULL,'',0,'2026-05-05 12:47:30','2026-05-05 12:47:30');
CREATE TABLE student_plans (
  id TEXT PRIMARY KEY,
  student_id TEXT NOT NULL,
  plan_date TEXT NOT NULL,
  title TEXT NOT NULL,
  subject TEXT,
  is_done INTEGER DEFAULT 0,
  repeat_rule TEXT,
  created_at TEXT DEFAULT (datetime('now','localtime')),
  updated_at TEXT DEFAULT (datetime('now','localtime')),
  FOREIGN KEY (student_id) REFERENCES students(id)
);
CREATE TABLE planner_feedback (
  id TEXT PRIMARY KEY,
  student_id TEXT NOT NULL,
  feedback_date TEXT NOT NULL,
  teacher_comment TEXT,
  badge TEXT,
  completion_rate INTEGER,
  created_at TEXT DEFAULT (datetime('now','localtime')),
  updated_at TEXT DEFAULT (datetime('now','localtime')),
  FOREIGN KEY (student_id) REFERENCES students(id)
);
DELETE FROM sqlite_sequence;
INSERT INTO "sqlite_sequence" ("name","seq") VALUES('wrong_answers',251);
CREATE INDEX idx_consultations_student_id ON consultations(student_id);
CREATE INDEX idx_consultations_date ON consultations(date);
CREATE INDEX idx_operation_memos_date ON operation_memos(memo_date);
CREATE INDEX idx_operation_memos_done ON operation_memos(is_done);
CREATE INDEX idx_exam_schedules_date ON exam_schedules(exam_date);
CREATE INDEX idx_exam_schedules_school ON exam_schedules(school_name);
CREATE INDEX idx_tcls_teacher ON teacher_classes(teacher_id);
CREATE UNIQUE INDEX idx_students_student_pin ON students(student_pin) WHERE student_pin IS NOT NULL AND student_pin != '';
CREATE INDEX idx_exam_blueprints_archive_file ON exam_blueprints(archive_file);
CREATE INDEX idx_exam_blueprints_standard_unit_key ON exam_blueprints(standard_unit_key);
CREATE INDEX idx_exam_blueprints_concept_cluster_key ON exam_blueprints(concept_cluster_key);
CREATE INDEX idx_class_exam_assignments_class
ON class_exam_assignments(class_id);
CREATE INDEX idx_class_exam_assignments_date
ON class_exam_assignments(exam_date);
CREATE INDEX idx_daily_journals_date ON daily_journals(date);
CREATE INDEX idx_daily_journals_teacher ON daily_journals(teacher_name);
CREATE INDEX idx_class_textbooks_class_id ON class_textbooks(class_id);
CREATE INDEX idx_class_textbooks_status ON class_textbooks(status);
CREATE INDEX idx_class_textbooks_class_status ON class_textbooks(class_id, status);
CREATE INDEX idx_class_daily_records_class_date ON class_daily_records(class_id, date);
CREATE INDEX idx_class_daily_records_date ON class_daily_records(date);
CREATE INDEX idx_class_daily_progress_class_id ON class_daily_progress(class_id);
CREATE INDEX idx_class_daily_progress_textbook_id ON class_daily_progress(textbook_id);
CREATE INDEX idx_plans_student_date
  ON student_plans(student_id, plan_date);
CREATE INDEX idx_planner_feedback_student_date
  ON planner_feedback(student_id, feedback_date);
CREATE UNIQUE INDEX idx_planner_feedback_unique_student_date
  ON planner_feedback(student_id, feedback_date);
