assetPath,assetSha256,byteCount,viewBox,preserveAspectRatio,primitiveCounts,staticXmlStatus,forbiddenNodes,observedFactHash
archive/assets/images/21_복성고_2학기_중간_고1_기출/q01-solution.svg,3ba9493f3f177491cc02be1224b1f4e9cb77defa824c9494947126d721e199c0,4454,0 0 720 360,xMidYMid meet,"{""svg"":1,""circle"":3,""ellipse"":0,""line"":15,""polyline"":0,""polygon"":0,""path"":0,""rect"":3,""text"":20,""g"":0,""defs"":0,""use"":0,""image"":0,""foreignObject"":0,""script"":0}",STATIC_ROOT_SHAPE_PASS,,1c5823e4bd052b8dbe60bf159f083d35bf894bbd8e6bf79131a7bc5f8ccbe87b
archive/assets/images/21_복성고_2학기_중간_고1_기출/q02-solution.svg,fd5c52380f608d530b426562733fa5323a56d06adc6e9c43868dd47a11c6bf9c,1818,0 0 640 280,,"{""svg"":1,""circle"":3,""ellipse"":0,""line"":6,""polyline"":0,""polygon"":0,""path"":0,""rect"":3,""text"":11,""g"":3,""defs"":0,""use"":0,""image"":0,""foreignObject"":0,""script"":0}",STATIC_ROOT_SHAPE_PASS,,c57c5d84dbec9722335258b6f3cee94c6bd87ab5802d6902051f589de52cd107
archive/assets/images/21_복성고_2학기_중간_고1_기출/q09-solution.svg,73dc0fae0b4fb52c9ea325903e91ed51985801ee93300528418b9c1d15429808,1552,0 0 640 280,,"{""svg"":1,""circle"":2,""ellipse"":0,""line"":4,""polyline"":0,""polygon"":0,""path"":0,""rect"":3,""text"":11,""g"":3,""defs"":0,""use"":0,""image"":0,""foreignObject"":0,""script"":0}",STATIC_ROOT_SHAPE_PASS,,6c3884cf9d76748f6a3c9afe4bc725362443b50a6dd375f38d6901a9eb91369e
archive/assets/images/21_복성고_2학기_중간_고1_기출/q16-solution.svg,86c5dde7fa75056c1a71108655ea6be443230ee02e7df923a42067c7a1b780f2,7149,0 0 720 360,xMidYMid meet,"{""svg"":1,""circle"":5,""ellipse"":0,""line"":28,""polyline"":0,""polygon"":1,""path"":0,""rect"":3,""text"":32,""g"":0,""defs"":0,""use"":0,""image"":0,""foreignObject"":0,""script"":0}",STATIC_ROOT_SHAPE_PASS,,9936ee999cd3c96aa0d3e71f675c05d0cd8430666a39d00f524b9ada940ecf61
archive/assets/images/21_순천고_2학기_중간_고1_기출/q09-solution.svg,d50d6f3ef13c657440b64045e12cb0471f581c1369fe1e6ccf4a73ddcb9d7a1d,6490,0 0 720 380,xMidYMid meet,"{""svg"":1,""circle"":10,""ellipse"":0,""line"":19,""polyline"":0,""polygon"":0,""path"":0,""rect"":3,""text"":29,""g"":0,""defs"":0,""use"":0,""image"":0,""foreignObject"":0,""script"":0}",STATIC_ROOT_SHAPE_PASS,,a63b3de26c4273be0dbe61f444105bf0c9fbf7d434175b18b71c5f56d0eaf66c
archive/assets/images/21_순천고_2학기_중간_고1_기출/q20-solution.svg,7e3a2b572513c978c8229d411d2413152486f527dda83cf2c25b0de0b985caec,4331,0 0 720 360,xMidYMid meet,"{""svg"":1,""circle"":2,""ellipse"":0,""line"":15,""polyline"":0,""polygon"":0,""path"":0,""rect"":3,""text"":18,""g"":0,""defs"":0,""use"":0,""image"":0,""foreignObject"":0,""script"":0}",STATIC_ROOT_SHAPE_PASS,,1619df6b98da417d8e05c3f9947aebc6a4935c054488df301feab956013d8541
archive/assets/images/21_제일고_2학기_중간_고1_기출/q18-solution.svg,10c93531a55813ee0318d3164ab2272e3ad618907303087f602cc9167768c2ee,5714,0 0 720 360,xMidYMid meet,"{""svg"":1,""circle"":3,""ellipse"":0,""line"":23,""polyline"":0,""polygon"":0,""path"":0,""rect"":3,""text"":27,""g"":0,""defs"":0,""use"":0,""image"":0,""foreignObject"":0,""script"":0}",STATIC_ROOT_SHAPE_PASS,,0974ad66b35c52922df5d8bb697f5691c90b852d730b770f396d2f5a920bda85
archive/assets/images/22_강남여고_2학기_중간_고1_기출/q16-solution.svg,9753bc898af3b9f4c39b3eab44ce92c817a605d428663400ece263b803e5ca93,3688,0 0 640 300,,"{""svg"":1,""circle"":4,""ellipse"":0,""line"":16,""polyline"":0,""polygon"":0,""path"":0,""rect"":3,""text"":15,""g"":1,""defs"":0,""use"":0,""image"":0,""foreignObject"":0,""script"":0}",STATIC_ROOT_SHAPE_PASS,,e6d1bb4a1d6666884c847d5cd187a1190b6e3b9787830531624e7de68a77ea79
archive/assets/images/22_금당고_1학기_기말_고1_기출/q06-solution.svg,13ddd7999b84769216d84d405462c6aaeb8251b57148fff0fca74123e0c7cc4f,3568,0 0 640 280,,"{""svg"":1,""circle"":4,""ellipse"":0,""line"":19,""polyline"":0,""polygon"":0,""path"":0,""rect"":3,""text"":14,""g"":1,""defs"":0,""use"":0,""image"":0,""foreignObject"":0,""script"":0}",STATIC_ROOT_SHAPE_PASS,,8eef33f520697a62ac4b81f1933e13ef00cec44b4b0be6c146b498e726c08593
archive/assets/images/22_금당고_1학기_기말_고1_기출/q11-solution.svg,66e884eb2fa75fea5f248244984cce6ff5fad703fa24e92c7e7647f15ccc436f,7054,0 0 720 360,xMidYMid meet,"{""svg"":1,""circle"":5,""ellipse"":0,""line"":29,""polyline"":0,""polygon"":0,""path"":0,""rect"":3,""text"":36,""g"":0,""defs"":0,""use"":0,""image"":0,""foreignObject"":0,""script"":0}",STATIC_ROOT_SHAPE_PASS,,fedb2d0f9a204ffd86c51bf422216f8b7401244be934d106125219492f4c7233
archive/assets/images/22_금당고_1학기_기말_고1_기출/q12-solution.svg,024daddd840a23e9215aee23d651daf373c03be63ee6e4a8c4477e18ca9ca5f9,3643,0 0 640 280,,"{""svg"":1,""circle"":6,""ellipse"":0,""line"":20,""polyline"":0,""polygon"":0,""path"":0,""rect"":3,""text"":13,""g"":1,""defs"":0,""use"":0,""image"":0,""foreignObject"":0,""script"":0}",STATIC_ROOT_SHAPE_PASS,,70cc4cb801ba23b50de9e9c7779958f0a566f440bfe682a9a19558a88c6b998f
archive/assets/images/22_금당고_1학기_기말_고1_기출/q21-solution.svg,bac06d1a56080aeea72d333cb1816e2c826cc1aa809fd1baa41934a0e0ef3c75,4060,0 0 640 340,,"{""svg"":1,""circle"":6,""ellipse"":0,""line"":26,""polyline"":0,""polygon"":0,""path"":0,""rect"":3,""text"":13,""g"":1,""defs"":0,""use"":0,""image"":0,""foreignObject"":0,""script"":0}",STATIC_ROOT_SHAPE_PASS,,2d8d8f252dd0b5875ed2dcb82bdd9e72a4b5edd60c9205f0fe22b545c1308582
archive/assets/images/22_매산고_1학기_기말_고1_기출/q05-solution.svg,cf91be701d9fa061a62c8d28833c5cdfe1aac97f976af243d5f58be785908746,3267,0 0 640 300,,"{""svg"":1,""circle"":2,""ellipse"":0,""line"":16,""polyline"":0,""polygon"":0,""path"":0,""rect"":3,""text"":13,""g"":1,""defs"":0,""use"":0,""image"":0,""foreignObject"":0,""script"":0}",STATIC_ROOT_SHAPE_PASS,,af27a2961e8cf5d73e2656737fd98d4c0f061944d274895c7ec9964362474fa7
archive/assets/images/22_매산고_1학기_기말_고1_기출/q10-solution.svg,afcd2104a13cb764593da2aae90abb4f90478c89685165ccc2f2512c97e517c7,7922,0 0 720 360,xMidYMid meet,"{""svg"":1,""circle"":6,""ellipse"":0,""line"":33,""polyline"":0,""polygon"":0,""path"":0,""rect"":3,""text"":39,""g"":0,""defs"":0,""use"":0,""image"":0,""foreignObject"":0,""script"":0}",STATIC_ROOT_SHAPE_PASS,,062602b40418ee0bc74bf1d6d69dbbfa069e379a02ccdc4b4221f0705ec7e59d
archive/assets/images/22_매산고_1학기_기말_고1_기출/q14-solution.svg,d837800ecdd19ca3e00d2f9a9c4a933e4fe5d5f955846070b2bd5d961ce869e6,3908,0 0 640 300,,"{""svg"":1,""circle"":5,""ellipse"":0,""line"":19,""polyline"":0,""polygon"":0,""path"":0,""rect"":3,""text"":15,""g"":1,""defs"":0,""use"":0,""image"":0,""foreignObject"":0,""script"":0}",STATIC_ROOT_SHAPE_PASS,,f7308d23f29855d1ad1d4fddbfce115fe43981046b8fc303458b16c746645240
archive/assets/images/22_매산고_1학기_기말_고1_기출/q18-solution.svg,22f10365b138dba9dd9cecb9c1aae36816a8cc6682823e3a5f2826b176108c90,3864,0 0 640 300,,"{""svg"":1,""circle"":4,""ellipse"":0,""line"":20,""polyline"":0,""polygon"":0,""path"":0,""rect"":3,""text"":15,""g"":1,""defs"":0,""use"":0,""image"":0,""foreignObject"":0,""script"":0}",STATIC_ROOT_SHAPE_PASS,,5864caac6429252de62018125fb871c83601355aa3125a7115670289884bf36b
archive/assets/images/22_매산고_1학기_기말_고1_기출/q19-solution.svg,33ed13dae6c8bccfe5fdce29ee849cb3513229cc417fc08927ea5b3bd6855751,4394,0 0 640 320,,"{""svg"":1,""circle"":8,""ellipse"":0,""line"":18,""polyline"":0,""polygon"":0,""path"":0,""rect"":3,""text"":16,""g"":1,""defs"":0,""use"":0,""image"":0,""foreignObject"":0,""script"":0}",STATIC_ROOT_SHAPE_PASS,,424a7578d7b1646783df07c9fe5af7827db9b9d0e7a411d5acd9433ff8781c26
archive/assets/images/22_복성고_1학기_기말_고1_기출/q03-solution.svg,8f63bf4e89956f27e257490103fb9a9af1bca79c884fbd1688df06cdcd475531,7374,0 0 720 360,xMidYMid meet,"{""svg"":1,""circle"":4,""ellipse"":0,""line"":32,""polyline"":0,""polygon"":0,""path"":0,""rect"":3,""text"":38,""g"":0,""defs"":0,""use"":0,""image"":0,""foreignObject"":0,""script"":0}",STATIC_ROOT_SHAPE_PASS,,92283ea769be25bf36563164d21a0189dd2e36cfc6d5bc177c18360dc592f7eb
archive/assets/images/22_복성고_1학기_기말_고1_기출/q12-solution.svg,bed80bcccb6e533a7e79ad6f79092ea5c0bc92d443f78c9c2d8116ccc6d284dc,3295,0 0 640 280,,"{""svg"":1,""circle"":4,""ellipse"":0,""line"":15,""polyline"":0,""polygon"":0,""path"":0,""rect"":3,""text"":13,""g"":1,""defs"":0,""use"":0,""image"":0,""foreignObject"":0,""script"":0}",STATIC_ROOT_SHAPE_PASS,,48f4c16b38d53cfe14ee54c1bc7299603125693f56245826f244947b8c9e21bc
archive/assets/images/22_복성고_1학기_기말_고1_기출/q15-solution.svg,5160d53a4523e29b12338788bc129fae7ab8e1cce22ad14464d108d0df54da55,3671,0 0 640 280,,"{""svg"":1,""circle"":6,""ellipse"":0,""line"":18,""polyline"":0,""polygon"":0,""path"":0,""rect"":3,""text"":13,""g"":1,""defs"":0,""use"":0,""image"":0,""foreignObject"":0,""script"":0}",STATIC_ROOT_SHAPE_PASS,,38e35efa0d44520e74ea9774f076c3cc1c945276a775d1597a339fb8845e1425
archive/assets/images/22_순천여고_1학기_기말_고1_기출/q04-solution.svg,fc921e1da3ce8cd588f8b6cd096774fc0f3404326bac60d6333d321bb987ff7e,4196,0 0 640 300,,"{""svg"":1,""circle"":4,""ellipse"":0,""line"":24,""polyline"":0,""polygon"":0,""path"":0,""rect"":3,""text"":16,""g"":1,""defs"":0,""use"":0,""image"":0,""foreignObject"":0,""script"":0}",STATIC_ROOT_SHAPE_PASS,,019d4bd3eeff1c089e3e215d0df7c27e36cab0654a2530f1c8ab7588fbdc2553
archive/assets/images/22_순천여고_1학기_기말_고1_기출/q05-solution.svg,a518ceb3a63f27ccc0f0445399f31cf17ae24e5e5ff5e954eceeb7643ee21fa9,3503,0 0 640 300,,"{""svg"":1,""circle"":2,""ellipse"":0,""line"":20,""polyline"":0,""polygon"":0,""path"":0,""rect"":3,""text"":13,""g"":1,""defs"":0,""use"":0,""image"":0,""foreignObject"":0,""script"":0}",STATIC_ROOT_SHAPE_PASS,,287156cb5c3c8091a81bdc8e63327e087a59607225910ef93141f64e82a17df4
archive/assets/images/22_순천여고_1학기_기말_고1_기출/q07-solution.svg,54d29816fcbd572638943175ea473959819b2787c7b2903f6ff39c6d216d5097,4209,0 0 640 300,,"{""svg"":1,""circle"":5,""ellipse"":0,""line"":27,""polyline"":0,""polygon"":0,""path"":0,""rect"":3,""text"":14,""g"":1,""defs"":0,""use"":0,""image"":0,""foreignObject"":0,""script"":0}",STATIC_ROOT_SHAPE_PASS,,e8c7d6f1b09794fba55734d093c4241f5889874d5d9d7aa2b8b28cb979ae4e09
archive/assets/images/22_순천여고_1학기_기말_고1_기출/q08-solution.svg,9f0e2712aaf4a5f4b3f19560717fedfe9fd588ee699c191400acb9fc1220d635,4178,0 0 640 300,,"{""svg"":1,""circle"":4,""ellipse"":0,""line"":30,""polyline"":0,""polygon"":0,""path"":0,""rect"":3,""text"":13,""g"":1,""defs"":0,""use"":0,""image"":0,""foreignObject"":0,""script"":0}",STATIC_ROOT_SHAPE_PASS,,881df877124f72fda71a6b65acee03e7ab89f18d0a570f2e0f111803406382ef
archive/assets/images/22_순천여고_1학기_기말_고1_기출/q12-solution.svg,1fa193007f3524f5cc00cfbe7f83e377d86fbc81a36dec4ffb0f7a1e573335ec,6720,0 0 720 360,xMidYMid meet,"{""svg"":1,""circle"":3,""ellipse"":0,""line"":29,""polyline"":0,""polygon"":0,""path"":0,""rect"":3,""text"":34,""g"":0,""defs"":0,""use"":0,""image"":0,""foreignObject"":0,""script"":0}",STATIC_ROOT_SHAPE_PASS,,e0e3b6b970ea51590d52653dc3066117d339cf30f1f71d2aeaca985e1bbcfb37
archive/assets/images/22_순천여고_1학기_기말_고1_기출/q17-solution.svg,c0d5722f4838b23649dfd6a06f42d482418ccf6090423dec4b5beb2afd8f6ef8,4318,0 0 640 320,,"{""svg"":1,""circle"":5,""ellipse"":0,""line"":25,""polyline"":0,""polygon"":0,""path"":0,""rect"":3,""text"":16,""g"":1,""defs"":0,""use"":0,""image"":0,""foreignObject"":0,""script"":0}",STATIC_ROOT_SHAPE_PASS,,6a246364cec59bd51c2980b13f493169bc2f4d22ae3eba86b383297763abe478
archive/assets/images/22_순천여고_1학기_기말_고1_기출/q23-solution.svg,f3894dc8daaa249bdce97e195ce83946106d7160041d7366e912c9e610d4df48,6288,0 0 720 360,xMidYMid meet,"{""svg"":1,""circle"":5,""ellipse"":0,""line"":24,""polyline"":0,""polygon"":0,""path"":0,""rect"":3,""text"":31,""g"":0,""defs"":0,""use"":0,""image"":0,""foreignObject"":0,""script"":0}",STATIC_ROOT_SHAPE_PASS,,9c021207ef7fcf7b2ad1d771c2d3e814bb1e7a7bbcd5649032e4a3b66354bf6d
archive/assets/images/22_순천여고_2학기_기말_고1_기출/q09-solution.svg,3a0343be04ea02ac98b31313f26227d79a427e1e879db37ed6943be0d0e43d1c,4163,0 0 640 280,,"{""svg"":1,""circle"":4,""ellipse"":0,""line"":21,""polyline"":0,""polygon"":0,""path"":0,""rect"":3,""text"":16,""g"":1,""defs"":0,""use"":0,""image"":0,""foreignObject"":0,""script"":0}",STATIC_ROOT_SHAPE_PASS,,ac217cd30d174a68299a5e5abee41cd38fb7e98560e901f548257bfaabb5271d
archive/assets/images/22_제일고_1학기_기말_고1_기출/q13-solution.svg,f54e248a3d48e9606b7069080259368a1024561425a33000aeb3f6abfe58d013,5544,0 0 720 360,xMidYMid meet,"{""svg"":1,""circle"":3,""ellipse"":0,""line"":22,""polyline"":0,""polygon"":0,""path"":0,""rect"":3,""text"":27,""g"":0,""defs"":0,""use"":0,""image"":0,""foreignObject"":0,""script"":0}",STATIC_ROOT_SHAPE_PASS,,61fbc3a7e9a79bab3018ec85985191eda13ae655e4659ac4c9ae0e658ace4a2c
archive/assets/images/22_제일고_1학기_기말_고1_기출/q14-solution.svg,ead25b028c3bdd7c6cfc75031a3d0e187cffc3c218d439c7f73685d14f0c8212,5036,0 0 720 360,xMidYMid meet,"{""svg"":1,""circle"":5,""ellipse"":0,""line"":16,""polyline"":0,""polygon"":0,""path"":0,""rect"":3,""text"":22,""g"":0,""defs"":0,""use"":0,""image"":0,""foreignObject"":0,""script"":0}",STATIC_ROOT_SHAPE_PASS,,9a1ccb74dd4acac297bbfa6b8d36dfe1a5997c208c1bbdc20ff85763de5819d2
archive/assets/images/22_제일고_1학기_기말_고1_기출/q15-solution.svg,627f0b3d3563947e36f207df3d4b8cdb9413a1c88e940727dbb9c4024d77d034,4291,0 0 640 300,,"{""svg"":1,""circle"":4,""ellipse"":0,""line"":28,""polyline"":0,""polygon"":0,""path"":0,""rect"":3,""text"":15,""g"":1,""defs"":0,""use"":0,""image"":0,""foreignObject"":0,""script"":0}",STATIC_ROOT_SHAPE_PASS,,ab8b105740b6f22773c8fd3ef4a83b297fee39afe8929554bf64b8c743b1514b
archive/assets/images/22_제일고_1학기_기말_고1_기출/q16-solution.svg,49d9e2e0c89a83a60ce0a5af9fc479ef079ec7dbe14e4644d2cf0119707bf7eb,4037,0 0 640 300,xMidYMid meet,"{""svg"":1,""circle"":9,""ellipse"":0,""line"":15,""polyline"":0,""polygon"":0,""path"":0,""rect"":3,""text"":20,""g"":3,""defs"":0,""use"":0,""image"":0,""foreignObject"":0,""script"":0}",STATIC_ROOT_SHAPE_PASS,,e5ae2f7b502f85de63702fc88742746587a37d076f74f3206238e07a9df85d37
archive/assets/images/22_제일고_1학기_기말_고1_기출/q17-solution.svg,31362127125cbb6d8de5ee5a765af38b291d6b900c674eab3d7946a3d69c389e,7525,0 0 720 360,xMidYMid meet,"{""svg"":1,""circle"":4,""ellipse"":0,""line"":33,""polyline"":0,""polygon"":0,""path"":0,""rect"":3,""text"":37,""g"":0,""defs"":0,""use"":0,""image"":0,""foreignObject"":0,""script"":0}",STATIC_ROOT_SHAPE_PASS,,49bd6d5905cb0ad8be1a91ad58b5ea1e99eba9074e1df7696f8a3aff54563e7c
archive/assets/images/22_제일고_1학기_기말_고1_기출/q18-solution.svg,d6f318846b0b52d439bb08c8e1a0d01556995f92360c5541bc915f6455ad167d,3759,0 0 640 300,,"{""svg"":1,""circle"":3,""ellipse"":0,""line"":26,""polyline"":0,""polygon"":0,""path"":0,""rect"":3,""text"":13,""g"":1,""defs"":0,""use"":0,""image"":0,""foreignObject"":0,""script"":0}",STATIC_ROOT_SHAPE_PASS,,46eff447ce36e295f67eabdb04dbb8bc6fed0cb1f39ec4f00b301d5960239cd4
archive/assets/images/22_제일고_1학기_기말_고1_기출/q20-solution.svg,558dfd450f6bdc59e47832f757f5d4ed07bdafe7e35120f29cffbd009ba7da7a,3907,0 0 640 300,,"{""svg"":1,""circle"":3,""ellipse"":0,""line"":27,""polyline"":0,""polygon"":0,""path"":0,""rect"":3,""text"":13,""g"":1,""defs"":0,""use"":0,""image"":0,""foreignObject"":0,""script"":0}",STATIC_ROOT_SHAPE_PASS,,0bbd62a37274dfeb15241a8b6644c87472bfd114ffc799c5284b203d4699e40b
archive/assets/images/22_제일고_1학기_기말_고1_기출/q21-solution.svg,94fdaa18c20a640db85d1c15a815ee1e8ccc746cca64bdfa01e030f36870b9c7,4252,0 0 640 300,,"{""svg"":1,""circle"":6,""ellipse"":0,""line"":29,""polyline"":0,""polygon"":0,""path"":0,""rect"":3,""text"":14,""g"":1,""defs"":0,""use"":0,""image"":0,""foreignObject"":0,""script"":0}",STATIC_ROOT_SHAPE_PASS,,c4d6e48a043ac277a127dd496bc5102f275c76b542bb394fb9073c959162850b
archive/assets/images/22_제일고_1학기_기말_고1_기출/q22-solution.svg,6989c41df17a7395925b17cf82d708cf94f86f97b0288fc8ff0bfa6209dcfe69,4326,0 0 640 320,,"{""svg"":1,""circle"":2,""ellipse"":0,""line"":32,""polyline"":0,""polygon"":1,""path"":0,""rect"":3,""text"":15,""g"":1,""defs"":0,""use"":0,""image"":0,""foreignObject"":0,""script"":0}",STATIC_ROOT_SHAPE_PASS,,befb4d8d37a1aa9fd5e976d3be222a11c0f387a6894ebd5c6aefe6d3197b9cb5
archive/assets/images/22_팔마고_1학기_기말_고1_기출/q06-solution.svg,ee7e45e9f8949ce21f8c7bdaa44706614a74611ae7a5b80684ba9dd34ddceb23,5081,0 0 720 360,xMidYMid meet,"{""svg"":1,""circle"":3,""ellipse"":0,""line"":19,""polyline"":0,""polygon"":0,""path"":0,""rect"":3,""text"":24,""g"":0,""defs"":0,""use"":0,""image"":0,""foreignObject"":0,""script"":0}",STATIC_ROOT_SHAPE_PASS,,9297f26aa51dedb8b11c213fdb8b6ad2e1c95aaddd7aa4b41dfc8aa2fc95e4be
archive/assets/images/22_팔마고_1학기_기말_고1_기출/q07-solution.svg,280c26fe8ac09816a3d0d1ab17d5c4c35b77af1000031d8f645e15e41e9ae118,3367,0 0 640 280,,"{""svg"":1,""circle"":4,""ellipse"":0,""line"":20,""polyline"":0,""polygon"":0,""path"":0,""rect"":3,""text"":12,""g"":1,""defs"":0,""use"":0,""image"":0,""foreignObject"":0,""script"":0}",STATIC_ROOT_SHAPE_PASS,,0daf00dd426eda2b8aa8a2f45dfd5e2ceefe04b604ccdeeee82cc74101801ec0
archive/assets/images/22_팔마고_1학기_기말_고1_기출/q15-solution.svg,93625b931a7deb7c418f9623629d333da432678b2084de94b3307662ed76cc12,3505,0 0 640 300,,"{""svg"":1,""circle"":2,""ellipse"":0,""line"":20,""polyline"":0,""polygon"":0,""path"":0,""rect"":3,""text"":13,""g"":1,""defs"":0,""use"":0,""image"":0,""foreignObject"":0,""script"":0}",STATIC_ROOT_SHAPE_PASS,,d08e3af626e52819255fb62e8fab2cb57e6fc393a0f1de4ff591f0b532dbeae8
archive/assets/images/22_팔마고_1학기_기말_고1_기출/q19-solution.svg,d3c38319df6bf71d9c7a009f86c0873f2a9d34116da506711293e6cfa04b0c8c,5346,0 0 720 360,xMidYMid meet,"{""svg"":1,""circle"":3,""ellipse"":0,""line"":20,""polyline"":0,""polygon"":0,""path"":0,""rect"":3,""text"":25,""g"":0,""defs"":0,""use"":0,""image"":0,""foreignObject"":0,""script"":0}",STATIC_ROOT_SHAPE_PASS,,182227c09ea2be5d412e448291fd39ed2369ded0f1c655d5546bf820dd86ac22
archive/assets/images/22_효천고_1학기_기말_고1_기출/q14-solution.svg,a14fe40fbf3c8d40918512f18cdf159f053460774fb543a4e673212e4df1953e,6689,0 0 720 360,xMidYMid meet,"{""svg"":1,""circle"":4,""ellipse"":0,""line"":27,""polyline"":0,""polygon"":0,""path"":0,""rect"":3,""text"":33,""g"":0,""defs"":0,""use"":0,""image"":0,""foreignObject"":0,""script"":0}",STATIC_ROOT_SHAPE_PASS,,96cf44db9c44fd5a97ce39a0cbd191f8048865431d37c7785debf026bff52012
archive/assets/images/22_효천고_1학기_기말_고1_기출/q17-solution.svg,c081a40eb62a727254d6c1edcd234a41f188b1030591572e462f8befe2167b05,3737,0 0 640 320,,"{""svg"":1,""circle"":3,""ellipse"":0,""line"":19,""polyline"":0,""polygon"":0,""path"":0,""rect"":3,""text"":15,""g"":1,""defs"":0,""use"":0,""image"":0,""foreignObject"":0,""script"":0}",STATIC_ROOT_SHAPE_PASS,,1a1348681caf29104951608e8c7a37b55c309d55482c1bf1418a4a804efb266a
archive/assets/images/22_효천고_1학기_기말_고1_기출/q19-solution.svg,b4bc3d4b27b2830594d3b15bb7ae36bba68305d60d7093e7a9c4a7033a51d369,4160,0 0 640 300,,"{""svg"":1,""circle"":5,""ellipse"":0,""line"":23,""polyline"":0,""polygon"":0,""path"":0,""rect"":3,""text"":16,""g"":1,""defs"":0,""use"":0,""image"":0,""foreignObject"":0,""script"":0}",STATIC_ROOT_SHAPE_PASS,,6a1fbee77c63ec98011e13d67e6b88eeaa4c779f961378fd87dd10f5e9ac6381
archive/assets/images/23_강남여고_1학기_기말_고1_기출/q06-solution.svg,1ddd8a6a4b014df68e9b7024de29f48115bc2e5cbbc50eb0e2bb623b2f511516,3508,0 0 640 280,,"{""svg"":1,""circle"":3,""ellipse"":0,""line"":16,""polyline"":0,""polygon"":0,""path"":0,""rect"":3,""text"":13,""g"":1,""defs"":0,""use"":0,""image"":0,""foreignObject"":0,""script"":0}",STATIC_ROOT_SHAPE_PASS,,f7fc1853e055716bda2a507a8285525113e3cd5b774440de25bf8a55338df5f9
archive/assets/images/23_강남여고_1학기_기말_고1_기출/q14-solution.svg,828bfc7f702d80291c9ca8e25b46314277c20e0d4374b2ffbe9f520429613c25,3802,0 0 640 280,,"{""svg"":1,""circle"":4,""ellipse"":0,""line"":19,""polyline"":0,""polygon"":0,""path"":0,""rect"":3,""text"":15,""g"":1,""defs"":0,""use"":0,""image"":0,""foreignObject"":0,""script"":0}",STATIC_ROOT_SHAPE_PASS,,055b2c163a3ef4dfc3cebb2d4ebd340864629ce0d33d4cec2a203aa97e6ecad2
archive/assets/images/23_강남여고_1학기_기말_고1_기출/q15-solution.svg,59537a1b3795488adfb7ae4b1266ae80c9d8dc57693277925950aa2d96c87689,4157,0 0 640 280,,"{""svg"":1,""circle"":4,""ellipse"":0,""line"":24,""polyline"":1,""polygon"":0,""path"":0,""rect"":3,""text"":15,""g"":1,""defs"":0,""use"":0,""image"":0,""foreignObject"":0,""script"":0}",STATIC_ROOT_SHAPE_PASS,,769dd8847452217ec5ac6e277f5c10a900b393fdcb3e1d5e7fb4809e69dcc732
archive/assets/images/23_강남여고_1학기_기말_고1_기출/q21-solution.svg,6dc316f603801422670e92187a93b3c13040c4b1d742cf881fab5bbadd6b6fba,5607,0 0 640 300,,"{""svg"":1,""circle"":8,""ellipse"":0,""line"":32,""polyline"":0,""polygon"":0,""path"":0,""rect"":3,""text"":19,""g"":1,""defs"":0,""use"":0,""image"":0,""foreignObject"":0,""script"":0}",STATIC_ROOT_SHAPE_PASS,,f723defbd6acb5df34eeb261e39e4d1d2e0e5c45294f8002c4e710df055b6e9e
archive/assets/images/23_금당고_1학기_기말_고1_기출/q06-solution.svg,96363e856072ddca808060c279b8b0b0976cdfea301b1d9ba4f9526022924219,5181,0 0 640 280,,"{""svg"":1,""circle"":2,""ellipse"":0,""line"":38,""polyline"":0,""polygon"":0,""path"":0,""rect"":3,""text"":10,""g"":0,""defs"":0,""use"":0,""image"":0,""foreignObject"":0,""script"":0}",STATIC_ROOT_SHAPE_PASS,,9164082fb31ffe4c146000a3a6d2e0e53d7dd4b5c32ea02d374143459a950922
archive/assets/images/23_금당고_1학기_기말_고1_기출/q09-solution.svg,1f4fccdcfbaf4aacfd260e752b179e46c29f86a6296d1b5ee70501c2a0bece78,5650,0 0 640 280,,"{""svg"":1,""circle"":4,""ellipse"":0,""line"":39,""polyline"":0,""polygon"":0,""path"":0,""rect"":3,""text"":12,""g"":0,""defs"":0,""use"":0,""image"":0,""foreignObject"":0,""script"":0}",STATIC_ROOT_SHAPE_PASS,,48471e041233c7e6416098898cce040130da08bf6cab9d130ad50f7a91e858bf
archive/assets/images/23_금당고_1학기_기말_고1_기출/q15-solution.svg,337dbdb89ff14cc429da936acb64ee30aaa3d9dcfe2dbfc45ac0c110e2d92ccc,5962,0 0 640 280,,"{""svg"":1,""circle"":4,""ellipse"":0,""line"":40,""polyline"":0,""polygon"":0,""path"":0,""rect"":3,""text"":12,""g"":0,""defs"":0,""use"":0,""image"":0,""foreignObject"":0,""script"":0}",STATIC_ROOT_SHAPE_PASS,,7308340d5486d14edd308be4ab6447ef76a8f50f0b21d86925f5c422a46b215a
archive/assets/images/23_금당고_1학기_기말_고1_기출/q19-solution.svg,f130322619cabc6cc2ce2e0bb368f4047f4c1414be0222563730186722d0b005,2977,0 0 640 280,,"{""svg"":1,""circle"":5,""ellipse"":0,""line"":2,""polyline"":0,""polygon"":0,""path"":0,""rect"":3,""text"":16,""g"":0,""defs"":0,""use"":0,""image"":0,""foreignObject"":0,""script"":0}",STATIC_ROOT_SHAPE_PASS,,1607312bd53f46a619cba539b02a1aff5c6393c20df59ca5f4d1803c9db11fa3
archive/assets/images/23_금당고_1학기_기말_고1_기출/q21-solution.svg,9111aaf07b2398ba6c7953c4b7c837e52ada64504714bb24efa3b47fa2f4974e,5395,0 0 640 280,,"{""svg"":1,""circle"":2,""ellipse"":0,""line"":40,""polyline"":0,""polygon"":0,""path"":0,""rect"":3,""text"":10,""g"":0,""defs"":0,""use"":0,""image"":0,""foreignObject"":0,""script"":0}",STATIC_ROOT_SHAPE_PASS,,0986219415855e0d33869601a10cd3e6e1d40bc8749283ef5bbcfbb5a87ebe9b
archive/assets/images/23_금당고_2학기_중간_고1_기출/q21-solution.svg,d1123657756ab05a894add68078b5026dadd90e6306e7d5b34df91d3a578898d,4418,0 0 640 300,,"{""svg"":1,""circle"":3,""ellipse"":0,""line"":13,""polyline"":0,""polygon"":0,""path"":2,""rect"":3,""text"":21,""g"":1,""defs"":0,""use"":0,""image"":0,""foreignObject"":0,""script"":0}",STATIC_ROOT_SHAPE_PASS,,8b1490d611e317e129635aed57f6a5d5e5c841b54507fe7358c3653c1d43ab25
archive/assets/images/23_매산고_1학기_기말_고1_기출/q06-solution.svg,8abd9033a97694b30efc5e422ec70469f83e6d8648dbdc2b6e78508e9f85048d,3074,0 0 640 280,,"{""svg"":1,""circle"":7,""ellipse"":0,""line"":3,""polyline"":0,""polygon"":0,""path"":0,""rect"":3,""text"":15,""g"":0,""defs"":0,""use"":0,""image"":0,""foreignObject"":0,""script"":0}",STATIC_ROOT_SHAPE_PASS,,20d802871db0d8cbf4dcfe03c694875328a36e56049098b80aad9286276ec7ce
archive/assets/images/23_매산고_1학기_기말_고1_기출/q12-solution.svg,c342a8dee2de9d827d619627fdc0ddbe5372d98f9f0785d0f108a6af88dce188,5615,0 0 640 280,,"{""svg"":1,""circle"":4,""ellipse"":0,""line"":40,""polyline"":0,""polygon"":0,""path"":0,""rect"":3,""text"":11,""g"":0,""defs"":0,""use"":0,""image"":0,""foreignObject"":0,""script"":0}",STATIC_ROOT_SHAPE_PASS,,341225e252ea09ca196a5098c44b67df1b9b0e0c1605d92acc080b5c40bda971
archive/assets/images/23_매산고_1학기_기말_고1_기출/q14-solution.svg,ca9febeb4e089dbb4caaf74e30377844ef6d700986edbd5ab0b119e70e3e9c11,6704,0 0 720 360,xMidYMid meet,"{""svg"":1,""circle"":5,""ellipse"":0,""line"":25,""polyline"":0,""polygon"":1,""path"":0,""rect"":3,""text"":31,""g"":0,""defs"":0,""use"":0,""image"":0,""foreignObject"":0,""script"":0}",STATIC_ROOT_SHAPE_PASS,,e9e660d9f2754443491ff0ddfbf4f58a623b8c9ff88d7474e1fa7b5676505096
archive/assets/images/23_복성고_1학기_기말_고1_기출/q12-solution.svg,4d3a49e54c250fdc7f1aaab74b1627b96f2a6a3f3273c09b7e1bf5c8cef57842,5245,0 0 640 280,,"{""svg"":1,""circle"":3,""ellipse"":0,""line"":38,""polyline"":0,""polygon"":0,""path"":0,""rect"":3,""text"":10,""g"":0,""defs"":0,""use"":0,""image"":0,""foreignObject"":0,""script"":0}",STATIC_ROOT_SHAPE_PASS,,604315af570d2931419a995fa51fc4fb3a584c59e6607227598d9b6702c906fd
archive/assets/images/23_복성고_1학기_기말_고1_기출/q13-solution.svg,a12c847f51f050a8640b3503cce9dcfdeda719d2c4c974713ea045b72b0265ed,5488,0 0 640 280,,"{""svg"":1,""circle"":2,""ellipse"":0,""line"":40,""polyline"":0,""polygon"":0,""path"":0,""rect"":3,""text"":11,""g"":0,""defs"":0,""use"":0,""image"":0,""foreignObject"":0,""script"":0}",STATIC_ROOT_SHAPE_PASS,,612e17659aba8029107b780984e49940065c49fd3e8dbd4c783432e235470049
archive/assets/images/23_복성고_1학기_기말_고1_기출/q19-solution.svg,56975044bf294ca141207c291fb7a53386b2cb4001d47768dabb5ce047f6285c,5733,0 0 720 380,xMidYMid meet,"{""svg"":1,""circle"":5,""ellipse"":0,""line"":20,""polyline"":0,""polygon"":0,""path"":0,""rect"":3,""text"":25,""g"":0,""defs"":0,""use"":0,""image"":0,""foreignObject"":0,""script"":0}",STATIC_ROOT_SHAPE_PASS,,032c29c237be50881e19c29a6b5690356d2ea418955fc6f17049ab5af494bc70
archive/assets/images/23_복성고_1학기_기말_고1_기출/q20-solution.svg,77f3b782079f2cda049224ce2eda2b97006ad7a1ab0a82744d6a23a50783cd9e,5264,0 0 720 380,xMidYMid meet,"{""svg"":1,""circle"":6,""ellipse"":0,""line"":16,""polyline"":0,""polygon"":0,""path"":0,""rect"":3,""text"":24,""g"":0,""defs"":0,""use"":0,""image"":0,""foreignObject"":0,""script"":0}",STATIC_ROOT_SHAPE_PASS,,8cf475f6963a9b8b93a3f8cc2e5e557ca6f96346f2bbd22eccfd95fe5fbedff6
archive/assets/images/23_복성고_1학기_기말_고1_기출/q22-solution.svg,5d42f2f548810eea0f117b6fc9212e2b4ec1c7aa6c3f44778175ca04600746dc,5836,0 0 640 280,,"{""svg"":1,""circle"":4,""ellipse"":0,""line"":44,""polyline"":0,""polygon"":0,""path"":0,""rect"":3,""text"":10,""g"":0,""defs"":0,""use"":0,""image"":0,""foreignObject"":0,""script"":0}",STATIC_ROOT_SHAPE_PASS,,7f6a998ef2e4d53a487481b96951f51b43bce9a2ec9c0e51bc254ec7b44f1e7b
archive/assets/images/23_순천여고_1학기_기말_고1_기출/q05-solution.svg,b4f00ee8ebe53e4e2c483d60ac006339d2c6f038669bb01f213c0c28d730d8ce,5141,0 0 640 280,,"{""svg"":1,""circle"":2,""ellipse"":0,""line"":38,""polyline"":0,""polygon"":0,""path"":0,""rect"":3,""text"":10,""g"":0,""defs"":0,""use"":0,""image"":0,""foreignObject"":0,""script"":0}",STATIC_ROOT_SHAPE_PASS,,c141c278f7bf252545acba71ec8ba42f630ca5081559bdb9724eb03b3ca03e8d
archive/assets/images/23_순천여고_1학기_기말_고1_기출/q06-solution.svg,222e783e383be2cfa756651fcff62653ba3548029dc3c8ba906199b065c038dc,2543,0 0 640 280,,"{""svg"":1,""circle"":3,""ellipse"":0,""line"":3,""polyline"":0,""polygon"":0,""path"":1,""rect"":4,""text"":11,""g"":0,""defs"":1,""use"":0,""image"":0,""foreignObject"":0,""script"":0}",STATIC_ROOT_SHAPE_PASS,,16933dea72c8bcf47e7e0f40a5dde15a03769567651cf41594c14321c9945297
archive/assets/images/23_순천여고_1학기_기말_고1_기출/q09-solution.svg,19fdc36c933f9932c83d3cc8dc813d2cb1338267bda2b41a30fe38055e223567,5910,0 0 720 360,xMidYMid meet,"{""svg"":1,""circle"":2,""ellipse"":0,""line"":25,""polyline"":0,""polygon"":0,""path"":0,""rect"":3,""text"":30,""g"":0,""defs"":0,""use"":0,""image"":0,""foreignObject"":0,""script"":0}",STATIC_ROOT_SHAPE_PASS,,23a1615de25bea7c1ca521c5e70b4eedc8f01294fdcc28993204cc7ee4aa377d
archive/assets/images/23_순천여고_1학기_기말_고1_기출/q12-solution.svg,b13e69dccdf4d42f2c3eea7c549d59a50b15322a0e2504766afb3d8d4fef4af0,5196,0 0 640 280,,"{""svg"":1,""circle"":2,""ellipse"":0,""line"":38,""polyline"":0,""polygon"":0,""path"":0,""rect"":3,""text"":10,""g"":0,""defs"":0,""use"":0,""image"":0,""foreignObject"":0,""script"":0}",STATIC_ROOT_SHAPE_PASS,,455816ccebb0ee1f29e535b4d0a49c71f51c14fd0b9e703ce278d96b05473b5e
archive/assets/images/23_순천여고_1학기_기말_고1_기출/q15-solution.svg,03f1eb53fdda1f20c2077a5545574be731d08781b904ba9e43befc10f5ef876a,5673,0 0 720 360,xMidYMid meet,"{""svg"":1,""circle"":4,""ellipse"":0,""line"":21,""polyline"":0,""polygon"":0,""path"":0,""rect"":3,""text"":27,""g"":0,""defs"":0,""use"":0,""image"":0,""foreignObject"":0,""script"":0}",STATIC_ROOT_SHAPE_PASS,,0d9eb6910e1af42da63b039435a9c17ebbbedcb7b2ed7f10e6f4de3db8254a72
archive/assets/images/23_순천여고_1학기_기말_고1_기출/q16-solution.svg,0135d8618d5ace015b14df55da995be35af0fd53813d0e6987cad82e1e10ec2c,7436,0 0 720 360,xMidYMid meet,"{""svg"":1,""circle"":3,""ellipse"":0,""line"":33,""polyline"":0,""polygon"":0,""path"":0,""rect"":3,""text"":37,""g"":0,""defs"":0,""use"":0,""image"":0,""foreignObject"":0,""script"":0}",STATIC_ROOT_SHAPE_PASS,,59f61441bbcd9be9f99642811cb00d4330fe93b5733d6532139af34f7df79fe5
archive/assets/images/23_순천여고_1학기_기말_고1_기출/q18-solution.svg,de9621323f44a238b96d92c48745d0fef9292cabbf53e597db90996ef7cdd6e1,5102,0 0 640 280,,"{""svg"":1,""circle"":2,""ellipse"":0,""line"":39,""polyline"":0,""polygon"":0,""path"":0,""rect"":3,""text"":9,""g"":0,""defs"":0,""use"":0,""image"":0,""foreignObject"":0,""script"":0}",STATIC_ROOT_SHAPE_PASS,,581ec8c69c69c537d7cb8003db5822fcd2c81f762ee9ab97895a981c690ec0f7
archive/assets/images/23_순천여고_2학기_중간_고1_기출/q13-solution.svg,87e92e30593bf76d5590d9df6f8bc993bbaf818bac52802b06196ccd60afca7e,2970,0 0 640 280,,"{""svg"":1,""circle"":2,""ellipse"":0,""line"":6,""polyline"":0,""polygon"":0,""path"":0,""rect"":3,""text"":15,""g"":0,""defs"":0,""use"":0,""image"":0,""foreignObject"":0,""script"":0}",STATIC_ROOT_SHAPE_PASS,,327a7a6ef8ff9a02fd15f954e3ead8e8133e76f92e5e427a179093eab9116c8e
archive/assets/images/23_순천여고_2학기_중간_고1_기출/q17-solution.svg,959f6a976aca979df0c1070c7ab68866c895e5e9534c9b33c06d87279d368bc6,3323,0 0 640 280,,"{""svg"":1,""circle"":5,""ellipse"":0,""line"":3,""polyline"":1,""polygon"":1,""path"":1,""rect"":3,""text"":17,""g"":0,""defs"":0,""use"":0,""image"":0,""foreignObject"":0,""script"":0}",STATIC_ROOT_SHAPE_PASS,,be6c22cd0fc50ad4f2b922a4b51250843f76340bfbffe5a841b203bae3aa2fa5
archive/assets/images/23_제일고_1학기_기말_고1_기출/q10-solution.svg,1701661571bc5a3b83d8a910da1b89ca12738e098947a2d64eef3570fe13a32b,5436,0 0 640 280,,"{""svg"":1,""circle"":4,""ellipse"":0,""line"":39,""polyline"":0,""polygon"":0,""path"":0,""rect"":3,""text"":10,""g"":0,""defs"":0,""use"":0,""image"":0,""foreignObject"":0,""script"":0}",STATIC_ROOT_SHAPE_PASS,,e30ec91527a7757c3620ebbc7d6a9634a0f4755e3bdf42eb73057fff0c177642
archive/assets/images/23_제일고_1학기_기말_고1_기출/q11-solution.svg,bdcada63c04726e3154600364ebb513e82c9bc1dcf92eef47c50eba8e51e8bd8,5122,0 0 640 280,,"{""svg"":1,""circle"":2,""ellipse"":0,""line"":37,""polyline"":0,""polygon"":0,""path"":0,""rect"":3,""text"":10,""g"":0,""defs"":0,""use"":0,""image"":0,""foreignObject"":0,""script"":0}",STATIC_ROOT_SHAPE_PASS,,ad32c700c5c164ceba44569f66a8ee2168ac4cd96c50b32e63bd618738f15d35
archive/assets/images/23_제일고_1학기_기말_고1_기출/q12-solution.svg,c68745ac56d48ddb700bc1d3ce9fdf25bc91271ac755c1a0dc9e7ff03d549039,5292,0 0 640 280,,"{""svg"":1,""circle"":2,""ellipse"":0,""line"":39,""polyline"":0,""polygon"":0,""path"":0,""rect"":3,""text"":10,""g"":0,""defs"":0,""use"":0,""image"":0,""foreignObject"":0,""script"":0}",STATIC_ROOT_SHAPE_PASS,,9e7367c7e4587c63998b71fe722c9c25b433c93d08c17cd07e208741e8e994ca
archive/assets/images/23_제일고_1학기_기말_고1_기출/q14-solution.svg,8173c08a061fb40a3338e57eb4cfc8ee309903389c72b96dacb2d2788294fac4,5569,0 0 720 360,xMidYMid meet,"{""svg"":1,""circle"":4,""ellipse"":0,""line"":20,""polyline"":0,""polygon"":0,""path"":0,""rect"":3,""text"":25,""g"":0,""defs"":0,""use"":0,""image"":0,""foreignObject"":0,""script"":0}",STATIC_ROOT_SHAPE_PASS,,dee5e6871e70f6088616819413bf06d9e665c5dfc51057b6af8de181ca8c67e5
archive/assets/images/23_제일고_1학기_기말_고1_기출/q15-solution.svg,cae6b0bc3c8784db281d94a3fa8c9564f11eeb7032d58628703431081fa1c7cb,6254,0 0 640 280,,"{""svg"":1,""circle"":2,""ellipse"":0,""line"":51,""polyline"":0,""polygon"":0,""path"":0,""rect"":3,""text"":10,""g"":0,""defs"":0,""use"":0,""image"":0,""foreignObject"":0,""script"":0}",STATIC_ROOT_SHAPE_PASS,,bab30172a8cdff9fe0373da0e2c23a1029c8addf2a2c2f6e7f4384e5551ad8b9
archive/assets/images/23_제일고_1학기_기말_고1_기출/q16-solution.svg,9791ee83828926a2230f3c3e2201d3c9b3f130cbc1452db192d83f6124b551fe,5576,0 0 640 280,,"{""svg"":1,""circle"":4,""ellipse"":0,""line"":40,""polyline"":0,""polygon"":0,""path"":0,""rect"":3,""text"":11,""g"":0,""defs"":0,""use"":0,""image"":0,""foreignObject"":0,""script"":0}",STATIC_ROOT_SHAPE_PASS,,6170462945d3c3d02ca71f48b6442a70a2028582cdc1805f32302eedbba88e5f
archive/assets/images/23_제일고_1학기_기말_고1_기출/q17-solution.svg,af1d61ad5b6593e431485bc4c497caac467ddda6d1204406b424ff66b290f74f,5251,0 0 640 280,,"{""svg"":1,""circle"":2,""ellipse"":0,""line"":39,""polyline"":0,""polygon"":0,""path"":0,""rect"":3,""text"":10,""g"":0,""defs"":0,""use"":0,""image"":0,""foreignObject"":0,""script"":0}",STATIC_ROOT_SHAPE_PASS,,c6d68ed5b46da12aaf4034809d97f52f6cfc9339b135049b04587484fe0bf7cb
archive/assets/images/23_제일고_1학기_기말_고1_기출/q18-solution.svg,964ce6e2c60c6c0b7ad382d0313f4536c35b207de2c7def86caa936b2a739836,11382,0 0 720 360,xMidYMid meet,"{""svg"":1,""circle"":8,""ellipse"":0,""line"":33,""polyline"":1,""polygon"":0,""path"":0,""rect"":3,""text"":41,""g"":0,""defs"":0,""use"":0,""image"":0,""foreignObject"":0,""script"":0}",STATIC_ROOT_SHAPE_PASS,,01145b16799fe142e4149d873daac6633a10a4ba1c41b6fc3cbf8ba506c076c2
archive/assets/images/23_제일고_1학기_기말_고1_기출/q21-solution.svg,e9a7617982f1b8234f28b2f14a9d7ec914d5dc347d67f67bf1a96992c36cb92d,2515,0 0 640 280,,"{""svg"":1,""circle"":4,""ellipse"":0,""line"":3,""polyline"":0,""polygon"":0,""path"":1,""rect"":4,""text"":10,""g"":0,""defs"":1,""use"":0,""image"":0,""foreignObject"":0,""script"":0}",STATIC_ROOT_SHAPE_PASS,,b0bcefe4d659858d23ec8c2ab18afcf39f27ca4467059d2d7da2348f868394e4
archive/assets/images/23_제일고_1학기_기말_고1_기출/q22-solution.svg,1aaa6bcbf0a3806d010ad054f9dc86132427a30e45ec4c43e015259fca21edd7,6335,0 0 720 360,xMidYMid meet,"{""svg"":1,""circle"":6,""ellipse"":0,""line"":23,""polyline"":0,""polygon"":0,""path"":0,""rect"":3,""text"":31,""g"":0,""defs"":0,""use"":0,""image"":0,""foreignObject"":0,""script"":0}",STATIC_ROOT_SHAPE_PASS,,39267be6b9c6464808353c808253718d4c1b441a4b651e2ca08158654845a9d7
archive/assets/images/23_팔마고_1학기_기말_고1_기출/q06-solution.svg,29f6046e6ac07af15f80afce9e479879e377e147c7b52631abeff1c628111fd0,5127,0 0 640 280,,"{""svg"":1,""circle"":2,""ellipse"":0,""line"":38,""polyline"":0,""polygon"":0,""path"":0,""rect"":3,""text"":10,""g"":0,""defs"":0,""use"":0,""image"":0,""foreignObject"":0,""script"":0}",STATIC_ROOT_SHAPE_PASS,,6b939f2aa582a78bad75d8692046a6021888d6b817c3f548e1ef284ff597a294
archive/assets/images/23_팔마고_1학기_기말_고1_기출/q11-solution.svg,5a6b56f41c69e1504c4595f18214157397917431e93014211e8b94f187edd5de,5201,0 0 640 280,,"{""svg"":1,""circle"":1,""ellipse"":0,""line"":39,""polyline"":0,""polygon"":0,""path"":0,""rect"":3,""text"":10,""g"":0,""defs"":0,""use"":0,""image"":0,""foreignObject"":0,""script"":0}",STATIC_ROOT_SHAPE_PASS,,a4a5777f8bae13a77873e7fe86648a2f0a72e5b39e9a3277b288e66cd4569e3d
archive/assets/images/23_팔마고_1학기_기말_고1_기출/q14-solution.svg,7bd2737691a7f833b4d12e3165bd7695292181c8979bfb7ea48c4fb415e2e69a,7229,0 0 720 360,xMidYMid meet,"{""svg"":1,""circle"":6,""ellipse"":0,""line"":29,""polyline"":0,""polygon"":0,""path"":0,""rect"":3,""text"":34,""g"":0,""defs"":0,""use"":0,""image"":0,""foreignObject"":0,""script"":0}",STATIC_ROOT_SHAPE_PASS,,b5b78f23b1616831c42ed4088e3d182276fbb7dc6a15e8e39ad38472eb18ae5b
archive/assets/images/23_팔마고_1학기_기말_고1_기출/q16-solution.svg,eb5f9e731160eeb017160568703a7fc30379afe40e1fe6a7d6d2778bb1972ed3,5393,0 0 640 280,,"{""svg"":1,""circle"":3,""ellipse"":0,""line"":40,""polyline"":0,""polygon"":0,""path"":0,""rect"":3,""text"":10,""g"":0,""defs"":0,""use"":0,""image"":0,""foreignObject"":0,""script"":0}",STATIC_ROOT_SHAPE_PASS,,01bce05d25869a52ec12668445bcbb49c42f38a4603d2522787f42abae7016bf
archive/assets/images/23_팔마고_1학기_기말_고1_기출/q19-solution.svg,483d5314dd4255855dc248dee487ba3184aa91e279f93f54073adaf9dab41447,5418,0 0 640 280,,"{""svg"":1,""circle"":4,""ellipse"":0,""line"":38,""polyline"":0,""polygon"":0,""path"":0,""rect"":3,""text"":11,""g"":0,""defs"":0,""use"":0,""image"":0,""foreignObject"":0,""script"":0}",STATIC_ROOT_SHAPE_PASS,,745dfcf2cc5219a96b6d22deb6d29556d527077ce2ecd2b79fc8bc564199dc69
archive/assets/images/23_팔마고_2학기_중간_고1_기출/q15-solution.svg,9b4c7bf5b2fb187b95bd0667bb1ea399ea25ef1037064c0590e53bde8832a24f,3357,0 0 640 280,,"{""svg"":1,""circle"":6,""ellipse"":0,""line"":7,""polyline"":0,""polygon"":0,""path"":0,""rect"":3,""text"":16,""g"":0,""defs"":0,""use"":0,""image"":0,""foreignObject"":0,""script"":0}",STATIC_ROOT_SHAPE_PASS,,51fbb97ef756ee6f3c91f81f962dff9bb27ff52d702ce216743facfcd18dabf9
archive/assets/images/23_팔마고_2학기_중간_고1_기출/q16-solution.svg,3070f307922ac38dc5596e2bab69b064669279cc87c99bd11ef48c1b2c2cfaca,3189,0 0 640 280,,"{""svg"":1,""circle"":6,""ellipse"":0,""line"":5,""polyline"":0,""polygon"":0,""path"":0,""rect"":3,""text"":14,""g"":0,""defs"":0,""use"":0,""image"":0,""foreignObject"":0,""script"":0}",STATIC_ROOT_SHAPE_PASS,,14c3952b31ea38683f308526600701657905c14d8ecbe6542bbce059fe8d0032
archive/assets/images/23_팔마고_2학기_중간_고1_기출/q18-solution.svg,e9f2880d3fd91379a1363cbb3874bb823f7ba393aa792d173f2b9c41ec3da040,3485,0 0 640 280,,"{""svg"":1,""circle"":5,""ellipse"":0,""line"":6,""polyline"":0,""polygon"":0,""path"":0,""rect"":4,""text"":17,""g"":1,""defs"":1,""use"":0,""image"":0,""foreignObject"":0,""script"":0}",STATIC_ROOT_SHAPE_PASS,,0dc6944fde76184bdc49faeacc43e28e1da404d8872d19db72f07675a0c6cef5
archive/assets/images/24_금당고_1학기_기말_고1_기출/q07-solution.svg,21220c50aee76b29204eaf98fe3f136a021b3fb34e6b4527973d02be2e62549f,5755,0 0 720 360,xMidYMid meet,"{""svg"":1,""circle"":3,""ellipse"":0,""line"":23,""polyline"":0,""polygon"":0,""path"":0,""rect"":3,""text"":29,""g"":0,""defs"":0,""use"":0,""image"":0,""foreignObject"":0,""script"":0}",STATIC_ROOT_SHAPE_PASS,,2d5ce0add32f30749dc6d1948a632d3dfd61b1dbb3120b6815765b12de61e01d
archive/assets/images/24_금당고_1학기_기말_고1_기출/q09-solution.svg,4623908382913f4a9b633ba22c39a9b1601d195f7007643b8869cee41d77d131,7336,0 0 720 360,xMidYMid meet,"{""svg"":1,""circle"":5,""ellipse"":0,""line"":31,""polyline"":0,""polygon"":0,""path"":0,""rect"":3,""text"":35,""g"":0,""defs"":0,""use"":0,""image"":0,""foreignObject"":0,""script"":0}",STATIC_ROOT_SHAPE_PASS,,5b91010705d8d8edc6dd4b5325991460ec5839ed38c59946ad19a2b42472ca08
archive/assets/images/24_금당고_1학기_기말_고1_기출/q16-solution.svg,81149750e42494792f55f031a29499efd3b4ad40e4f706dedb0d083a8b9b1dfa,4713,0 0 720 360,xMidYMid meet,"{""svg"":1,""circle"":6,""ellipse"":0,""line"":12,""polyline"":0,""polygon"":0,""path"":0,""rect"":3,""text"":19,""g"":0,""defs"":0,""use"":0,""image"":0,""foreignObject"":0,""script"":0}",STATIC_ROOT_SHAPE_PASS,,79d7f898469918c3164ae80035f0805e5ddf7aa1484ea7c0e892fde34f428c73
archive/assets/images/24_금당고_1학기_기말_고1_기출/q20-solution.svg,4c6d8599881335480f341ebf062da7c3842d3acff70550067e8bf48eb4e01ba7,8351,0 0 720 360,xMidYMid meet,"{""svg"":1,""circle"":4,""ellipse"":0,""line"":15,""polyline"":1,""polygon"":0,""path"":0,""rect"":3,""text"":22,""g"":0,""defs"":0,""use"":0,""image"":0,""foreignObject"":0,""script"":0}",STATIC_ROOT_SHAPE_PASS,,c58d98029128449b11fb41c2707a6631214272ebfcbda28f9fda4f9593a152b8
archive/assets/images/24_매산고_1학기_기말_고1_기출/q07-solution.svg,1a201f6564034d507485edb08dda154f1e7f470bcdd33de91463f31df14acd56,6895,0 0 720 360,xMidYMid meet,"{""svg"":1,""circle"":4,""ellipse"":0,""line"":29,""polyline"":0,""polygon"":0,""path"":0,""rect"":3,""text"":35,""g"":0,""defs"":0,""use"":0,""image"":0,""foreignObject"":0,""script"":0}",STATIC_ROOT_SHAPE_PASS,,cc091ff3bbc466fdfc876e137b2711d7442065ddfbae1e27de9934983bf7464f
archive/assets/images/24_매산고_1학기_기말_고1_기출/q09-solution.svg,3873c3728320d1bfb71eeaf3d3bbfacd64bd885629fcb4542312cdc946023ad5,5324,0 0 720 360,xMidYMid meet,"{""svg"":1,""circle"":4,""ellipse"":0,""line"":19,""polyline"":0,""polygon"":0,""path"":0,""rect"":3,""text"":23,""g"":0,""defs"":0,""use"":0,""image"":0,""foreignObject"":0,""script"":0}",STATIC_ROOT_SHAPE_PASS,,a1b233b1dc55375196b0e697fcdf9ad8163a7cd00a8a7a7d2b533107ed38212a
archive/assets/images/24_매산고_1학기_기말_고1_기출/q15-solution.svg,f839e7a9751036e7ce4f21558d1592cef784e76999fce1d92af4498057da7fe8,4733,0 0 720 360,xMidYMid meet,"{""svg"":1,""circle"":3,""ellipse"":0,""line"":16,""polyline"":0,""polygon"":0,""path"":0,""rect"":3,""text"":22,""g"":0,""defs"":0,""use"":0,""image"":0,""foreignObject"":0,""script"":0}",STATIC_ROOT_SHAPE_PASS,,9f5d5510fb5ae1642a545919b75797ebd6fe71483c19cc9c4f9c00e0e06c36d3
archive/assets/images/24_매산고_1학기_기말_고1_기출/q17-solution.svg,239d0b3a0ad9c70a5aec7c5911599046b98a568fce301adc2a84527b5148dc67,5770,0 0 720 360,xMidYMid meet,"{""svg"":1,""circle"":4,""ellipse"":0,""line"":21,""polyline"":0,""polygon"":0,""path"":0,""rect"":3,""text"":25,""g"":0,""defs"":0,""use"":0,""image"":0,""foreignObject"":0,""script"":0}",STATIC_ROOT_SHAPE_PASS,,7a81af13da889258771e0f7a84785171f169e7b63d7694c714857e57734cc4d5
archive/assets/images/24_제일고_1학기_기말_고1_기출/q10-solution.svg,fc9424efc3cd9137fa881b54990d87cd932e546ca0688af4e58cc161325ef949,6084,0 0 720 360,xMidYMid meet,"{""svg"":1,""circle"":3,""ellipse"":0,""line"":25,""polyline"":0,""polygon"":0,""path"":0,""rect"":3,""text"":31,""g"":0,""defs"":0,""use"":0,""image"":0,""foreignObject"":0,""script"":0}",STATIC_ROOT_SHAPE_PASS,,f48c788000b889d2df9ca05714e113fb6e38da655d9dde92db86918a4d3339a8
archive/assets/images/24_제일고_1학기_기말_고1_기출/q12-solution.svg,533764a9d53c6c159f5ff31e7eb5d30cf41fcfe14a855b75441b735d32e22de1,4995,0 0 720 360,xMidYMid meet,"{""svg"":1,""circle"":7,""ellipse"":0,""line"":13,""polyline"":0,""polygon"":0,""path"":0,""rect"":3,""text"":20,""g"":0,""defs"":0,""use"":0,""image"":0,""foreignObject"":0,""script"":0}",STATIC_ROOT_SHAPE_PASS,,a1354f0c5a213b25214129da3a29a993535001087d151df1cf5f2e5a5fd53111
archive/assets/images/24_제일고_1학기_기말_고1_기출/q13-solution.svg,1fedd836e517dd6b510ece7802980e18103deed74872f7f9698682b68df85523,5213,0 0 720 360,xMidYMid meet,"{""svg"":1,""circle"":3,""ellipse"":0,""line"":19,""polyline"":0,""polygon"":0,""path"":0,""rect"":3,""text"":24,""g"":0,""defs"":0,""use"":0,""image"":0,""foreignObject"":0,""script"":0}",STATIC_ROOT_SHAPE_PASS,,0840c89cae27482f04696e1a9dc1dce5c40b9f93887ed3b5ce658a0a24992d7f
archive/assets/images/24_제일고_1학기_기말_고1_기출/q15-solution.svg,c96f470a102190da397ac3440da9a2830fe1e85d0a91a92182e5c8752a84cc44,6858,0 0 720 360,xMidYMid meet,"{""svg"":1,""circle"":2,""ellipse"":0,""line"":30,""polyline"":0,""polygon"":0,""path"":0,""rect"":3,""text"":34,""g"":0,""defs"":0,""use"":0,""image"":0,""foreignObject"":0,""script"":0}",STATIC_ROOT_SHAPE_PASS,,b057f93fb1b6c37c792423e19f0722c1dda342ae5377ed033217e411b0b36df1
archive/assets/images/24_제일고_1학기_기말_고1_기출/q17-solution.svg,2243fb9c9614b4ba9d42e917e93d19e9a6fc858a416c3be6f7ad17696225b17a,5739,0 0 720 360,xMidYMid meet,"{""svg"":1,""circle"":4,""ellipse"":0,""line"":21,""polyline"":0,""polygon"":0,""path"":0,""rect"":3,""text"":27,""g"":0,""defs"":0,""use"":0,""image"":0,""foreignObject"":0,""script"":0}",STATIC_ROOT_SHAPE_PASS,,dca7be1b26b412fb43c2fd18cd41290e41357347cd0c622693a1584f91e73120
archive/assets/images/24_제일고_1학기_기말_고1_기출/q21-solution.svg,8fec7dc1cb38312249bc122a4784851fd21d911aad0e47520792b22ade3a064e,4003,0 0 720 360,xMidYMid meet,"{""svg"":1,""circle"":3,""ellipse"":0,""line"":26,""polyline"":0,""polygon"":0,""path"":0,""rect"":3,""text"":11,""g"":1,""defs"":0,""use"":0,""image"":0,""foreignObject"":0,""script"":0}",STATIC_ROOT_SHAPE_PASS,,0147b9dea8063fe5b58dfc71f869bcb86295b5e858df8ef93f3b69b40d0031e6
archive/assets/images/24_제일고_1학기_기말_고1_기출/q22-solution.svg,01bdb800ef9628f2b0a5ae80bc6d0b59ef12dfe8c43b15a3ead8fee180a52f2c,6893,0 0 720 360,xMidYMid meet,"{""svg"":1,""circle"":6,""ellipse"":0,""line"":27,""polyline"":0,""polygon"":0,""path"":0,""rect"":3,""text"":32,""g"":0,""defs"":0,""use"":0,""image"":0,""foreignObject"":0,""script"":0}",STATIC_ROOT_SHAPE_PASS,,8d6d902fa4cac996ae4ff1c34f747165dbc5bb310f8756426e9543a0cf884eba
archive/assets/images/25_금당고_2학기_기말_고1_기출/q18-solution.svg,552c1c31d66403a3eac603acaf14960626c16a1be2c6d6d9c81e26c7b4a74fe9,6648,0 0 720 360,xMidYMid meet,"{""svg"":1,""circle"":4,""ellipse"":0,""line"":27,""polyline"":0,""polygon"":0,""path"":0,""rect"":3,""text"":32,""g"":0,""defs"":0,""use"":0,""image"":0,""foreignObject"":0,""script"":0}",STATIC_ROOT_SHAPE_PASS,,deca1c54cca2c098c0ca8b839e377bb6a981a3ece60090d6a0ad4b50c618a4c4
archive/assets/images/25_금당고_2학기_중간_고1_기출/q03-solution.svg,c0750e8b9e658f5077dfa939bc0084a6120249a107dbbb19736b44dbcde00a70,5641,0 0 720 360,xMidYMid meet,"{""svg"":1,""circle"":3,""ellipse"":0,""line"":22,""polyline"":0,""polygon"":0,""path"":0,""rect"":3,""text"":28,""g"":0,""defs"":0,""use"":0,""image"":0,""foreignObject"":0,""script"":0}",STATIC_ROOT_SHAPE_PASS,,90e5734f4529d6277f08c4390a1f4f4e49c604db30352823329ad28dfd9b9c13
archive/assets/images/25_금당고_2학기_중간_고1_기출/q04-solution.svg,3f400b35f9ae40a54f863c98734c0c4e194ebe93345879a812084df5184a5115,3699,0 0 720 360,xMidYMid meet,"{""svg"":1,""circle"":1,""ellipse"":0,""line"":12,""polyline"":0,""polygon"":0,""path"":0,""rect"":3,""text"":15,""g"":0,""defs"":0,""use"":0,""image"":0,""foreignObject"":0,""script"":0}",STATIC_ROOT_SHAPE_PASS,,2e9c9f2f21eeb66ec1423b6832240e54d008f19a30f545f6b580ac7406c61695
archive/assets/images/25_금당고_2학기_중간_고1_기출/q08-solution.svg,175871c74391cdb772e081c5354e9fd1118bcee44beb35df6060567f6da8517b,5205,0 0 720 360,xMidYMid meet,"{""svg"":1,""circle"":4,""ellipse"":0,""line"":18,""polyline"":0,""polygon"":0,""path"":0,""rect"":3,""text"":25,""g"":0,""defs"":0,""use"":0,""image"":0,""foreignObject"":0,""script"":0}",STATIC_ROOT_SHAPE_PASS,,bd807b3cda0707436908cab026ebb90dd0df3fed8868d88a15b22525f615b62f
archive/assets/images/25_금당고_2학기_중간_고1_기출/q11-solution.svg,9fc18456f845d3bb26474d37df9df524c346d51af2e3040febf4d248592ccb44,3512,0 0 720 360,xMidYMid meet,"{""svg"":1,""circle"":2,""ellipse"":0,""line"":20,""polyline"":0,""polygon"":0,""path"":0,""rect"":3,""text"":11,""g"":1,""defs"":0,""use"":0,""image"":0,""foreignObject"":0,""script"":0}",STATIC_ROOT_SHAPE_PASS,,58eee98470a86e8a986cd88759c14601d594f5f74bb1845ad722f52a436c9d2a
archive/assets/images/25_금당고_2학기_중간_고1_기출/q12-solution.svg,2bde984f2ce9e70dd19caa48a46a5b889350f205ada0286b669985265e1dbc05,7800,0 0 720 360,xMidYMid meet,"{""svg"":1,""circle"":5,""ellipse"":0,""line"":33,""polyline"":0,""polygon"":0,""path"":0,""rect"":3,""text"":37,""g"":0,""defs"":0,""use"":0,""image"":0,""foreignObject"":0,""script"":0}",STATIC_ROOT_SHAPE_PASS,,dd92fe90dc440c8d8d1a8ffc923ece1a56fc46884e273cacce4034373d24ec5b
archive/assets/images/25_금당고_2학기_중간_고1_기출/q16-solution.svg,5fb2ccec4b5991db34ae14763add6f16fe094324dcfbfe07e3101f28ce8ee94a,5787,0 0 720 360,xMidYMid meet,"{""svg"":1,""circle"":5,""ellipse"":0,""line"":21,""polyline"":0,""polygon"":0,""path"":0,""rect"":3,""text"":26,""g"":0,""defs"":0,""use"":0,""image"":0,""foreignObject"":0,""script"":0}",STATIC_ROOT_SHAPE_PASS,,7977d48c22e67efe9b1d473aab1e81d59c8ebe5c6a14b44d5840c055df40726a
archive/assets/images/25_금당고_2학기_중간_고1_기출/q18-solution.svg,ea9891d815d2f3da9b1ec6660622fea98ea2606ea7f03729b003a89ebf4df835,8132,0 0 720 360,xMidYMid meet,"{""svg"":1,""circle"":15,""ellipse"":0,""line"":22,""polyline"":0,""polygon"":0,""path"":0,""rect"":3,""text"":33,""g"":0,""defs"":0,""use"":0,""image"":0,""foreignObject"":0,""script"":0}",STATIC_ROOT_SHAPE_PASS,,cb971cda35ff7086faaa51d0062d3bdfc16f3f1b94837c9fca60ac5c497d7d24
archive/assets/images/25_금당고_2학기_중간_고1_기출/q19-solution.svg,c12dfbad24479cc1ba7041358feec822295a874bae78d09c83fe9021d457d42c,7016,0 0 720 360,xMidYMid meet,"{""svg"":1,""circle"":8,""ellipse"":0,""line"":24,""polyline"":0,""polygon"":0,""path"":0,""rect"":3,""text"":34,""g"":0,""defs"":0,""use"":0,""image"":0,""foreignObject"":0,""script"":0}",STATIC_ROOT_SHAPE_PASS,,ac4b94e0e38cd6e652e1970b4044fd0c6f756b9f913914bf1caa6aa2eb8f86ee
archive/assets/images/25_금당고_2학기_중간_고1_기출/q21-solution.svg,48b0c67a1a0e90b323af3ce532c492a156e7b8756a291cd8041091da5a27055e,7870,0 0 720 360,xMidYMid meet,"{""svg"":1,""circle"":5,""ellipse"":0,""line"":34,""polyline"":0,""polygon"":0,""path"":0,""rect"":3,""text"":39,""g"":0,""defs"":0,""use"":0,""image"":0,""foreignObject"":0,""script"":0}",STATIC_ROOT_SHAPE_PASS,,f11e4043f310984ec4344005dcc3aadbdafe5151b54f6877c5eedd86475f6063
archive/assets/images/25_매산고_2학기_중간_고1_기출/q07-solution.svg,b4d4003e9ae1a7aa2217aa88efb6f518bda359f5b3b5b45f21ac11ed9649531d,6896,0 0 720 360,xMidYMid meet,"{""svg"":1,""circle"":4,""ellipse"":0,""line"":29,""polyline"":0,""polygon"":0,""path"":0,""rect"":3,""text"":36,""g"":0,""defs"":0,""use"":0,""image"":0,""foreignObject"":0,""script"":0}",STATIC_ROOT_SHAPE_PASS,,03534d32b794241295398d2fc397e93ad86c78d194342099b42b2d4e6b2202af
archive/assets/images/25_매산고_2학기_중간_고1_기출/q10-solution.svg,286bee64f7725108045d4abdd1b7f8038e6f02c4a88886e6d8fb535b229c06f1,5069,0 0 720 360,xMidYMid meet,"{""svg"":1,""circle"":5,""ellipse"":0,""line"":23,""polyline"":0,""polygon"":0,""path"":0,""rect"":3,""text"":16,""g"":1,""defs"":0,""use"":0,""image"":0,""foreignObject"":0,""script"":0}",STATIC_ROOT_SHAPE_PASS,,08c5bd19c9089fdbb362e47c5306d20a643428b8ab90f1f46ac9313f00efadd8
archive/assets/images/25_매산고_2학기_중간_고1_기출/q14-solution.svg,98914a1b8984d2862936f99a663a4f8e1fa31f0e742d01d5a247a7eb3aa8bf1a,6294,0 0 720 360,xMidYMid meet,"{""svg"":1,""circle"":6,""ellipse"":0,""line"":22,""polyline"":0,""polygon"":0,""path"":0,""rect"":3,""text"":28,""g"":0,""defs"":0,""use"":0,""image"":0,""foreignObject"":0,""script"":0}",STATIC_ROOT_SHAPE_PASS,,c1c6bbc79f4e23cba39b7db6b30741d526f2b33f62f3e2272853bf47afa6913f
archive/assets/images/25_매산고_2학기_중간_고1_기출/q18-solution.svg,6023f25049b07c67158dac5eaf0fdf3f7672264431f056263909ed8d8e8fc9e4,7244,0 0 720 360,xMidYMid meet,"{""svg"":1,""circle"":7,""ellipse"":0,""line"":27,""polyline"":0,""polygon"":0,""path"":0,""rect"":3,""text"":33,""g"":0,""defs"":0,""use"":0,""image"":0,""foreignObject"":0,""script"":0}",STATIC_ROOT_SHAPE_PASS,,8ff824580d71539df7498d6725f29759597d38bff8c48ef31ba526544382e8e9
archive/assets/images/25_매산고_2학기_중간_고1_기출/q20-solution.svg,fdfed3b1860bea5860f1d79d0aea15e5c2ae33786bd913faa68e7acf2e792ee2,5714,0 0 720 360,xMidYMid meet,"{""svg"":1,""circle"":6,""ellipse"":0,""line"":19,""polyline"":0,""polygon"":0,""path"":0,""rect"":3,""text"":23,""g"":0,""defs"":0,""use"":0,""image"":0,""foreignObject"":0,""script"":0}",STATIC_ROOT_SHAPE_PASS,,cd0232355bedf025bfdae7006a7ffc87238aee23a66326027db436d285feaca0
archive/assets/images/25_순천고_2학기_중간_고1_기출/q07-solution.svg,f675c8d018106feab77012c506cf5b9b7d16d84ca53d424bb8d360293480ced4,6566,0 0 720 360,xMidYMid meet,"{""svg"":1,""circle"":2,""ellipse"":0,""line"":29,""polyline"":0,""polygon"":0,""path"":0,""rect"":3,""text"":33,""g"":0,""defs"":0,""use"":0,""image"":0,""foreignObject"":0,""script"":0}",STATIC_ROOT_SHAPE_PASS,,f66be81f44f7bbbf857a4a66d6eac4331fa96acadb367ab2c82c4a5645c28cfd
archive/assets/images/25_순천고_2학기_중간_고1_기출/q09-solution.svg,909ea37ac2b3e0c0905d5fdd315966723fe6b284b8fbf9995670532c03a7f01a,7419,0 0 720 360,xMidYMid meet,"{""svg"":1,""circle"":5,""ellipse"":0,""line"":31,""polyline"":0,""polygon"":0,""path"":0,""rect"":3,""text"":37,""g"":0,""defs"":0,""use"":0,""image"":0,""foreignObject"":0,""script"":0}",STATIC_ROOT_SHAPE_PASS,,c05b74a971c2e96a2785b31f312d3fa74e28f4d119e0db638c72c70f56f58927
archive/assets/images/25_순천고_2학기_중간_고1_기출/q10-solution.svg,03e157a76121b957baa56cd009da2e88ffdf5a8fc209c44f86e203d68b42d413,6245,0 0 720 360,xMidYMid meet,"{""svg"":1,""circle"":4,""ellipse"":0,""line"":25,""polyline"":0,""polygon"":0,""path"":0,""rect"":3,""text"":30,""g"":0,""defs"":0,""use"":0,""image"":0,""foreignObject"":0,""script"":0}",STATIC_ROOT_SHAPE_PASS,,9219b7b16d1656f450a8e2971caf270c8ebae125f097cd0b22e9d497e49ea589
archive/assets/images/25_순천고_2학기_중간_고1_기출/q16-solution.svg,cfd4d6f32545b60f54d02c993d6b19f88c3a512eb2323b9b91616deb1c7af292,3210,0 0 640 260,xMidYMid meet,"{""svg"":1,""circle"":6,""ellipse"":0,""line"":4,""polyline"":0,""polygon"":0,""path"":0,""rect"":3,""text"":11,""g"":0,""defs"":0,""use"":0,""image"":0,""foreignObject"":0,""script"":0}",STATIC_ROOT_SHAPE_PASS,,cc22b2a03751e51f540f4343c733c701fd44b7a5e865a086d83cc5e566af82c9
archive/assets/images/25_순천고_2학기_중간_고1_기출/q17-solution.svg,0eba9b9039194e27e531dc70357ea1ae5e17ddf65907f3cbcece01b60f535d15,3490,0 0 640 260,xMidYMid meet,"{""svg"":1,""circle"":5,""ellipse"":0,""line"":8,""polyline"":0,""polygon"":0,""path"":0,""rect"":3,""text"":11,""g"":0,""defs"":0,""use"":0,""image"":0,""foreignObject"":0,""script"":0}",STATIC_ROOT_SHAPE_PASS,,a74325c9b87a042ee38c9c0cca1002483bb399d0e294ad21ffae98b8594946eb
archive/assets/images/25_순천고_2학기_중간_고1_기출/q19-solution.svg,a8aab25ab4a8a6d60df13296111539c4a2be9e98c9c2f25d49ee3a60838f55a5,3241,0 0 640 260,xMidYMid meet,"{""svg"":1,""circle"":5,""ellipse"":0,""line"":5,""polyline"":0,""polygon"":0,""path"":0,""rect"":3,""text"":10,""g"":0,""defs"":0,""use"":0,""image"":0,""foreignObject"":0,""script"":0}",STATIC_ROOT_SHAPE_PASS,,e91790f6bf4d1d053f12711c95d5d46da2e82c5c4598d7c945d856bee3073968
archive/assets/images/25_순천고_2학기_중간_고1_기출/q22-solution.svg,fbb39a0fe749423841e0229c222c03faa6cda7bd530693f233a0942006f55098,3329,0 0 640 280,xMidYMid meet,"{""svg"":1,""circle"":5,""ellipse"":0,""line"":6,""polyline"":0,""polygon"":0,""path"":0,""rect"":3,""text"":12,""g"":0,""defs"":0,""use"":0,""image"":0,""foreignObject"":0,""script"":0}",STATIC_ROOT_SHAPE_PASS,,77545511ec1b25642a01948a9cdc4368c8a5aae1bba9178a95be75be8157b42b
archive/assets/images/25_순천여고_2학기_중간_고1_공통수학2/q14-solution.svg,e8cfd66a5b7aa8c68285ef66a7fc107b63b5bd2c7fdf776aa8fd33fcebc5826a,3397,0 0 720 360,xMidYMid meet,"{""svg"":1,""circle"":2,""ellipse"":0,""line"":12,""polyline"":0,""polygon"":0,""path"":0,""rect"":3,""text"":12,""g"":1,""defs"":0,""use"":0,""image"":0,""foreignObject"":0,""script"":0}",STATIC_ROOT_SHAPE_PASS,,85e678f8b98fad0e9149641380999c8170de4602f194f7352658d3e2740edf40
archive/assets/images/25_순천여고_2학기_중간_고1_공통수학2/q17-solution.svg,911eb50dfb2505072484c4fe43cc31076d6f641432af56c8639a60e43044afe6,6721,0 0 720 360,xMidYMid meet,"{""svg"":1,""circle"":6,""ellipse"":0,""line"":25,""polyline"":0,""polygon"":0,""path"":0,""rect"":3,""text"":33,""g"":0,""defs"":0,""use"":0,""image"":0,""foreignObject"":0,""script"":0}",STATIC_ROOT_SHAPE_PASS,,e59e99c5174b45c7367ebc8a340dd5094f943f231f59e5621a492e0007d81d0d
archive/assets/images/25_순천여고_2학기_중간_고1_공통수학2/q21-solution.svg,9536abf5304c667088afc941f12cd8f2e21096188ec0ab26aa95528f80406031,6837,0 0 720 360,xMidYMid meet,"{""svg"":1,""circle"":5,""ellipse"":0,""line"":28,""polyline"":0,""polygon"":0,""path"":0,""rect"":3,""text"":32,""g"":0,""defs"":0,""use"":0,""image"":0,""foreignObject"":0,""script"":0}",STATIC_ROOT_SHAPE_PASS,,3af15b0a2c38ae25a8b96c8ab4397d1f4a0ac001f83c22fbd70775c4e90889e0
archive/assets/images/25_제일고_2학기_기말_고1_기출/q03-solution.svg,5b78ba67b2a99c458512c8382f7a8789ac0b1621860e32e241d24de295bc3a18,6392,0 0 720 360,xMidYMid meet,"{""svg"":1,""circle"":3,""ellipse"":0,""line"":27,""polyline"":0,""polygon"":0,""path"":0,""rect"":3,""text"":32,""g"":0,""defs"":0,""use"":0,""image"":0,""foreignObject"":0,""script"":0}",STATIC_ROOT_SHAPE_PASS,,3fa1d60aebaca02196f2b3d202ed4c2dffc30881b236ddf9cd84ff3fe5a4375a
archive/assets/images/25_제일고_2학기_기말_고1_기출/q07-solution.svg,9a937c2b00154cd1bae6b387a3b5be5b3ab2c68da80c6a450504ffcb5fdf6c1b,7423,0 0 720 360,xMidYMid meet,"{""svg"":1,""circle"":5,""ellipse"":0,""line"":31,""polyline"":0,""polygon"":0,""path"":0,""rect"":3,""text"":36,""g"":0,""defs"":0,""use"":0,""image"":0,""foreignObject"":0,""script"":0}",STATIC_ROOT_SHAPE_PASS,,6fc155d11764bd55a46d18a6700861f48ea2c66851250d44c64353cc38369a1c
archive/assets/images/25_제일고_2학기_중간_고1_기출/q13-solution.svg,49c79da90967613f7cb4d889a0d1e15d962816f1d46bdbba6ed9cfb121c85279,6871,0 0 720 360,xMidYMid meet,"{""svg"":1,""circle"":2,""ellipse"":0,""line"":31,""polyline"":0,""polygon"":0,""path"":0,""rect"":3,""text"":35,""g"":0,""defs"":0,""use"":0,""image"":0,""foreignObject"":0,""script"":0}",STATIC_ROOT_SHAPE_PASS,,f1559e067ac4fcc09b834fddd9883a1700e8a5a31bb395211d5df4bb1db16703
archive/assets/images/25_제일고_2학기_중간_고1_기출/q16-solution.svg,225105cf1aa0638db8308528cbe8dbc7d4c48b542d0b4a90d41e4c8282ff1e35,3194,0 0 640 300,,"{""svg"":1,""circle"":6,""ellipse"":0,""line"":7,""polyline"":0,""polygon"":0,""path"":0,""rect"":3,""text"":15,""g"":0,""defs"":0,""use"":0,""image"":0,""foreignObject"":0,""script"":0}",STATIC_ROOT_SHAPE_PASS,,cd3b1c5c92f7031d6b5f36589d35934229c055fe94b7f55ce2b7e1406581d263
archive/assets/images/25_제일고_2학기_중간_고1_기출/q17-solution.svg,69cb4376f486aeb490bbfb8d837cca91621074704883c0845325c0550395c2d0,2864,0 0 640 300,,"{""svg"":1,""circle"":6,""ellipse"":0,""line"":3,""polyline"":0,""polygon"":1,""path"":0,""rect"":3,""text"":14,""g"":0,""defs"":0,""use"":0,""image"":0,""foreignObject"":0,""script"":0}",STATIC_ROOT_SHAPE_PASS,,f739e071161c2ee2cc60784b7955dbba85106f394ec8d3831b37c9d8cafdad87
archive/assets/images/25_제일고_2학기_중간_고1_기출/q22-solution.svg,48b7eaf6353b98c1c0433013d5acf20aef62e6480540b610ae904412af5ba988,2961,0 0 640 300,,"{""svg"":1,""circle"":6,""ellipse"":0,""line"":3,""polyline"":0,""polygon"":0,""path"":0,""rect"":3,""text"":15,""g"":0,""defs"":0,""use"":0,""image"":0,""foreignObject"":0,""script"":0}",STATIC_ROOT_SHAPE_PASS,,b3ca3983263f1f18451904c48f75c43230cbb05958b838138a99b3f21f1cf0a9
archive/assets/images/25_효천고_2학기_중간_고1_기출/q03-solution.svg,3208ec847fd87a1907669b72f0b0fb2b795407361335c0ce34bc2fa4fda9cce8,2122,0 0 520 260,,"{""svg"":1,""circle"":3,""ellipse"":0,""line"":9,""polyline"":0,""polygon"":0,""path"":1,""rect"":1,""text"":9,""g"":2,""defs"":0,""use"":0,""image"":0,""foreignObject"":0,""script"":0}",STATIC_ROOT_SHAPE_PASS,,5187c65c0e7511c912173da3c1594c535e6c1b1bcde3ed947bc0f314b7258ed7
archive/assets/images/25_효천고_2학기_중간_고1_기출/q04-solution.svg,e8cffa56d1c16824f73bafa4a4cb5828735f070b6689e033f773682a7b0c791a,2742,0 0 520 280,,"{""svg"":1,""circle"":6,""ellipse"":0,""line"":13,""polyline"":0,""polygon"":0,""path"":1,""rect"":1,""text"":8,""g"":1,""defs"":0,""use"":0,""image"":0,""foreignObject"":0,""script"":0}",STATIC_ROOT_SHAPE_PASS,,f2809163bbe37b3c89a9aa32f11a1dcd4b995bd78c325348338139230cc63bfd
archive/assets/images/25_효천고_2학기_중간_고1_기출/q06-solution.svg,90b44ec322bdde5c740457ab8e3731a9a72b230c41d3b7e2d92feb3a894bed3e,4130,0 0 640 300,,"{""svg"":1,""circle"":6,""ellipse"":0,""line"":19,""polyline"":0,""polygon"":0,""path"":1,""rect"":3,""text"":15,""g"":2,""defs"":0,""use"":0,""image"":0,""foreignObject"":0,""script"":0}",STATIC_ROOT_SHAPE_PASS,,9230a0db07a185496b88a1591d9ccb283df4b0ffb1eafd803969e73f5d0cabaa
archive/assets/images/25_효천고_2학기_중간_고1_기출/q11-solution.svg,d05851bb0476a3a3863bf45b3e29e7a0fe2d699be1fc6b5b66d6aaebac535ed0,3242,0 0 620 300,,"{""svg"":1,""circle"":5,""ellipse"":0,""line"":17,""polyline"":0,""polygon"":0,""path"":1,""rect"":1,""text"":10,""g"":1,""defs"":0,""use"":0,""image"":0,""foreignObject"":0,""script"":0}",STATIC_ROOT_SHAPE_PASS,,777db3c6f128135b1cb751b3af997d84b59a3d45e545e44d8d1cb0f471d7d99d
archive/assets/images/25_효천고_2학기_중간_고1_기출/q22-solution.svg,393fb9ca8aaa69aba39d565f3ace74aa70011125e2ce9bafb194c0507e265a27,2523,0 0 560 300,,"{""svg"":1,""circle"":5,""ellipse"":0,""line"":13,""polyline"":0,""polygon"":0,""path"":1,""rect"":1,""text"":8,""g"":1,""defs"":0,""use"":0,""image"":0,""foreignObject"":0,""script"":0}",STATIC_ROOT_SHAPE_PASS,,81a1aedc2bc180dd348cd02e792056eebc6898f6ce0050ed6771f0bb9d4b0288
