assetPath,observedPolicy,verticalLinePositions,horizontalLinePositions,verticalGaps,horizontalGaps,verticalMedianGap,horizontalMedianGap,relativeScaleError,verdict,finalTriage,semanticFactReview,reviewNote
archive/assets/images/21_복성고_2학기_중간_고1_기출/q01-solution.svg,EQUAL_UNIT,"[107.0, 149.0, 191.0, 233.0, 275.0, 317.0]","[93.0, 135.0, 177.0, 219.0, 261.0, 303.0]","[42.0, 42.0, 42.0, 42.0, 42.0]","[42.0, 42.0, 42.0, 42.0, 42.0]",42.0,42.0,0.0,PASS_EQUAL_UNIT_DECLARED_AND_OBSERVED,PASS_METRIC_SCALE_OBSERVED,NOT_STARTED,
archive/assets/images/21_복성고_2학기_중간_고1_기출/q02-solution.svg,SCHEMATIC_ALLOWED,[180.0],[145.0],[],[],,,,SEMANTIC_SCALE_REVIEW_REQUIRED,PASS_EXPLICIT_SCHEMATIC_EXCEPTION,PASS_EXPLICIT_SCHEMATIC_EXCEPTION,Browser render and source facts show a relational explanatory diagram; exact metric values are printed in the solution panel and are not inferred from pixel distance.
archive/assets/images/21_복성고_2학기_중간_고1_기출/q09-solution.svg,SCHEMATIC_ALLOWED,[100.0],"[78.0, 220.0]",[],[142.0],,142.0,,SEMANTIC_SCALE_REVIEW_REQUIRED,PASS_EXPLICIT_SCHEMATIC_EXCEPTION,PASS_EXPLICIT_SCHEMATIC_EXCEPTION,Browser render and source facts show a relational explanatory diagram; exact metric values are printed in the solution panel and are not inferred from pixel distance.
archive/assets/images/21_복성고_2학기_중간_고1_기출/q16-solution.svg,EQUAL_UNIT,"[72.0, 100.0, 128.0, 156.0, 184.0, 212.0, 240.0, 268.0, 296.0, 324.0, 352.0]","[72.0, 100.0, 128.0, 156.0, 184.0, 212.0, 240.0, 268.0, 296.0, 324.0]","[28.0, 28.0, 28.0, 28.0, 28.0, 28.0, 28.0, 28.0, 28.0, 28.0]","[28.0, 28.0, 28.0, 28.0, 28.0, 28.0, 28.0, 28.0, 28.0]",28.0,28.0,0.0,PASS_EQUAL_UNIT_DECLARED_AND_OBSERVED,PASS_METRIC_SCALE_OBSERVED,NOT_STARTED,
archive/assets/images/21_순천고_2학기_중간_고1_기출/q09-solution.svg,EQUAL_UNIT,"[148.34, 177.28, 206.21, 235.15, 264.09, 293.02]","[95.15, 124.09, 153.02, 181.96, 210.89, 239.83, 268.77, 297.7, 326.64]","[28.94, 28.93, 28.94, 28.94, 28.93]","[28.94, 28.93, 28.94, 28.93, 28.94, 28.94, 28.93, 28.94]",28.94,28.94,0.0,PASS_EQUAL_UNIT_DECLARED_AND_OBSERVED,PASS_METRIC_SCALE_OBSERVED,NOT_STARTED,
archive/assets/images/21_순천고_2학기_중간_고1_기출/q20-solution.svg,EQUAL_UNIT,"[86.0, 132.67, 179.33, 226.0, 272.67, 319.33]","[100.0, 146.67, 193.33, 240.0, 286.67]","[46.67, 46.66, 46.67, 46.67, 46.66]","[46.67, 46.66, 46.67, 46.67]",46.67,46.67,0.0,PASS_EQUAL_UNIT_DECLARED_AND_OBSERVED,PASS_METRIC_SCALE_OBSERVED,NOT_STARTED,
archive/assets/images/21_제일고_2학기_중간_고1_기출/q18-solution.svg,EQUAL_UNIT,"[78.59, 108.24, 137.88, 167.53, 197.18, 226.82, 256.47, 286.12, 315.76, 345.41]","[72.0, 101.65, 131.29, 160.94, 190.59, 220.24, 249.88, 279.53, 309.18]","[29.65, 29.64, 29.65, 29.65, 29.64, 29.65, 29.65, 29.64, 29.65]","[29.65, 29.64, 29.65, 29.65, 29.65, 29.64, 29.65, 29.65]",29.65,29.65,0.0,PASS_EQUAL_UNIT_DECLARED_AND_OBSERVED,PASS_METRIC_SCALE_OBSERVED,NOT_STARTED,
archive/assets/images/22_강남여고_2학기_중간_고1_기출/q16-solution.svg,EQUAL_UNIT,"[90.0, 135.0, 180.0, 225.0, 270.0, 315.0]","[70.0, 115.0, 160.0, 205.0, 208.0, 250.0]","[45.0, 45.0, 45.0, 45.0, 45.0]","[45.0, 45.0, 45.0, 3.0, 42.0]",45.0,45.0,0.0,PASS_EQUAL_UNIT_DECLARED_AND_OBSERVED,PASS_EQUAL_UNIT_REPAIRED,PASS_METRIC_SCALE_REPAIRED,Equal grid spacing was observed; metadata was normalized to EQUAL_UNIT and the SVG root now has preserveAspectRatio=xMidYMid meet.
archive/assets/images/22_금당고_1학기_기말_고1_기출/q06-solution.svg,EQUAL_UNIT,"[32.0, 64.0, 80.0, 96.0, 128.0, 160.0, 192.0, 224.0, 256.0, 288.0]","[104.0, 136.0, 168.0, 178.0, 200.0, 232.0]","[32.0, 16.0, 16.0, 32.0, 32.0, 32.0, 32.0, 32.0, 32.0]","[32.0, 32.0, 10.0, 22.0, 32.0]",32.0,32.0,0.0,PASS_EQUAL_UNIT_DECLARED_AND_OBSERVED,PASS_EQUAL_UNIT_REPAIRED,PASS_METRIC_SCALE_REPAIRED,Equal grid spacing was observed; metadata was normalized to EQUAL_UNIT and the SVG root now has preserveAspectRatio=xMidYMid meet.
archive/assets/images/22_금당고_1학기_기말_고1_기출/q11-solution.svg,EQUAL_UNIT,"[74.55, 97.45, 120.36, 143.27, 166.18, 189.09, 212.0, 234.91, 257.82, 280.73, 303.64, 326.55, 349.45]","[72.0, 94.91, 117.82, 140.73, 163.64, 186.55, 209.45, 232.36, 255.27, 278.18, 301.09, 324.0]","[22.9, 22.91, 22.91, 22.91, 22.91, 22.91, 22.91, 22.91, 22.91, 22.91, 22.91, 22.9]","[22.91, 22.91, 22.91, 22.91, 22.91, 22.9, 22.91, 22.91, 22.91, 22.91, 22.91]",22.91,22.91,0.0,PASS_EQUAL_UNIT_DECLARED_AND_OBSERVED,PASS_METRIC_SCALE_OBSERVED,NOT_STARTED,
archive/assets/images/22_금당고_1학기_기말_고1_기출/q12-solution.svg,EQUAL_UNIT,"[46.0, 80.0, 114.0, 148.0, 182.0, 216.0, 250.0, 284.0, 318.0]","[122.0, 156.0, 190.0, 204.0, 224.0, 258.0]","[34.0, 34.0, 34.0, 34.0, 34.0, 34.0, 34.0, 34.0]","[34.0, 34.0, 14.0, 20.0, 34.0]",34.0,34.0,0.0,PASS_EQUAL_UNIT_DECLARED_AND_OBSERVED,PASS_EQUAL_UNIT_REPAIRED,PASS_METRIC_SCALE_REPAIRED,Equal grid spacing was observed; metadata was normalized to EQUAL_UNIT and the SVG root now has preserveAspectRatio=xMidYMid meet.
archive/assets/images/22_금당고_1학기_기말_고1_기출/q21-solution.svg,SCHEMATIC_ALLOWED,"[36.0, 72.0, 108.0, 144.0, 180.0, 216.0, 240.0, 252.0, 288.0, 324.0]","[94.0, 118.0, 142.0, 166.0, 178.0, 190.0, 214.0, 238.0, 262.0, 286.0]","[36.0, 36.0, 36.0, 36.0, 36.0, 24.0, 12.0, 36.0, 36.0]","[24.0, 24.0, 24.0, 12.0, 12.0, 24.0, 24.0, 24.0, 24.0]",36.0,24.0,0.3333333333333333,SEMANTIC_SCALE_REVIEW_REQUIRED,PASS_EXPLICIT_SCHEMATIC_EXCEPTION,PASS_EXPLICIT_SCHEMATIC_EXCEPTION,Browser render and source facts show a relational explanatory diagram; exact metric values are printed in the solution panel and are not inferred from pixel distance.
archive/assets/images/22_매산고_1학기_기말_고1_기출/q05-solution.svg,EQUAL_UNIT,"[65.0, 100.0, 135.0, 170.0, 205.0, 240.0, 275.0, 310.0, 345.0]","[120.0, 155.0, 190.0, 225.0, 260.0]","[35.0, 35.0, 35.0, 35.0, 35.0, 35.0, 35.0, 35.0]","[35.0, 35.0, 35.0, 35.0]",35.0,35.0,0.0,PASS_EQUAL_UNIT_DECLARED_AND_OBSERVED,PASS_EQUAL_UNIT_REPAIRED,PASS_METRIC_SCALE_REPAIRED,Equal grid spacing was observed; metadata was normalized to EQUAL_UNIT and the SVG root now has preserveAspectRatio=xMidYMid meet.
archive/assets/images/22_매산고_1학기_기말_고1_기출/q10-solution.svg,EQUAL_UNIT,"[86.0, 105.38, 124.77, 144.15, 163.54, 182.92, 202.31, 221.69, 241.08, 260.46, 279.85, 299.23, 318.62, 338.0]","[72.0, 91.38, 110.77, 130.15, 149.54, 168.92, 188.31, 207.69, 227.08, 246.46, 265.85, 285.23, 304.62, 324.0]","[19.38, 19.39, 19.38, 19.39, 19.38, 19.39, 19.38, 19.39, 19.38, 19.39, 19.38, 19.39, 19.38]","[19.38, 19.39, 19.38, 19.39, 19.38, 19.39, 19.38, 19.39, 19.38, 19.39, 19.38, 19.39, 19.38]",19.38,19.38,0.0,PASS_EQUAL_UNIT_DECLARED_AND_OBSERVED,PASS_METRIC_SCALE_OBSERVED,NOT_STARTED,
archive/assets/images/22_매산고_1학기_기말_고1_기출/q14-solution.svg,SCHEMATIC_ALLOWED,"[59.0, 97.0, 135.0, 155.0, 173.0, 211.0, 249.0, 250.0, 287.0, 325.0]","[95.0, 142.0, 190.0, 238.0]","[38.0, 38.0, 20.0, 18.0, 38.0, 38.0, 1.0, 37.0, 38.0]","[47.0, 48.0, 48.0]",38.0,48.0,0.20833333333333334,SEMANTIC_SCALE_REVIEW_REQUIRED,PASS_EXPLICIT_SCHEMATIC_EXCEPTION,PASS_EXPLICIT_SCHEMATIC_EXCEPTION,Browser render and source facts show a relational explanatory diagram; exact metric values are printed in the solution panel and are not inferred from pixel distance.
archive/assets/images/22_매산고_1학기_기말_고1_기출/q18-solution.svg,EQUAL_UNIT,"[48.0, 80.0, 112.0, 144.0, 176.0, 208.0, 240.0, 272.0, 304.0, 336.0]","[92.0, 124.0, 156.0, 188.0, 220.0, 252.0]","[32.0, 32.0, 32.0, 32.0, 32.0, 32.0, 32.0, 32.0, 32.0]","[32.0, 32.0, 32.0, 32.0, 32.0]",32.0,32.0,0.0,PASS_EQUAL_UNIT_DECLARED_AND_OBSERVED,PASS_EQUAL_UNIT_REPAIRED,PASS_METRIC_SCALE_REPAIRED,Equal grid spacing was observed; metadata was normalized to EQUAL_UNIT and the SVG root now has preserveAspectRatio=xMidYMid meet.
archive/assets/images/22_매산고_1학기_기말_고1_기출/q19-solution.svg,EQUAL_UNIT,"[60.0, 105.0, 150.0, 180.0, 195.0, 240.0, 285.0, 330.0]","[90.0, 135.0, 180.0, 225.0, 270.0]","[45.0, 45.0, 30.0, 15.0, 45.0, 45.0, 45.0]","[45.0, 45.0, 45.0, 45.0]",45.0,45.0,0.0,PASS_EQUAL_UNIT_DECLARED_AND_OBSERVED,PASS_EQUAL_UNIT_REPAIRED,PASS_METRIC_SCALE_REPAIRED,Equal grid spacing was observed; metadata was normalized to EQUAL_UNIT and the SVG root now has preserveAspectRatio=xMidYMid meet.
archive/assets/images/22_복성고_1학기_기말_고1_기출/q03-solution.svg,EQUAL_UNIT,"[65.0, 86.0, 107.0, 128.0, 149.0, 170.0, 191.0, 212.0, 233.0, 254.0, 275.0, 296.0, 317.0, 338.0, 359.0]","[72.0, 93.0, 114.0, 135.0, 156.0, 177.0, 198.0, 219.0, 240.0, 261.0, 282.0, 303.0, 324.0]","[21.0, 21.0, 21.0, 21.0, 21.0, 21.0, 21.0, 21.0, 21.0, 21.0, 21.0, 21.0, 21.0, 21.0]","[21.0, 21.0, 21.0, 21.0, 21.0, 21.0, 21.0, 21.0, 21.0, 21.0, 21.0, 21.0]",21.0,21.0,0.0,PASS_EQUAL_UNIT_DECLARED_AND_OBSERVED,PASS_METRIC_SCALE_OBSERVED,NOT_STARTED,
archive/assets/images/22_복성고_1학기_기말_고1_기출/q12-solution.svg,EQUAL_UNIT,"[45.0, 90.0, 135.0, 180.0, 225.0, 270.0, 315.0]","[95.0, 140.0, 185.0, 230.0, 275.0]","[45.0, 45.0, 45.0, 45.0, 45.0, 45.0]","[45.0, 45.0, 45.0, 45.0]",45.0,45.0,0.0,PASS_EQUAL_UNIT_DECLARED_AND_OBSERVED,PASS_EQUAL_UNIT_REPAIRED,PASS_METRIC_SCALE_REPAIRED,Equal grid spacing was observed; metadata was normalized to EQUAL_UNIT and the SVG root now has preserveAspectRatio=xMidYMid meet.
archive/assets/images/22_복성고_1학기_기말_고1_기출/q15-solution.svg,EQUAL_UNIT,"[54.0, 90.0, 126.0, 162.0, 190.0, 198.0, 234.0, 270.0, 306.0, 342.0]","[74.0, 110.0, 146.0, 180.0, 182.0, 218.0, 254.0]","[36.0, 36.0, 36.0, 28.0, 8.0, 36.0, 36.0, 36.0, 36.0]","[36.0, 36.0, 34.0, 2.0, 36.0, 36.0]",36.0,36.0,0.0,PASS_EQUAL_UNIT_DECLARED_AND_OBSERVED,PASS_EQUAL_UNIT_REPAIRED,PASS_METRIC_SCALE_REPAIRED,Equal grid spacing was observed; metadata was normalized to EQUAL_UNIT and the SVG root now has preserveAspectRatio=xMidYMid meet.
archive/assets/images/22_순천여고_1학기_기말_고1_기출/q04-solution.svg,EQUAL_UNIT,"[34.0, 62.0, 90.0, 118.0, 146.0, 174.0, 202.0, 230.0, 258.0, 286.0, 314.0]","[88.0, 116.0, 144.0, 172.0, 200.0, 210.0, 228.0, 256.0]","[28.0, 28.0, 28.0, 28.0, 28.0, 28.0, 28.0, 28.0, 28.0, 28.0]","[28.0, 28.0, 28.0, 28.0, 10.0, 18.0, 28.0]",28.0,28.0,0.0,PASS_EQUAL_UNIT_DECLARED_AND_OBSERVED,PASS_EQUAL_UNIT_REPAIRED,PASS_METRIC_SCALE_REPAIRED,Equal grid spacing was observed; metadata was normalized to EQUAL_UNIT and the SVG root now has preserveAspectRatio=xMidYMid meet.
archive/assets/images/22_순천여고_1학기_기말_고1_기출/q05-solution.svg,EQUAL_UNIT,"[30.0, 64.0, 98.0, 100.0, 132.0, 166.0, 200.0, 234.0, 268.0, 302.0, 336.0]","[88.0, 122.0, 156.0, 184.0, 190.0, 224.0, 258.0]","[34.0, 34.0, 2.0, 32.0, 34.0, 34.0, 34.0, 34.0, 34.0, 34.0]","[34.0, 34.0, 28.0, 6.0, 34.0, 34.0]",34.0,34.0,0.0,PASS_EQUAL_UNIT_DECLARED_AND_OBSERVED,PASS_EQUAL_UNIT_REPAIRED,PASS_METRIC_SCALE_REPAIRED,Equal grid spacing was observed; metadata was normalized to EQUAL_UNIT and the SVG root now has preserveAspectRatio=xMidYMid meet.
archive/assets/images/22_순천여고_1학기_기말_고1_기출/q07-solution.svg,EQUAL_UNIT,"[20.0, 44.0, 68.0, 92.0, 116.0, 140.0, 164.0, 180.0, 188.0, 212.0, 236.0, 260.0, 284.0, 308.0, 332.0]","[94.0, 118.0, 142.0, 166.0, 184.0, 190.0, 214.0, 238.0, 262.0]","[24.0, 24.0, 24.0, 24.0, 24.0, 24.0, 16.0, 8.0, 24.0, 24.0, 24.0, 24.0, 24.0, 24.0]","[24.0, 24.0, 24.0, 18.0, 6.0, 24.0, 24.0, 24.0]",24.0,24.0,0.0,PASS_EQUAL_UNIT_DECLARED_AND_OBSERVED,PASS_EQUAL_UNIT_REPAIRED,PASS_METRIC_SCALE_REPAIRED,Equal grid spacing was observed; metadata was normalized to EQUAL_UNIT and the SVG root now has preserveAspectRatio=xMidYMid meet.
archive/assets/images/22_순천여고_1학기_기말_고1_기출/q08-solution.svg,EQUAL_UNIT,"[31.0, 53.0, 75.0, 97.0, 119.0, 141.0, 163.0, 185.0, 207.0, 229.0, 251.0, 273.0, 295.0, 317.0, 339.0]","[72.0, 94.0, 116.0, 138.0, 160.0, 182.0, 184.0, 204.0, 226.0, 248.0, 270.0]","[22.0, 22.0, 22.0, 22.0, 22.0, 22.0, 22.0, 22.0, 22.0, 22.0, 22.0, 22.0, 22.0, 22.0]","[22.0, 22.0, 22.0, 22.0, 22.0, 2.0, 20.0, 22.0, 22.0, 22.0]",22.0,22.0,0.0,PASS_EQUAL_UNIT_DECLARED_AND_OBSERVED,PASS_EQUAL_UNIT_REPAIRED,PASS_METRIC_SCALE_REPAIRED,Equal grid spacing was observed; metadata was normalized to EQUAL_UNIT and the SVG root now has preserveAspectRatio=xMidYMid meet.
archive/assets/images/22_순천여고_1학기_기말_고1_기출/q12-solution.svg,EQUAL_UNIT,"[74.55, 97.45, 120.36, 143.27, 166.18, 189.09, 212.0, 234.91, 257.82, 280.73, 303.64, 326.55, 349.45]","[72.0, 94.91, 117.82, 140.73, 163.64, 186.55, 209.45, 232.36, 255.27, 278.18, 301.09, 324.0]","[22.9, 22.91, 22.91, 22.91, 22.91, 22.91, 22.91, 22.91, 22.91, 22.91, 22.91, 22.9]","[22.91, 22.91, 22.91, 22.91, 22.91, 22.9, 22.91, 22.91, 22.91, 22.91, 22.91]",22.91,22.91,0.0,PASS_EQUAL_UNIT_DECLARED_AND_OBSERVED,PASS_METRIC_SCALE_OBSERVED,NOT_STARTED,
archive/assets/images/22_순천여고_1학기_기말_고1_기출/q17-solution.svg,EQUAL_UNIT,"[20.0, 50.0, 80.0, 95.0, 110.0, 140.0, 170.0, 200.0, 230.0, 260.0, 290.0, 320.0]","[75.0, 105.0, 135.0, 165.0, 195.0, 210.0, 225.0, 255.0, 285.0]","[30.0, 30.0, 15.0, 15.0, 30.0, 30.0, 30.0, 30.0, 30.0, 30.0, 30.0]","[30.0, 30.0, 30.0, 30.0, 15.0, 15.0, 30.0, 30.0]",30.0,30.0,0.0,PASS_EQUAL_UNIT_DECLARED_AND_OBSERVED,PASS_EQUAL_UNIT_REPAIRED,PASS_METRIC_SCALE_REPAIRED,Equal grid spacing was observed; metadata was normalized to EQUAL_UNIT and the SVG root now has preserveAspectRatio=xMidYMid meet.
archive/assets/images/22_순천여고_1학기_기말_고1_기출/q23-solution.svg,EQUAL_UNIT,"[86.0, 114.0, 142.0, 170.0, 198.0, 226.0, 254.0, 282.0, 310.0, 338.0]","[72.0, 100.0, 128.0, 156.0, 184.0, 212.0, 240.0, 268.0, 296.0, 324.0]","[28.0, 28.0, 28.0, 28.0, 28.0, 28.0, 28.0, 28.0, 28.0]","[28.0, 28.0, 28.0, 28.0, 28.0, 28.0, 28.0, 28.0, 28.0]",28.0,28.0,0.0,PASS_EQUAL_UNIT_DECLARED_AND_OBSERVED,PASS_METRIC_SCALE_OBSERVED,NOT_STARTED,
archive/assets/images/22_순천여고_2학기_기말_고1_기출/q09-solution.svg,EQUAL_UNIT,"[75.0, 105.0, 135.0, 165.0, 175.0, 195.0, 225.0, 255.0, 285.0, 315.0]","[75.0, 105.0, 135.0, 165.0, 190.0, 195.0, 225.0]","[30.0, 30.0, 30.0, 10.0, 20.0, 30.0, 30.0, 30.0, 30.0]","[30.0, 30.0, 30.0, 25.0, 5.0, 30.0]",30.0,30.0,0.0,PASS_EQUAL_UNIT_DECLARED_AND_OBSERVED,PASS_EQUAL_UNIT_REPAIRED,PASS_METRIC_SCALE_REPAIRED,Equal grid spacing was observed; metadata was normalized to EQUAL_UNIT and the SVG root now has preserveAspectRatio=xMidYMid meet.
archive/assets/images/22_제일고_1학기_기말_고1_기출/q13-solution.svg,EQUAL_UNIT,"[105.89, 132.42, 158.95, 185.47, 212.0, 238.53, 265.05, 291.58, 318.11]","[72.0, 98.53, 125.05, 151.58, 178.11, 204.63, 231.16, 257.68, 284.21, 310.74]","[26.53, 26.53, 26.52, 26.53, 26.53, 26.52, 26.53, 26.53]","[26.53, 26.52, 26.53, 26.53, 26.52, 26.53, 26.52, 26.53, 26.53]",26.53,26.53,0.0,PASS_EQUAL_UNIT_DECLARED_AND_OBSERVED,PASS_METRIC_SCALE_OBSERVED,NOT_STARTED,
archive/assets/images/22_제일고_1학기_기말_고1_기출/q14-solution.svg,EQUAL_UNIT,"[86.0, 132.67, 179.33, 226.0, 272.67, 319.33]","[90.67, 137.33, 184.0, 230.67, 277.33, 324.0]","[46.67, 46.66, 46.67, 46.67, 46.66]","[46.66, 46.67, 46.67, 46.66, 46.67]",46.67,46.67,0.0,PASS_EQUAL_UNIT_DECLARED_AND_OBSERVED,PASS_METRIC_SCALE_OBSERVED,NOT_STARTED,
archive/assets/images/22_제일고_1학기_기말_고1_기출/q15-solution.svg,EQUAL_UNIT,"[25.0, 50.0, 75.0, 100.0, 125.0, 130.0, 150.0, 175.0, 200.0, 225.0, 250.0, 275.0, 300.0, 325.0]","[80.0, 105.0, 130.0, 155.0, 180.0, 182.0, 205.0, 230.0, 255.0]","[25.0, 25.0, 25.0, 25.0, 5.0, 20.0, 25.0, 25.0, 25.0, 25.0, 25.0, 25.0, 25.0]","[25.0, 25.0, 25.0, 25.0, 2.0, 23.0, 25.0, 25.0]",25.0,25.0,0.0,PASS_EQUAL_UNIT_DECLARED_AND_OBSERVED,PASS_EQUAL_UNIT_REPAIRED,PASS_METRIC_SCALE_REPAIRED,Equal grid spacing was observed; metadata was normalized to EQUAL_UNIT and the SVG root now has preserveAspectRatio=xMidYMid meet.
archive/assets/images/22_제일고_1학기_기말_고1_기출/q16-solution.svg,EQUAL_UNIT,"[25.0, 55.0, 85.0, 115.0, 145.0, 175.0, 205.0, 235.0, 260.0, 265.0, 295.0, 325.0]","[180.0, 184.0]","[30.0, 30.0, 30.0, 30.0, 30.0, 30.0, 30.0, 25.0, 5.0, 30.0, 30.0]",[4.0],30.0,4.0,0.8666666666666667,PASS_EQUAL_UNIT_DECLARED_AND_OBSERVED,PASS_METRIC_SCALE_OBSERVED,NOT_STARTED,
archive/assets/images/22_제일고_1학기_기말_고1_기출/q17-solution.svg,EQUAL_UNIT,"[95.69, 115.08, 134.46, 153.85, 173.23, 192.62, 212.0, 231.38, 250.77, 270.15, 289.54, 308.92, 328.31]","[72.0, 91.38, 110.77, 130.15, 149.54, 168.92, 188.31, 207.69, 227.08, 246.46, 265.85, 285.23, 304.62, 324.0]","[19.39, 19.38, 19.39, 19.38, 19.39, 19.38, 19.38, 19.39, 19.38, 19.39, 19.38, 19.39]","[19.38, 19.39, 19.38, 19.39, 19.38, 19.39, 19.38, 19.39, 19.38, 19.39, 19.38, 19.39, 19.38]",19.384999999999998,19.38,0.00025793139025014213,PASS_EQUAL_UNIT_DECLARED_AND_OBSERVED,PASS_METRIC_SCALE_OBSERVED,NOT_STARTED,
archive/assets/images/22_제일고_1학기_기말_고1_기출/q18-solution.svg,EQUAL_UNIT,"[25.0, 50.0, 75.0, 100.0, 120.0, 125.0, 150.0, 175.0, 200.0, 225.0, 250.0, 275.0, 300.0, 325.0]","[85.0, 110.0, 135.0, 160.0, 182.0, 185.0, 190.0, 210.0, 235.0, 260.0]","[25.0, 25.0, 25.0, 20.0, 5.0, 25.0, 25.0, 25.0, 25.0, 25.0, 25.0, 25.0, 25.0]","[25.0, 25.0, 25.0, 22.0, 3.0, 5.0, 20.0, 25.0, 25.0]",25.0,25.0,0.0,PASS_EQUAL_UNIT_DECLARED_AND_OBSERVED,PASS_EQUAL_UNIT_REPAIRED,PASS_METRIC_SCALE_REPAIRED,Equal grid spacing was observed; metadata was normalized to EQUAL_UNIT and the SVG root now has preserveAspectRatio=xMidYMid meet.
archive/assets/images/22_제일고_1학기_기말_고1_기출/q20-solution.svg,EQUAL_UNIT,"[24.0, 49.0, 74.0, 99.0, 120.0, 124.0, 149.0, 174.0, 199.0, 224.0, 249.0, 274.0, 299.0, 324.0]","[75.0, 100.0, 125.0, 150.0, 151.0, 175.0, 200.0, 225.0, 250.0, 275.0]","[25.0, 25.0, 25.0, 21.0, 4.0, 25.0, 25.0, 25.0, 25.0, 25.0, 25.0, 25.0, 25.0]","[25.0, 25.0, 25.0, 1.0, 24.0, 25.0, 25.0, 25.0, 25.0]",25.0,25.0,0.0,PASS_EQUAL_UNIT_DECLARED_AND_OBSERVED,PASS_EQUAL_UNIT_REPAIRED,PASS_METRIC_SCALE_REPAIRED,Equal grid spacing was observed; metadata was normalized to EQUAL_UNIT and the SVG root now has preserveAspectRatio=xMidYMid meet.
archive/assets/images/22_제일고_1학기_기말_고1_기출/q21-solution.svg,EQUAL_UNIT,"[23.0, 45.0, 50.0, 67.0, 89.0, 111.0, 133.0, 155.0, 177.0, 199.0, 221.0, 243.0, 265.0, 287.0, 309.0, 331.0]","[90.0, 112.0, 134.0, 156.0, 178.0, 200.0, 211.0, 222.0, 244.0, 266.0]","[22.0, 5.0, 17.0, 22.0, 22.0, 22.0, 22.0, 22.0, 22.0, 22.0, 22.0, 22.0, 22.0, 22.0, 22.0]","[22.0, 22.0, 22.0, 22.0, 22.0, 11.0, 11.0, 22.0, 22.0]",22.0,22.0,0.0,PASS_EQUAL_UNIT_DECLARED_AND_OBSERVED,PASS_EQUAL_UNIT_REPAIRED,PASS_METRIC_SCALE_REPAIRED,Equal grid spacing was observed; metadata was normalized to EQUAL_UNIT and the SVG root now has preserveAspectRatio=xMidYMid meet.
archive/assets/images/22_제일고_1학기_기말_고1_기출/q22-solution.svg,EQUAL_UNIT,"[35.0, 55.0, 75.0, 95.0, 115.0, 135.0, 155.0, 175.0, 195.0, 215.0, 235.0, 255.0, 275.0, 295.0, 315.0, 335.0]","[80.0, 100.0, 120.0, 140.0, 150.0, 160.0, 180.0, 190.0, 200.0, 211.0, 220.0, 240.0, 260.0, 280.0]","[20.0, 20.0, 20.0, 20.0, 20.0, 20.0, 20.0, 20.0, 20.0, 20.0, 20.0, 20.0, 20.0, 20.0, 20.0]","[20.0, 20.0, 20.0, 10.0, 10.0, 20.0, 10.0, 10.0, 11.0, 9.0, 20.0, 20.0, 20.0]",20.0,20.0,0.0,PASS_EQUAL_UNIT_DECLARED_AND_OBSERVED,PASS_EQUAL_UNIT_REPAIRED,PASS_METRIC_SCALE_REPAIRED,Equal grid spacing was observed; metadata was normalized to EQUAL_UNIT and the SVG root now has preserveAspectRatio=xMidYMid meet.
archive/assets/images/22_팔마고_1학기_기말_고1_기출/q06-solution.svg,EQUAL_UNIT,"[94.4, 128.0, 161.6, 195.2, 228.8, 262.4, 296.0, 329.6]","[88.8, 122.4, 156.0, 189.6, 223.2, 256.8, 290.4, 324.0]","[33.6, 33.6, 33.6, 33.6, 33.6, 33.6, 33.6]","[33.6, 33.6, 33.6, 33.6, 33.6, 33.6, 33.6]",33.6,33.6,0.0,PASS_EQUAL_UNIT_DECLARED_AND_OBSERVED,PASS_METRIC_SCALE_OBSERVED,NOT_STARTED,
archive/assets/images/22_팔마고_1학기_기말_고1_기출/q07-solution.svg,EQUAL_UNIT,"[60.0, 90.0, 120.0, 150.0, 180.0, 210.0, 240.0, 270.0, 300.0, 330.0, 360.0]","[65.0, 95.0, 125.0, 155.0, 185.0, 215.0, 245.0]","[30.0, 30.0, 30.0, 30.0, 30.0, 30.0, 30.0, 30.0, 30.0, 30.0]","[30.0, 30.0, 30.0, 30.0, 30.0, 30.0]",30.0,30.0,0.0,PASS_EQUAL_UNIT_DECLARED_AND_OBSERVED,PASS_EQUAL_UNIT_REPAIRED,PASS_METRIC_SCALE_REPAIRED,Equal grid spacing was observed; metadata was normalized to EQUAL_UNIT and the SVG root now has preserveAspectRatio=xMidYMid meet.
archive/assets/images/22_팔마고_1학기_기말_고1_기출/q15-solution.svg,EQUAL_UNIT,"[70.0, 100.0, 130.0, 160.0, 175.0, 190.0, 220.0, 250.0, 280.0]","[75.0, 105.0, 135.0, 158.0, 160.0, 185.0, 215.0, 245.0]","[30.0, 30.0, 30.0, 15.0, 15.0, 30.0, 30.0, 30.0]","[30.0, 30.0, 23.0, 2.0, 25.0, 30.0, 30.0]",30.0,30.0,0.0,PASS_EQUAL_UNIT_DECLARED_AND_OBSERVED,PASS_EQUAL_UNIT_REPAIRED,PASS_METRIC_SCALE_REPAIRED,Equal grid spacing was observed; metadata was normalized to EQUAL_UNIT and the SVG root now has preserveAspectRatio=xMidYMid meet.
archive/assets/images/22_팔마고_1학기_기말_고1_기출/q19-solution.svg,EQUAL_UNIT,"[47.23, 86.0, 124.77, 163.54, 202.31, 241.08, 279.85, 318.62, 357.38]","[72.0, 110.77, 149.54, 188.31, 227.08, 265.85, 304.62]","[38.77, 38.77, 38.77, 38.77, 38.77, 38.77, 38.77, 38.76]","[38.77, 38.77, 38.77, 38.77, 38.77, 38.77]",38.77,38.77,0.0,PASS_EQUAL_UNIT_DECLARED_AND_OBSERVED,PASS_METRIC_SCALE_OBSERVED,NOT_STARTED,
archive/assets/images/22_효천고_1학기_기말_고1_기출/q14-solution.svg,EQUAL_UNIT,"[86.0, 108.91, 131.82, 154.73, 177.64, 200.55, 223.45, 246.36, 269.27, 292.18, 315.09, 338.0]","[72.0, 94.91, 117.82, 140.73, 163.64, 186.55, 209.45, 232.36, 255.27, 278.18, 301.09, 324.0]","[22.91, 22.91, 22.91, 22.91, 22.91, 22.9, 22.91, 22.91, 22.91, 22.91, 22.91]","[22.91, 22.91, 22.91, 22.91, 22.91, 22.9, 22.91, 22.91, 22.91, 22.91, 22.91]",22.91,22.91,0.0,PASS_EQUAL_UNIT_DECLARED_AND_OBSERVED,PASS_METRIC_SCALE_OBSERVED,NOT_STARTED,
archive/assets/images/22_효천고_1학기_기말_고1_기출/q17-solution.svg,SCHEMATIC_ALLOWED,"[78.0, 115.0, 152.0, 171.0, 189.0, 226.0, 263.0, 300.0, 337.0]","[70.0, 107.0, 144.0, 181.0, 208.0, 218.0, 220.0, 255.0]","[37.0, 37.0, 19.0, 18.0, 37.0, 37.0, 37.0, 37.0]","[37.0, 37.0, 37.0, 27.0, 10.0, 2.0, 35.0]",37.0,35.0,0.05405405405405406,SEMANTIC_SCALE_REVIEW_REQUIRED,PASS_EXPLICIT_SCHEMATIC_EXCEPTION,PASS_EXPLICIT_SCHEMATIC_EXCEPTION,Browser render and source facts show a relational explanatory diagram; exact metric values are printed in the solution panel and are not inferred from pixel distance.
archive/assets/images/22_효천고_1학기_기말_고1_기출/q19-solution.svg,SCHEMATIC_ALLOWED,"[70.0, 100.0, 130.0, 160.0, 190.0, 220.0, 250.0, 280.0, 310.0]","[65.0, 95.0, 125.0, 155.0, 165.0, 185.0, 212.0, 215.0, 245.0]","[30.0, 30.0, 30.0, 30.0, 30.0, 30.0, 30.0, 30.0]","[30.0, 30.0, 30.0, 10.0, 20.0, 27.0, 3.0, 30.0]",30.0,28.5,0.05,SEMANTIC_SCALE_REVIEW_REQUIRED,PASS_EXPLICIT_SCHEMATIC_EXCEPTION,PASS_EXPLICIT_SCHEMATIC_EXCEPTION,Browser render and source facts show a relational explanatory diagram; exact metric values are printed in the solution panel and are not inferred from pixel distance.
archive/assets/images/23_강남여고_1학기_기말_고1_기출/q06-solution.svg,SCHEMATIC_ALLOWED,"[70.0, 120.0, 170.0, 220.0, 270.0, 320.0]","[103.0, 128.0, 153.0, 178.0, 185.0, 203.0, 228.0, 253.0]","[50.0, 50.0, 50.0, 50.0, 50.0]","[25.0, 25.0, 25.0, 7.0, 18.0, 25.0, 25.0]",50.0,25.0,0.5,SEMANTIC_SCALE_REVIEW_REQUIRED,PASS_EXPLICIT_SCHEMATIC_EXCEPTION,PASS_EXPLICIT_SCHEMATIC_EXCEPTION,Browser render and source facts show a relational explanatory diagram; exact metric values are printed in the solution panel and are not inferred from pixel distance.
archive/assets/images/23_강남여고_1학기_기말_고1_기출/q14-solution.svg,EQUAL_UNIT,"[95.0, 120.0, 145.0, 170.0, 195.0, 220.0, 245.0, 270.0, 295.0, 320.0]","[85.0, 110.0, 135.0, 160.0, 185.0, 210.0, 235.0]","[25.0, 25.0, 25.0, 25.0, 25.0, 25.0, 25.0, 25.0, 25.0]","[25.0, 25.0, 25.0, 25.0, 25.0, 25.0]",25.0,25.0,0.0,PASS_EQUAL_UNIT_DECLARED_AND_OBSERVED,PASS_EQUAL_UNIT_REPAIRED,PASS_METRIC_SCALE_REPAIRED,Equal grid spacing was observed; metadata was normalized to EQUAL_UNIT and the SVG root now has preserveAspectRatio=xMidYMid meet.
archive/assets/images/23_강남여고_1학기_기말_고1_기출/q15-solution.svg,EQUAL_UNIT,"[62.0, 84.0, 106.0, 128.0, 150.0, 172.0, 194.0, 216.0, 238.0, 260.0, 282.0, 304.0, 326.0, 348.0]","[89.0, 111.0, 133.0, 155.0, 177.0, 199.0, 221.0, 243.0]","[22.0, 22.0, 22.0, 22.0, 22.0, 22.0, 22.0, 22.0, 22.0, 22.0, 22.0, 22.0, 22.0]","[22.0, 22.0, 22.0, 22.0, 22.0, 22.0, 22.0]",22.0,22.0,0.0,PASS_EQUAL_UNIT_DECLARED_AND_OBSERVED,PASS_EQUAL_UNIT_REPAIRED,PASS_METRIC_SCALE_REPAIRED,Equal grid spacing was observed; metadata was normalized to EQUAL_UNIT and the SVG root now has preserveAspectRatio=xMidYMid meet.
archive/assets/images/23_강남여고_1학기_기말_고1_기출/q21-solution.svg,SCHEMATIC_ALLOWED,"[68.0, 96.8, 125.6, 140.0, 154.4, 183.2, 212.0, 240.8, 269.6, 298.4, 327.2]","[73.0, 101.8, 116.2, 130.6, 145.0, 159.4, 173.8, 188.2, 202.6, 217.0, 223.0, 231.4, 245.8, 260.2, 274.6]","[28.8, 28.8, 14.4, 14.4, 28.8, 28.8, 28.8, 28.8, 28.8, 28.8]","[28.8, 14.4, 14.4, 14.4, 14.4, 14.4, 14.4, 14.4, 14.4, 6.0, 8.4, 14.4, 14.4, 14.4]",28.8,14.4,0.5,SEMANTIC_SCALE_REVIEW_REQUIRED,PASS_EXPLICIT_SCHEMATIC_EXCEPTION,PASS_EXPLICIT_SCHEMATIC_EXCEPTION,Browser render and source facts show a relational explanatory diagram; exact metric values are printed in the solution panel and are not inferred from pixel distance.
archive/assets/images/23_금당고_1학기_기말_고1_기출/q06-solution.svg,EQUAL_UNIT,"[36.0, 52.0, 68.0, 84.0, 100.0, 116.0, 132.0, 148.0, 164.0, 180.0, 196.0, 212.0, 228.0, 244.0, 260.0, 276.0, 292.0, 308.0, 324.0, 340.0, 356.0]","[33.0, 49.0, 65.0, 81.0, 97.0, 113.0, 129.0, 145.0, 161.0, 177.0, 193.0, 209.0, 225.0, 241.0]","[16.0, 16.0, 16.0, 16.0, 16.0, 16.0, 16.0, 16.0, 16.0, 16.0, 16.0, 16.0, 16.0, 16.0, 16.0, 16.0, 16.0, 16.0, 16.0, 16.0]","[16.0, 16.0, 16.0, 16.0, 16.0, 16.0, 16.0, 16.0, 16.0, 16.0, 16.0, 16.0, 16.0]",16.0,16.0,0.0,PASS_EQUAL_UNIT_DECLARED_AND_OBSERVED,PASS_EQUAL_UNIT_REPAIRED,PASS_METRIC_SCALE_REPAIRED,Equal grid spacing was observed; metadata was normalized to EQUAL_UNIT and the SVG root now has preserveAspectRatio=xMidYMid meet.
archive/assets/images/23_금당고_1학기_기말_고1_기출/q09-solution.svg,EQUAL_UNIT,"[36.0, 52.0, 68.0, 84.0, 100.0, 116.0, 132.0, 148.0, 164.0, 180.0, 196.0, 212.0, 228.0, 244.0, 260.0, 276.0, 292.0, 308.0, 324.0, 340.0, 356.0]","[33.0, 49.0, 65.0, 81.0, 97.0, 113.0, 129.0, 145.0, 161.0, 177.0, 193.0, 209.0, 225.0, 241.0]","[16.0, 16.0, 16.0, 16.0, 16.0, 16.0, 16.0, 16.0, 16.0, 16.0, 16.0, 16.0, 16.0, 16.0, 16.0, 16.0, 16.0, 16.0, 16.0, 16.0]","[16.0, 16.0, 16.0, 16.0, 16.0, 16.0, 16.0, 16.0, 16.0, 16.0, 16.0, 16.0, 16.0]",16.0,16.0,0.0,PASS_EQUAL_UNIT_DECLARED_AND_OBSERVED,PASS_EQUAL_UNIT_REPAIRED,PASS_METRIC_SCALE_REPAIRED,Equal grid spacing was observed; metadata was normalized to EQUAL_UNIT and the SVG root now has preserveAspectRatio=xMidYMid meet.
archive/assets/images/23_금당고_1학기_기말_고1_기출/q15-solution.svg,EQUAL_UNIT,"[36.0, 52.0, 68.0, 84.0, 100.0, 116.0, 132.0, 148.0, 164.0, 180.0, 196.0, 212.0, 228.0, 244.0, 260.0, 276.0, 292.0, 308.0, 324.0, 340.0, 356.0]","[33.0, 49.0, 65.0, 81.0, 97.0, 113.0, 129.0, 145.0, 161.0, 177.0, 193.0, 209.0, 225.0, 241.0]","[16.0, 16.0, 16.0, 16.0, 16.0, 16.0, 16.0, 16.0, 16.0, 16.0, 16.0, 16.0, 16.0, 16.0, 16.0, 16.0, 16.0, 16.0, 16.0, 16.0]","[16.0, 16.0, 16.0, 16.0, 16.0, 16.0, 16.0, 16.0, 16.0, 16.0, 16.0, 16.0, 16.0]",16.0,16.0,0.0,PASS_EQUAL_UNIT_DECLARED_AND_OBSERVED,PASS_EQUAL_UNIT_REPAIRED,PASS_METRIC_SCALE_REPAIRED,Equal grid spacing was observed; metadata was normalized to EQUAL_UNIT and the SVG root now has preserveAspectRatio=xMidYMid meet.
archive/assets/images/23_금당고_1학기_기말_고1_기출/q19-solution.svg,SCHEMATIC_ALLOWED,[180.0],[160.0],[],[],,,,SEMANTIC_SCALE_REVIEW_REQUIRED,PASS_EXPLICIT_SCHEMATIC_EXCEPTION,PASS_EXPLICIT_SCHEMATIC_EXCEPTION,Browser render and source facts show a relational explanatory diagram; exact metric values are printed in the solution panel and are not inferred from pixel distance.
archive/assets/images/23_금당고_1학기_기말_고1_기출/q21-solution.svg,EQUAL_UNIT,"[36.0, 52.0, 68.0, 84.0, 100.0, 116.0, 132.0, 148.0, 164.0, 180.0, 196.0, 212.0, 228.0, 244.0, 260.0, 276.0, 292.0, 308.0, 324.0, 340.0, 356.0]","[33.0, 49.0, 65.0, 81.0, 97.0, 113.0, 129.0, 145.0, 161.0, 177.0, 193.0, 209.0, 225.0, 241.0]","[16.0, 16.0, 16.0, 16.0, 16.0, 16.0, 16.0, 16.0, 16.0, 16.0, 16.0, 16.0, 16.0, 16.0, 16.0, 16.0, 16.0, 16.0, 16.0, 16.0]","[16.0, 16.0, 16.0, 16.0, 16.0, 16.0, 16.0, 16.0, 16.0, 16.0, 16.0, 16.0, 16.0]",16.0,16.0,0.0,PASS_EQUAL_UNIT_DECLARED_AND_OBSERVED,PASS_EQUAL_UNIT_REPAIRED,PASS_METRIC_SCALE_REPAIRED,Equal grid spacing was observed; metadata was normalized to EQUAL_UNIT and the SVG root now has preserveAspectRatio=xMidYMid meet.
archive/assets/images/23_금당고_2학기_중간_고1_기출/q21-solution.svg,SCHEMATIC_ALLOWED,"[76.0, 128.0, 180.0, 232.0, 284.0]","[114.0, 161.0, 166.0, 218.0]","[52.0, 52.0, 52.0, 52.0]","[47.0, 5.0, 52.0]",52.0,47.0,0.09615384615384616,SEMANTIC_SCALE_REVIEW_REQUIRED,PASS_EXPLICIT_SCHEMATIC_EXCEPTION,PASS_EXPLICIT_SCHEMATIC_EXCEPTION,Browser render and source facts show a relational explanatory diagram; exact metric values are printed in the solution panel and are not inferred from pixel distance.
archive/assets/images/23_매산고_1학기_기말_고1_기출/q06-solution.svg,SCHEMATIC_ALLOWED,[110.0],[150.0],[],[],,,,SEMANTIC_SCALE_REVIEW_REQUIRED,PASS_EXPLICIT_SCHEMATIC_EXCEPTION,PASS_EXPLICIT_SCHEMATIC_EXCEPTION,Browser render and source facts show a relational explanatory diagram; exact metric values are printed in the solution panel and are not inferred from pixel distance.
archive/assets/images/23_매산고_1학기_기말_고1_기출/q12-solution.svg,EQUAL_UNIT,"[36.0, 52.0, 68.0, 84.0, 100.0, 116.0, 132.0, 148.0, 164.0, 180.0, 190.7, 196.0, 212.0, 228.0, 244.0, 260.0, 276.0, 292.0, 308.0, 324.0, 340.0, 356.0]","[33.0, 49.0, 65.0, 81.0, 97.0, 113.0, 129.0, 145.0, 161.0, 177.0, 193.0, 209.0, 225.0, 241.0]","[16.0, 16.0, 16.0, 16.0, 16.0, 16.0, 16.0, 16.0, 16.0, 10.7, 5.3, 16.0, 16.0, 16.0, 16.0, 16.0, 16.0, 16.0, 16.0, 16.0, 16.0]","[16.0, 16.0, 16.0, 16.0, 16.0, 16.0, 16.0, 16.0, 16.0, 16.0, 16.0, 16.0, 16.0]",16.0,16.0,0.0,PASS_EQUAL_UNIT_DECLARED_AND_OBSERVED,PASS_EQUAL_UNIT_REPAIRED,PASS_METRIC_SCALE_REPAIRED,Equal grid spacing was observed; metadata was normalized to EQUAL_UNIT and the SVG root now has preserveAspectRatio=xMidYMid meet.
archive/assets/images/23_매산고_1학기_기말_고1_기출/q14-solution.svg,EQUAL_UNIT,"[111.2, 136.4, 161.6, 186.8, 212.0, 237.2, 262.4, 287.6, 312.8]","[72.0, 97.2, 122.4, 147.6, 172.8, 198.0, 223.2, 248.4, 273.6, 298.8, 324.0]","[25.2, 25.2, 25.2, 25.2, 25.2, 25.2, 25.2, 25.2]","[25.2, 25.2, 25.2, 25.2, 25.2, 25.2, 25.2, 25.2, 25.2, 25.2]",25.2,25.2,0.0,PASS_EQUAL_UNIT_DECLARED_AND_OBSERVED,PASS_METRIC_SCALE_OBSERVED,NOT_STARTED,
archive/assets/images/23_복성고_1학기_기말_고1_기출/q12-solution.svg,EQUAL_UNIT,"[36.0, 52.0, 68.0, 84.0, 100.0, 116.0, 132.0, 148.0, 164.0, 180.0, 196.0, 212.0, 228.0, 244.0, 260.0, 276.0, 292.0, 308.0, 324.0, 340.0, 356.0]","[33.0, 49.0, 65.0, 81.0, 97.0, 113.0, 129.0, 145.0, 161.0, 177.0, 193.0, 209.0, 225.0, 241.0]","[16.0, 16.0, 16.0, 16.0, 16.0, 16.0, 16.0, 16.0, 16.0, 16.0, 16.0, 16.0, 16.0, 16.0, 16.0, 16.0, 16.0, 16.0, 16.0, 16.0]","[16.0, 16.0, 16.0, 16.0, 16.0, 16.0, 16.0, 16.0, 16.0, 16.0, 16.0, 16.0, 16.0]",16.0,16.0,0.0,PASS_EQUAL_UNIT_DECLARED_AND_OBSERVED,PASS_EQUAL_UNIT_REPAIRED,PASS_METRIC_SCALE_REPAIRED,Equal grid spacing was observed; metadata was normalized to EQUAL_UNIT and the SVG root now has preserveAspectRatio=xMidYMid meet.
archive/assets/images/23_복성고_1학기_기말_고1_기출/q13-solution.svg,EQUAL_UNIT,"[36.0, 52.0, 68.0, 84.0, 100.0, 116.0, 132.0, 148.0, 164.0, 180.0, 196.0, 212.0, 228.0, 244.0, 260.0, 276.0, 292.0, 308.0, 324.0, 340.0, 356.0]","[33.0, 49.0, 65.0, 81.0, 97.0, 113.0, 129.0, 145.0, 161.0, 177.0, 193.0, 209.0, 225.0, 241.0]","[16.0, 16.0, 16.0, 16.0, 16.0, 16.0, 16.0, 16.0, 16.0, 16.0, 16.0, 16.0, 16.0, 16.0, 16.0, 16.0, 16.0, 16.0, 16.0, 16.0]","[16.0, 16.0, 16.0, 16.0, 16.0, 16.0, 16.0, 16.0, 16.0, 16.0, 16.0, 16.0, 16.0]",16.0,16.0,0.0,PASS_EQUAL_UNIT_DECLARED_AND_OBSERVED,PASS_EQUAL_UNIT_REPAIRED,PASS_METRIC_SCALE_REPAIRED,Equal grid spacing was observed; metadata was normalized to EQUAL_UNIT and the SVG root now has preserveAspectRatio=xMidYMid meet.
archive/assets/images/23_복성고_1학기_기말_고1_기출/q19-solution.svg,EQUAL_UNIT,"[93.89, 129.68, 165.47, 201.26, 208.42, 237.05, 272.84, 294.32, 308.63, 315.79, 344.42]","[100.63, 136.42, 172.21, 208.0, 243.79, 279.58, 315.37]","[35.79, 35.79, 35.79, 7.16, 28.63, 35.79, 21.48, 14.31, 7.16, 28.63]","[35.79, 35.79, 35.79, 35.79, 35.79, 35.79]",28.63,35.79,0.20005588153115397,PASS_EQUAL_UNIT_DECLARED_AND_OBSERVED,PASS_METRIC_SCALE_OBSERVED,NOT_STARTED,
archive/assets/images/23_복성고_1학기_기말_고1_기출/q20-solution.svg,EQUAL_UNIT,"[124.0, 164.0, 204.0, 244.0, 284.0, 324.0]","[104.0, 144.0, 184.0, 224.0, 264.0, 304.0, 344.0]","[40.0, 40.0, 40.0, 40.0, 40.0]","[40.0, 40.0, 40.0, 40.0, 40.0, 40.0]",40.0,40.0,0.0,PASS_EQUAL_UNIT_DECLARED_AND_OBSERVED,PASS_METRIC_SCALE_OBSERVED,NOT_STARTED,
archive/assets/images/23_복성고_1학기_기말_고1_기출/q22-solution.svg,EQUAL_UNIT,"[30.0, 42.0, 54.0, 66.0, 78.0, 90.0, 102.0, 114.0, 126.0, 138.0, 150.0, 162.0, 174.0, 186.0, 198.0, 210.0, 222.0, 234.0, 246.0, 258.0, 270.0, 282.0, 294.0]","[41.0, 53.0, 65.0, 77.0, 89.0, 101.0, 113.0, 125.0, 137.0, 149.0, 161.0, 173.0, 185.0, 197.0, 209.0, 221.0, 233.0, 245.0]","[12.0, 12.0, 12.0, 12.0, 12.0, 12.0, 12.0, 12.0, 12.0, 12.0, 12.0, 12.0, 12.0, 12.0, 12.0, 12.0, 12.0, 12.0, 12.0, 12.0, 12.0, 12.0]","[12.0, 12.0, 12.0, 12.0, 12.0, 12.0, 12.0, 12.0, 12.0, 12.0, 12.0, 12.0, 12.0, 12.0, 12.0, 12.0, 12.0]",12.0,12.0,0.0,PASS_EQUAL_UNIT_DECLARED_AND_OBSERVED,PASS_EQUAL_UNIT_REPAIRED,PASS_METRIC_SCALE_REPAIRED,Equal grid spacing was observed; metadata was normalized to EQUAL_UNIT and the SVG root now has preserveAspectRatio=xMidYMid meet.
archive/assets/images/23_순천여고_1학기_기말_고1_기출/q05-solution.svg,EQUAL_UNIT,"[36.0, 52.0, 68.0, 84.0, 100.0, 116.0, 132.0, 148.0, 164.0, 180.0, 196.0, 212.0, 228.0, 244.0, 260.0, 276.0, 292.0, 308.0, 324.0, 340.0, 356.0]","[33.0, 49.0, 65.0, 81.0, 97.0, 113.0, 129.0, 145.0, 161.0, 177.0, 193.0, 209.0, 225.0, 241.0]","[16.0, 16.0, 16.0, 16.0, 16.0, 16.0, 16.0, 16.0, 16.0, 16.0, 16.0, 16.0, 16.0, 16.0, 16.0, 16.0, 16.0, 16.0, 16.0, 16.0]","[16.0, 16.0, 16.0, 16.0, 16.0, 16.0, 16.0, 16.0, 16.0, 16.0, 16.0, 16.0, 16.0]",16.0,16.0,0.0,PASS_EQUAL_UNIT_DECLARED_AND_OBSERVED,PASS_EQUAL_UNIT_REPAIRED,PASS_METRIC_SCALE_REPAIRED,Equal grid spacing was observed; metadata was normalized to EQUAL_UNIT and the SVG root now has preserveAspectRatio=xMidYMid meet.
archive/assets/images/23_순천여고_1학기_기말_고1_기출/q06-solution.svg,SCHEMATIC_ALLOWED,[180.0],"[138.5, 150.0]",[],[11.5],,11.5,,SEMANTIC_SCALE_REVIEW_REQUIRED,PASS_EXPLICIT_SCHEMATIC_EXCEPTION,PASS_EXPLICIT_SCHEMATIC_EXCEPTION,Browser render and source facts show a relational explanatory diagram; exact metric values are printed in the solution panel and are not inferred from pixel distance.
archive/assets/images/23_순천여고_1학기_기말_고1_기출/q09-solution.svg,EQUAL_UNIT,"[108.91, 131.82, 154.73, 177.64, 200.55, 223.45, 246.36, 269.27, 292.18, 315.09]","[72.0, 94.91, 117.82, 140.73, 163.64, 186.55, 209.45, 232.36, 255.27, 278.18, 301.09, 324.0]","[22.91, 22.91, 22.91, 22.91, 22.9, 22.91, 22.91, 22.91, 22.91]","[22.91, 22.91, 22.91, 22.91, 22.91, 22.9, 22.91, 22.91, 22.91, 22.91, 22.91]",22.91,22.91,0.0,PASS_EQUAL_UNIT_DECLARED_AND_OBSERVED,PASS_METRIC_SCALE_OBSERVED,NOT_STARTED,
archive/assets/images/23_순천여고_1학기_기말_고1_기출/q12-solution.svg,EQUAL_UNIT,"[36.0, 52.0, 68.0, 84.0, 100.0, 116.0, 132.0, 148.0, 164.0, 180.0, 196.0, 212.0, 228.0, 244.0, 260.0, 276.0, 292.0, 308.0, 324.0, 340.0, 356.0]","[33.0, 49.0, 65.0, 81.0, 97.0, 113.0, 129.0, 145.0, 161.0, 177.0, 193.0, 209.0, 225.0, 241.0]","[16.0, 16.0, 16.0, 16.0, 16.0, 16.0, 16.0, 16.0, 16.0, 16.0, 16.0, 16.0, 16.0, 16.0, 16.0, 16.0, 16.0, 16.0, 16.0, 16.0]","[16.0, 16.0, 16.0, 16.0, 16.0, 16.0, 16.0, 16.0, 16.0, 16.0, 16.0, 16.0, 16.0]",16.0,16.0,0.0,PASS_EQUAL_UNIT_DECLARED_AND_OBSERVED,PASS_EQUAL_UNIT_REPAIRED,PASS_METRIC_SCALE_REPAIRED,Equal grid spacing was observed; metadata was normalized to EQUAL_UNIT and the SVG root now has preserveAspectRatio=xMidYMid meet.
archive/assets/images/23_순천여고_1학기_기말_고1_기출/q15-solution.svg,EQUAL_UNIT,"[77.6, 111.2, 144.8, 178.4, 212.0, 245.6, 279.2, 312.8, 346.4]","[72.0, 105.6, 139.2, 172.8, 206.4, 240.0, 273.6, 307.2]","[33.6, 33.6, 33.6, 33.6, 33.6, 33.6, 33.6, 33.6]","[33.6, 33.6, 33.6, 33.6, 33.6, 33.6, 33.6]",33.6,33.6,0.0,PASS_EQUAL_UNIT_DECLARED_AND_OBSERVED,PASS_METRIC_SCALE_OBSERVED,NOT_STARTED,
archive/assets/images/23_순천여고_1학기_기말_고1_기출/q16-solution.svg,EQUAL_UNIT,"[86.0, 105.38, 124.77, 144.15, 163.54, 182.92, 202.31, 221.69, 241.08, 260.46, 279.85, 299.23, 318.62, 338.0]","[72.0, 91.38, 110.77, 130.15, 149.54, 168.92, 188.31, 207.69, 227.08, 246.46, 265.85, 285.23, 304.62, 324.0]","[19.38, 19.39, 19.38, 19.39, 19.38, 19.39, 19.38, 19.39, 19.38, 19.39, 19.38, 19.39, 19.38]","[19.38, 19.39, 19.38, 19.39, 19.38, 19.39, 19.38, 19.39, 19.38, 19.39, 19.38, 19.39, 19.38]",19.38,19.38,0.0,PASS_EQUAL_UNIT_DECLARED_AND_OBSERVED,PASS_METRIC_SCALE_OBSERVED,NOT_STARTED,
archive/assets/images/23_순천여고_1학기_기말_고1_기출/q18-solution.svg,EQUAL_UNIT,"[36.0, 52.0, 68.0, 84.0, 100.0, 116.0, 132.0, 148.0, 164.0, 180.0, 196.0, 212.0, 228.0, 244.0, 260.0, 276.0, 292.0, 308.0, 324.0, 340.0, 356.0]","[33.0, 49.0, 65.0, 81.0, 97.0, 113.0, 129.0, 145.0, 161.0, 177.0, 193.0, 209.0, 225.0, 241.0]","[16.0, 16.0, 16.0, 16.0, 16.0, 16.0, 16.0, 16.0, 16.0, 16.0, 16.0, 16.0, 16.0, 16.0, 16.0, 16.0, 16.0, 16.0, 16.0, 16.0]","[16.0, 16.0, 16.0, 16.0, 16.0, 16.0, 16.0, 16.0, 16.0, 16.0, 16.0, 16.0, 16.0]",16.0,16.0,0.0,PASS_EQUAL_UNIT_DECLARED_AND_OBSERVED,PASS_EQUAL_UNIT_REPAIRED,PASS_METRIC_SCALE_REPAIRED,Equal grid spacing was observed; metadata was normalized to EQUAL_UNIT and the SVG root now has preserveAspectRatio=xMidYMid meet.
archive/assets/images/23_순천여고_2학기_중간_고1_기출/q13-solution.svg,SCHEMATIC_ALLOWED,[180.0],"[160.0, 201.0]",[],[41.0],,41.0,,SEMANTIC_SCALE_REVIEW_REQUIRED,PASS_EXPLICIT_SCHEMATIC_EXCEPTION,PASS_EXPLICIT_SCHEMATIC_EXCEPTION,Browser render and source facts show a relational explanatory diagram; exact metric values are printed in the solution panel and are not inferred from pixel distance.
archive/assets/images/23_순천여고_2학기_중간_고1_기출/q17-solution.svg,SCHEMATIC_ALLOWED,[70.0],"[193.0, 230.0]",[],[37.0],,37.0,,SEMANTIC_SCALE_REVIEW_REQUIRED,PASS_EXPLICIT_SCHEMATIC_EXCEPTION,PASS_EXPLICIT_SCHEMATIC_EXCEPTION,Browser render and source facts show a relational explanatory diagram; exact metric values are printed in the solution panel and are not inferred from pixel distance.
archive/assets/images/23_제일고_1학기_기말_고1_기출/q10-solution.svg,EQUAL_UNIT,"[36.0, 52.0, 68.0, 84.0, 100.0, 116.0, 132.0, 148.0, 164.0, 180.0, 196.0, 212.0, 228.0, 244.0, 260.0, 276.0, 292.0, 308.0, 324.0, 340.0, 356.0]","[33.0, 49.0, 65.0, 81.0, 97.0, 113.0, 129.0, 145.0, 161.0, 177.0, 193.0, 209.0, 225.0, 241.0]","[16.0, 16.0, 16.0, 16.0, 16.0, 16.0, 16.0, 16.0, 16.0, 16.0, 16.0, 16.0, 16.0, 16.0, 16.0, 16.0, 16.0, 16.0, 16.0, 16.0]","[16.0, 16.0, 16.0, 16.0, 16.0, 16.0, 16.0, 16.0, 16.0, 16.0, 16.0, 16.0, 16.0]",16.0,16.0,0.0,PASS_EQUAL_UNIT_DECLARED_AND_OBSERVED,PASS_EQUAL_UNIT_REPAIRED,PASS_METRIC_SCALE_REPAIRED,Equal grid spacing was observed; metadata was normalized to EQUAL_UNIT and the SVG root now has preserveAspectRatio=xMidYMid meet.
archive/assets/images/23_제일고_1학기_기말_고1_기출/q11-solution.svg,EQUAL_UNIT,"[36.0, 52.0, 68.0, 84.0, 100.0, 116.0, 132.0, 148.0, 164.0, 180.0, 196.0, 212.0, 228.0, 244.0, 260.0, 276.0, 292.0, 308.0, 324.0, 340.0, 356.0]","[33.0, 49.0, 65.0, 81.0, 97.0, 113.0, 129.0, 145.0, 161.0, 177.0, 193.0, 209.0, 225.0, 241.0]","[16.0, 16.0, 16.0, 16.0, 16.0, 16.0, 16.0, 16.0, 16.0, 16.0, 16.0, 16.0, 16.0, 16.0, 16.0, 16.0, 16.0, 16.0, 16.0, 16.0]","[16.0, 16.0, 16.0, 16.0, 16.0, 16.0, 16.0, 16.0, 16.0, 16.0, 16.0, 16.0, 16.0]",16.0,16.0,0.0,PASS_EQUAL_UNIT_DECLARED_AND_OBSERVED,PASS_EQUAL_UNIT_REPAIRED,PASS_METRIC_SCALE_REPAIRED,Equal grid spacing was observed; metadata was normalized to EQUAL_UNIT and the SVG root now has preserveAspectRatio=xMidYMid meet.
archive/assets/images/23_제일고_1학기_기말_고1_기출/q12-solution.svg,EQUAL_UNIT,"[36.0, 52.0, 68.0, 84.0, 100.0, 116.0, 132.0, 148.0, 164.0, 180.0, 196.0, 212.0, 228.0, 244.0, 260.0, 276.0, 292.0, 308.0, 324.0, 340.0, 356.0]","[33.0, 49.0, 65.0, 81.0, 97.0, 113.0, 129.0, 145.0, 161.0, 177.0, 193.0, 209.0, 225.0, 241.0]","[16.0, 16.0, 16.0, 16.0, 16.0, 16.0, 16.0, 16.0, 16.0, 16.0, 16.0, 16.0, 16.0, 16.0, 16.0, 16.0, 16.0, 16.0, 16.0, 16.0]","[16.0, 16.0, 16.0, 16.0, 16.0, 16.0, 16.0, 16.0, 16.0, 16.0, 16.0, 16.0, 16.0]",16.0,16.0,0.0,PASS_EQUAL_UNIT_DECLARED_AND_OBSERVED,PASS_EQUAL_UNIT_REPAIRED,PASS_METRIC_SCALE_REPAIRED,Equal grid spacing was observed; metadata was normalized to EQUAL_UNIT and the SVG root now has preserveAspectRatio=xMidYMid meet.
archive/assets/images/23_제일고_1학기_기말_고1_기출/q14-solution.svg,EQUAL_UNIT,"[59.0, 95.0, 131.0, 167.0, 203.0, 239.0, 275.0, 311.0, 347.0]","[90.0, 126.0, 162.0, 198.0, 234.0, 270.0, 306.0]","[36.0, 36.0, 36.0, 36.0, 36.0, 36.0, 36.0, 36.0]","[36.0, 36.0, 36.0, 36.0, 36.0, 36.0]",36.0,36.0,0.0,PASS_EQUAL_UNIT_DECLARED_AND_OBSERVED,PASS_METRIC_SCALE_OBSERVED,NOT_STARTED,
archive/assets/images/23_제일고_1학기_기말_고1_기출/q15-solution.svg,EQUAL_UNIT,"[60.0, 70.0, 80.0, 90.0, 100.0, 110.0, 120.0, 130.0, 140.0, 150.0, 160.0, 170.0, 180.0, 190.0, 200.0, 210.0, 220.0, 230.0, 240.0, 250.0, 260.0, 270.0, 280.0, 290.0, 300.0]","[40.0, 50.0, 60.0, 70.0, 80.0, 90.0, 100.0, 110.0, 120.0, 130.0, 140.0, 150.0, 160.0, 170.0, 180.0, 190.0, 200.0, 210.0, 220.0, 230.0, 240.0, 250.0]","[10.0, 10.0, 10.0, 10.0, 10.0, 10.0, 10.0, 10.0, 10.0, 10.0, 10.0, 10.0, 10.0, 10.0, 10.0, 10.0, 10.0, 10.0, 10.0, 10.0, 10.0, 10.0, 10.0, 10.0]","[10.0, 10.0, 10.0, 10.0, 10.0, 10.0, 10.0, 10.0, 10.0, 10.0, 10.0, 10.0, 10.0, 10.0, 10.0, 10.0, 10.0, 10.0, 10.0, 10.0, 10.0]",10.0,10.0,0.0,PASS_EQUAL_UNIT_DECLARED_AND_OBSERVED,PASS_EQUAL_UNIT_REPAIRED,PASS_METRIC_SCALE_REPAIRED,Equal grid spacing was observed; metadata was normalized to EQUAL_UNIT and the SVG root now has preserveAspectRatio=xMidYMid meet.
archive/assets/images/23_제일고_1학기_기말_고1_기출/q16-solution.svg,EQUAL_UNIT,"[36.0, 52.0, 68.0, 84.0, 100.0, 116.0, 132.0, 135.2, 148.0, 164.0, 180.0, 196.0, 212.0, 228.0, 244.0, 260.0, 276.0, 292.0, 308.0, 324.0, 340.0, 356.0]","[33.0, 49.0, 65.0, 81.0, 97.0, 113.0, 129.0, 145.0, 161.0, 177.0, 193.0, 209.0, 225.0, 241.0]","[16.0, 16.0, 16.0, 16.0, 16.0, 16.0, 3.2, 12.8, 16.0, 16.0, 16.0, 16.0, 16.0, 16.0, 16.0, 16.0, 16.0, 16.0, 16.0, 16.0, 16.0]","[16.0, 16.0, 16.0, 16.0, 16.0, 16.0, 16.0, 16.0, 16.0, 16.0, 16.0, 16.0, 16.0]",16.0,16.0,0.0,PASS_EQUAL_UNIT_DECLARED_AND_OBSERVED,PASS_EQUAL_UNIT_REPAIRED,PASS_METRIC_SCALE_REPAIRED,Equal grid spacing was observed; metadata was normalized to EQUAL_UNIT and the SVG root now has preserveAspectRatio=xMidYMid meet.
archive/assets/images/23_제일고_1학기_기말_고1_기출/q17-solution.svg,EQUAL_UNIT,"[36.0, 52.0, 68.0, 84.0, 100.0, 116.0, 132.0, 148.0, 164.0, 180.0, 196.0, 212.0, 228.0, 244.0, 260.0, 276.0, 292.0, 308.0, 324.0, 340.0, 356.0]","[33.0, 49.0, 65.0, 81.0, 97.0, 113.0, 129.0, 145.0, 161.0, 177.0, 193.0, 209.0, 225.0, 241.0]","[16.0, 16.0, 16.0, 16.0, 16.0, 16.0, 16.0, 16.0, 16.0, 16.0, 16.0, 16.0, 16.0, 16.0, 16.0, 16.0, 16.0, 16.0, 16.0, 16.0]","[16.0, 16.0, 16.0, 16.0, 16.0, 16.0, 16.0, 16.0, 16.0, 16.0, 16.0, 16.0, 16.0]",16.0,16.0,0.0,PASS_EQUAL_UNIT_DECLARED_AND_OBSERVED,PASS_EQUAL_UNIT_REPAIRED,PASS_METRIC_SCALE_REPAIRED,Equal grid spacing was observed; metadata was normalized to EQUAL_UNIT and the SVG root now has preserveAspectRatio=xMidYMid meet.
archive/assets/images/23_제일고_1학기_기말_고1_기출/q18-solution.svg,EQUAL_UNIT,"[95.0, 113.0, 131.0, 149.0, 167.0, 185.0, 203.0, 221.0, 239.0, 257.0, 275.0, 293.0, 311.0, 329.0]","[72.0, 90.0, 108.0, 126.0, 144.0, 162.0, 180.0, 198.0, 216.0, 234.0, 252.0, 270.0, 288.0, 306.0, 324.0]","[18.0, 18.0, 18.0, 18.0, 18.0, 18.0, 18.0, 18.0, 18.0, 18.0, 18.0, 18.0, 18.0]","[18.0, 18.0, 18.0, 18.0, 18.0, 18.0, 18.0, 18.0, 18.0, 18.0, 18.0, 18.0, 18.0, 18.0]",18.0,18.0,0.0,PASS_EQUAL_UNIT_DECLARED_AND_OBSERVED,PASS_METRIC_SCALE_OBSERVED,NOT_STARTED,
archive/assets/images/23_제일고_1학기_기말_고1_기출/q21-solution.svg,SCHEMATIC_ALLOWED,[180.0],[125.0],[],[],,,,SEMANTIC_SCALE_REVIEW_REQUIRED,PASS_EXPLICIT_SCHEMATIC_EXCEPTION,PASS_EXPLICIT_SCHEMATIC_EXCEPTION,Browser render and source facts show a relational explanatory diagram; exact metric values are printed in the solution panel and are not inferred from pixel distance.
archive/assets/images/23_제일고_1학기_기말_고1_기출/q22-solution.svg,EQUAL_UNIT,"[111.2, 136.4, 161.6, 186.8, 212.0, 237.2, 262.4, 287.6, 312.8]","[72.0, 97.2, 122.4, 147.6, 172.8, 198.0, 223.2, 248.4, 273.6, 298.8, 324.0]","[25.2, 25.2, 25.2, 25.2, 25.2, 25.2, 25.2, 25.2]","[25.2, 25.2, 25.2, 25.2, 25.2, 25.2, 25.2, 25.2, 25.2, 25.2]",25.2,25.2,0.0,PASS_EQUAL_UNIT_DECLARED_AND_OBSERVED,PASS_METRIC_SCALE_OBSERVED,NOT_STARTED,
archive/assets/images/23_팔마고_1학기_기말_고1_기출/q06-solution.svg,EQUAL_UNIT,"[36.0, 52.0, 68.0, 84.0, 100.0, 116.0, 132.0, 148.0, 164.0, 180.0, 196.0, 212.0, 228.0, 244.0, 260.0, 276.0, 292.0, 308.0, 324.0, 340.0, 356.0]","[33.0, 49.0, 65.0, 81.0, 97.0, 113.0, 129.0, 145.0, 161.0, 177.0, 193.0, 209.0, 225.0, 241.0]","[16.0, 16.0, 16.0, 16.0, 16.0, 16.0, 16.0, 16.0, 16.0, 16.0, 16.0, 16.0, 16.0, 16.0, 16.0, 16.0, 16.0, 16.0, 16.0, 16.0]","[16.0, 16.0, 16.0, 16.0, 16.0, 16.0, 16.0, 16.0, 16.0, 16.0, 16.0, 16.0, 16.0]",16.0,16.0,0.0,PASS_EQUAL_UNIT_DECLARED_AND_OBSERVED,PASS_EQUAL_UNIT_REPAIRED,PASS_METRIC_SCALE_REPAIRED,Equal grid spacing was observed; metadata was normalized to EQUAL_UNIT and the SVG root now has preserveAspectRatio=xMidYMid meet.
archive/assets/images/23_팔마고_1학기_기말_고1_기출/q11-solution.svg,EQUAL_UNIT,"[36.0, 52.0, 68.0, 84.0, 100.0, 116.0, 132.0, 148.0, 164.0, 180.0, 196.0, 212.0, 228.0, 244.0, 260.0, 276.0, 292.0, 308.0, 324.0, 340.0, 356.0]","[33.0, 49.0, 65.0, 81.0, 97.0, 113.0, 129.0, 145.0, 161.0, 177.0, 193.0, 209.0, 225.0, 241.0]","[16.0, 16.0, 16.0, 16.0, 16.0, 16.0, 16.0, 16.0, 16.0, 16.0, 16.0, 16.0, 16.0, 16.0, 16.0, 16.0, 16.0, 16.0, 16.0, 16.0]","[16.0, 16.0, 16.0, 16.0, 16.0, 16.0, 16.0, 16.0, 16.0, 16.0, 16.0, 16.0, 16.0]",16.0,16.0,0.0,PASS_EQUAL_UNIT_DECLARED_AND_OBSERVED,PASS_EQUAL_UNIT_REPAIRED,PASS_METRIC_SCALE_REPAIRED,Equal grid spacing was observed; metadata was normalized to EQUAL_UNIT and the SVG root now has preserveAspectRatio=xMidYMid meet.
archive/assets/images/23_팔마고_1학기_기말_고1_기출/q14-solution.svg,EQUAL_UNIT,"[86.0, 111.2, 136.4, 161.6, 186.8, 212.0, 237.2, 262.4, 287.6, 312.8, 338.0]","[72.0, 97.2, 122.4, 147.6, 172.8, 198.0, 223.2, 248.4, 273.6, 298.8, 324.0]","[25.2, 25.2, 25.2, 25.2, 25.2, 25.2, 25.2, 25.2, 25.2, 25.2]","[25.2, 25.2, 25.2, 25.2, 25.2, 25.2, 25.2, 25.2, 25.2, 25.2]",25.2,25.2,0.0,PASS_EQUAL_UNIT_DECLARED_AND_OBSERVED,PASS_METRIC_SCALE_OBSERVED,NOT_STARTED,
archive/assets/images/23_팔마고_1학기_기말_고1_기출/q16-solution.svg,EQUAL_UNIT,"[36.0, 52.0, 68.0, 84.0, 100.0, 116.0, 132.0, 148.0, 164.0, 180.0, 196.0, 212.0, 228.0, 244.0, 260.0, 276.0, 292.0, 308.0, 324.0, 340.0, 356.0]","[33.0, 49.0, 65.0, 81.0, 97.0, 113.0, 129.0, 145.0, 161.0, 177.0, 193.0, 209.0, 225.0, 241.0]","[16.0, 16.0, 16.0, 16.0, 16.0, 16.0, 16.0, 16.0, 16.0, 16.0, 16.0, 16.0, 16.0, 16.0, 16.0, 16.0, 16.0, 16.0, 16.0, 16.0]","[16.0, 16.0, 16.0, 16.0, 16.0, 16.0, 16.0, 16.0, 16.0, 16.0, 16.0, 16.0, 16.0]",16.0,16.0,0.0,PASS_EQUAL_UNIT_DECLARED_AND_OBSERVED,PASS_EQUAL_UNIT_REPAIRED,PASS_METRIC_SCALE_REPAIRED,Equal grid spacing was observed; metadata was normalized to EQUAL_UNIT and the SVG root now has preserveAspectRatio=xMidYMid meet.
archive/assets/images/23_팔마고_1학기_기말_고1_기출/q19-solution.svg,EQUAL_UNIT,"[36.0, 52.0, 68.0, 84.0, 100.0, 116.0, 132.0, 148.0, 164.0, 180.0, 196.0, 212.0, 228.0, 244.0, 260.0, 276.0, 292.0, 308.0, 324.0, 340.0, 356.0]","[33.0, 49.0, 65.0, 81.0, 97.0, 113.0, 129.0, 145.0, 161.0, 177.0, 193.0, 209.0, 225.0, 241.0]","[16.0, 16.0, 16.0, 16.0, 16.0, 16.0, 16.0, 16.0, 16.0, 16.0, 16.0, 16.0, 16.0, 16.0, 16.0, 16.0, 16.0, 16.0, 16.0, 16.0]","[16.0, 16.0, 16.0, 16.0, 16.0, 16.0, 16.0, 16.0, 16.0, 16.0, 16.0, 16.0, 16.0]",16.0,16.0,0.0,PASS_EQUAL_UNIT_DECLARED_AND_OBSERVED,PASS_EQUAL_UNIT_REPAIRED,PASS_METRIC_SCALE_REPAIRED,Equal grid spacing was observed; metadata was normalized to EQUAL_UNIT and the SVG root now has preserveAspectRatio=xMidYMid meet.
archive/assets/images/23_팔마고_2학기_중간_고1_기출/q15-solution.svg,SCHEMATIC_ALLOWED,[190.0],"[155.0, 190.0, 227.0]",[],"[35.0, 37.0]",,36.0,,SEMANTIC_SCALE_REVIEW_REQUIRED,PASS_EXPLICIT_SCHEMATIC_EXCEPTION,PASS_EXPLICIT_SCHEMATIC_EXCEPTION,Browser render and source facts show a relational explanatory diagram; exact metric values are printed in the solution panel and are not inferred from pixel distance.
archive/assets/images/23_팔마고_2학기_중간_고1_기출/q16-solution.svg,SCHEMATIC_ALLOWED,[140.0],"[146.0, 190.0, 193.0]",[],"[44.0, 3.0]",,23.5,,SEMANTIC_SCALE_REVIEW_REQUIRED,PASS_EXPLICIT_SCHEMATIC_EXCEPTION,PASS_EXPLICIT_SCHEMATIC_EXCEPTION,Browser render and source facts show a relational explanatory diagram; exact metric values are printed in the solution panel and are not inferred from pixel distance.
archive/assets/images/23_팔마고_2학기_중간_고1_기출/q18-solution.svg,SCHEMATIC_ALLOWED,[70.0],"[166.0, 230.0]",[],[64.0],,64.0,,SEMANTIC_SCALE_REVIEW_REQUIRED,PASS_EXPLICIT_SCHEMATIC_EXCEPTION,PASS_EXPLICIT_SCHEMATIC_EXCEPTION,Browser render and source facts show a relational explanatory diagram; exact metric values are printed in the solution panel and are not inferred from pixel distance.
archive/assets/images/24_금당고_1학기_기말_고1_기출/q07-solution.svg,EQUAL_UNIT,"[54.5, 86.0, 117.5, 149.0, 180.5, 212.0, 243.5, 275.0, 306.5, 338.0, 369.5]","[72.0, 103.5, 135.0, 166.5, 198.0, 229.5, 261.0, 292.5, 324.0]","[31.5, 31.5, 31.5, 31.5, 31.5, 31.5, 31.5, 31.5, 31.5, 31.5]","[31.5, 31.5, 31.5, 31.5, 31.5, 31.5, 31.5, 31.5]",31.5,31.5,0.0,PASS_EQUAL_UNIT_DECLARED_AND_OBSERVED,PASS_METRIC_SCALE_OBSERVED,NOT_STARTED,
archive/assets/images/24_금당고_1학기_기말_고1_기출/q09-solution.svg,EQUAL_UNIT,"[86.0, 108.91, 131.82, 154.73, 177.64, 200.55, 223.45, 246.36, 269.27, 292.18, 315.09, 338.0]","[72.0, 94.91, 117.82, 140.73, 163.64, 186.55, 209.45, 232.36, 255.27, 278.18, 301.09, 324.0]","[22.91, 22.91, 22.91, 22.91, 22.91, 22.9, 22.91, 22.91, 22.91, 22.91, 22.91]","[22.91, 22.91, 22.91, 22.91, 22.91, 22.9, 22.91, 22.91, 22.91, 22.91, 22.91]",22.91,22.91,0.0,PASS_EQUAL_UNIT_DECLARED_AND_OBSERVED,PASS_METRIC_SCALE_OBSERVED,NOT_STARTED,
archive/assets/images/24_금당고_1학기_기말_고1_기출/q16-solution.svg,EQUAL_UNIT,"[170.0, 216.67, 263.33]","[72.0, 118.67, 165.33, 212.0, 258.67, 305.33]","[46.67, 46.66]","[46.67, 46.66, 46.67, 46.67, 46.66]",46.665,46.67,0.00010713520462829564,PASS_EQUAL_UNIT_DECLARED_AND_OBSERVED,PASS_METRIC_SCALE_OBSERVED,NOT_STARTED,
archive/assets/images/24_금당고_1학기_기말_고1_기출/q20-solution.svg,EQUAL_UNIT,"[111.2, 161.6, 212.0, 262.4, 312.8]","[72.0, 122.4, 172.8, 223.2, 273.6, 324.0]","[50.4, 50.4, 50.4, 50.4]","[50.4, 50.4, 50.4, 50.4, 50.4]",50.4,50.4,0.0,PASS_EQUAL_UNIT_DECLARED_AND_OBSERVED,PASS_METRIC_SCALE_OBSERVED,NOT_STARTED,
archive/assets/images/24_매산고_1학기_기말_고1_기출/q07-solution.svg,EQUAL_UNIT,"[74.55, 97.45, 120.36, 143.27, 166.18, 189.09, 212.0, 234.91, 257.82, 280.73, 303.64, 326.55, 349.45]","[72.0, 94.91, 117.82, 140.73, 163.64, 186.55, 209.45, 232.36, 255.27, 278.18, 301.09, 324.0]","[22.9, 22.91, 22.91, 22.91, 22.91, 22.91, 22.91, 22.91, 22.91, 22.91, 22.91, 22.9]","[22.91, 22.91, 22.91, 22.91, 22.91, 22.9, 22.91, 22.91, 22.91, 22.91, 22.91]",22.91,22.91,0.0,PASS_EQUAL_UNIT_DECLARED_AND_OBSERVED,PASS_METRIC_SCALE_OBSERVED,NOT_STARTED,
archive/assets/images/24_매산고_1학기_기말_고1_기출/q09-solution.svg,EQUAL_UNIT,"[60.8, 111.2, 161.6, 212.0, 262.4, 312.8, 363.2]","[72.0, 122.4, 172.8, 223.2, 273.6, 324.0]","[50.4, 50.4, 50.4, 50.4, 50.4, 50.4]","[50.4, 50.4, 50.4, 50.4, 50.4]",50.4,50.4,0.0,PASS_EQUAL_UNIT_DECLARED_AND_OBSERVED,PASS_METRIC_SCALE_OBSERVED,NOT_STARTED,
archive/assets/images/24_매산고_1학기_기말_고1_기출/q15-solution.svg,EQUAL_UNIT,"[86.0, 131.0, 176.0, 221.0, 266.0, 311.0, 356.0]","[81.0, 126.0, 171.0, 216.0, 261.0, 306.0]","[45.0, 45.0, 45.0, 45.0, 45.0, 45.0]","[45.0, 45.0, 45.0, 45.0, 45.0]",45.0,45.0,0.0,PASS_EQUAL_UNIT_DECLARED_AND_OBSERVED,PASS_METRIC_SCALE_OBSERVED,NOT_STARTED,
archive/assets/images/24_매산고_1학기_기말_고1_기출/q17-solution.svg,EQUAL_UNIT,"[130.47, 160.12, 189.76, 219.41, 249.06, 278.71, 308.35]","[86.82, 116.47, 146.12, 175.76, 205.41, 235.06, 264.71, 294.35, 324.0]","[29.65, 29.64, 29.65, 29.65, 29.65, 29.64]","[29.65, 29.65, 29.64, 29.65, 29.65, 29.65, 29.64, 29.65]",29.65,29.65,0.0,PASS_EQUAL_UNIT_DECLARED_AND_OBSERVED,PASS_METRIC_SCALE_OBSERVED,NOT_STARTED,
archive/assets/images/24_제일고_1학기_기말_고1_기출/q10-solution.svg,EQUAL_UNIT,"[58.0, 86.0, 114.0, 142.0, 170.0, 198.0, 226.0, 254.0, 282.0, 310.0, 338.0, 366.0]","[72.0, 100.0, 128.0, 156.0, 184.0, 212.0, 240.0, 268.0, 296.0, 324.0]","[28.0, 28.0, 28.0, 28.0, 28.0, 28.0, 28.0, 28.0, 28.0, 28.0, 28.0]","[28.0, 28.0, 28.0, 28.0, 28.0, 28.0, 28.0, 28.0, 28.0]",28.0,28.0,0.0,PASS_EQUAL_UNIT_DECLARED_AND_OBSERVED,PASS_METRIC_SCALE_OBSERVED,NOT_STARTED,
archive/assets/images/24_제일고_1학기_기말_고1_기출/q12-solution.svg,EQUAL_UNIT,"[181.76, 232.16, 282.56]","[72.0, 122.4, 172.8, 223.2, 273.6, 324.0]","[50.4, 50.4]","[50.4, 50.4, 50.4, 50.4, 50.4]",50.4,50.4,0.0,PASS_EQUAL_UNIT_DECLARED_AND_OBSERVED,PASS_METRIC_SCALE_OBSERVED,NOT_STARTED,
archive/assets/images/24_제일고_1학기_기말_고1_기출/q13-solution.svg,EQUAL_UNIT,"[117.5, 149.0, 180.5, 212.0, 243.5, 275.0, 306.5]","[87.75, 119.25, 150.75, 182.25, 213.75, 245.25, 276.75, 308.25]","[31.5, 31.5, 31.5, 31.5, 31.5, 31.5]","[31.5, 31.5, 31.5, 31.5, 31.5, 31.5, 31.5]",31.5,31.5,0.0,PASS_EQUAL_UNIT_DECLARED_AND_OBSERVED,PASS_METRIC_SCALE_OBSERVED,NOT_STARTED,
archive/assets/images/24_제일고_1학기_기말_고1_기출/q15-solution.svg,EQUAL_UNIT,"[113.0, 131.0, 149.0, 167.0, 185.0, 203.0, 221.0, 239.0, 257.0, 275.0, 293.0, 311.0]","[72.0, 90.0, 108.0, 126.0, 144.0, 162.0, 180.0, 198.0, 216.0, 234.0, 252.0, 270.0, 288.0, 306.0, 324.0]","[18.0, 18.0, 18.0, 18.0, 18.0, 18.0, 18.0, 18.0, 18.0, 18.0, 18.0]","[18.0, 18.0, 18.0, 18.0, 18.0, 18.0, 18.0, 18.0, 18.0, 18.0, 18.0, 18.0, 18.0, 18.0]",18.0,18.0,0.0,PASS_EQUAL_UNIT_DECLARED_AND_OBSERVED,PASS_METRIC_SCALE_OBSERVED,NOT_STARTED,
archive/assets/images/24_제일고_1학기_기말_고1_기출/q17-solution.svg,EQUAL_UNIT,"[93.41, 123.06, 152.71, 182.35, 212.0, 241.65, 271.29, 300.94, 330.59]","[86.82, 116.47, 146.12, 175.76, 205.41, 235.06, 264.71, 294.35, 324.0]","[29.65, 29.65, 29.64, 29.65, 29.65, 29.64, 29.65, 29.65]","[29.65, 29.65, 29.64, 29.65, 29.65, 29.65, 29.64, 29.65]",29.65,29.65,0.0,PASS_EQUAL_UNIT_DECLARED_AND_OBSERVED,PASS_METRIC_SCALE_OBSERVED,NOT_STARTED,
archive/assets/images/24_제일고_1학기_기말_고1_기출/q21-solution.svg,EQUAL_UNIT,"[86.0, 109.0, 132.0, 155.0, 178.0, 200.55, 201.0, 223.0, 246.0, 269.0, 292.0, 315.0, 338.0]","[95.0, 118.0, 141.0, 164.0, 187.0, 209.0, 209.45, 232.0, 255.0, 278.0, 301.0]","[23.0, 23.0, 23.0, 23.0, 22.55, 0.45, 22.0, 23.0, 23.0, 23.0, 23.0, 23.0]","[23.0, 23.0, 23.0, 23.0, 22.0, 0.45, 22.55, 23.0, 23.0, 23.0]",23.0,23.0,0.0,PASS_EQUAL_UNIT_DECLARED_AND_OBSERVED,PASS_METRIC_SCALE_OBSERVED,NOT_STARTED,
archive/assets/images/24_제일고_1학기_기말_고1_기출/q22-solution.svg,EQUAL_UNIT,"[54.5, 86.0, 117.5, 149.0, 180.5, 212.0, 243.5, 275.0, 306.5, 338.0, 369.5]","[72.0, 103.5, 135.0, 166.5, 198.0, 229.5, 261.0, 292.5, 324.0]","[31.5, 31.5, 31.5, 31.5, 31.5, 31.5, 31.5, 31.5, 31.5, 31.5]","[31.5, 31.5, 31.5, 31.5, 31.5, 31.5, 31.5, 31.5]",31.5,31.5,0.0,PASS_EQUAL_UNIT_DECLARED_AND_OBSERVED,PASS_METRIC_SCALE_OBSERVED,NOT_STARTED,
archive/assets/images/25_금당고_2학기_기말_고1_기출/q18-solution.svg,EQUAL_UNIT,"[128.0, 149.0, 170.0, 191.0, 212.0, 233.0, 254.0, 275.0, 296.0]","[72.0, 93.0, 114.0, 135.0, 156.0, 177.0, 198.0, 219.0, 240.0, 261.0, 282.0, 303.0, 324.0]","[21.0, 21.0, 21.0, 21.0, 21.0, 21.0, 21.0, 21.0]","[21.0, 21.0, 21.0, 21.0, 21.0, 21.0, 21.0, 21.0, 21.0, 21.0, 21.0, 21.0]",21.0,21.0,0.0,PASS_EQUAL_UNIT_DECLARED_AND_OBSERVED,PASS_METRIC_SCALE_OBSERVED,NOT_STARTED,
archive/assets/images/25_금당고_2학기_중간_고1_기출/q03-solution.svg,EQUAL_UNIT,"[70.25, 101.75, 133.25, 164.75, 196.25, 227.75, 259.25, 290.75, 322.25, 353.75]","[72.0, 103.5, 135.0, 166.5, 198.0, 229.5, 261.0, 292.5, 324.0]","[31.5, 31.5, 31.5, 31.5, 31.5, 31.5, 31.5, 31.5, 31.5]","[31.5, 31.5, 31.5, 31.5, 31.5, 31.5, 31.5, 31.5]",31.5,31.5,0.0,PASS_EQUAL_UNIT_DECLARED_AND_OBSERVED,PASS_METRIC_SCALE_OBSERVED,NOT_STARTED,
archive/assets/images/25_금당고_2학기_중간_고1_기출/q04-solution.svg,EQUAL_UNIT,"[167.0, 212.0, 257.0]","[108.0, 153.0, 198.0, 243.0, 288.0]","[45.0, 45.0]","[45.0, 45.0, 45.0, 45.0]",45.0,45.0,0.0,PASS_EQUAL_UNIT_DECLARED_AND_OBSERVED,PASS_METRIC_SCALE_OBSERVED,NOT_STARTED,
archive/assets/images/25_금당고_2학기_중간_고1_기출/q08-solution.svg,EQUAL_UNIT,"[86.0, 122.0, 158.0, 194.0, 230.0, 266.0, 302.0, 338.0]","[72.0, 108.0, 144.0, 180.0, 216.0, 252.0, 288.0, 324.0]","[36.0, 36.0, 36.0, 36.0, 36.0, 36.0, 36.0]","[36.0, 36.0, 36.0, 36.0, 36.0, 36.0, 36.0]",36.0,36.0,0.0,PASS_EQUAL_UNIT_DECLARED_AND_OBSERVED,PASS_METRIC_SCALE_OBSERVED,NOT_STARTED,
archive/assets/images/25_금당고_2학기_중간_고1_기출/q11-solution.svg,EQUAL_UNIT,"[135.0, 163.0, 191.0, 219.0, 247.0, 275.0, 303.0]","[100.0, 128.0, 156.0, 184.0, 212.0, 240.0, 268.0, 296.0]","[28.0, 28.0, 28.0, 28.0, 28.0, 28.0]","[28.0, 28.0, 28.0, 28.0, 28.0, 28.0, 28.0]",28.0,28.0,0.0,PASS_EQUAL_UNIT_DECLARED_AND_OBSERVED,PASS_METRIC_SCALE_OBSERVED,NOT_STARTED,
archive/assets/images/25_금당고_2학기_중간_고1_기출/q12-solution.svg,EQUAL_UNIT,"[86.0, 107.0, 128.0, 149.0, 170.0, 191.0, 212.0, 233.0, 254.0, 275.0, 296.0, 317.0, 338.0]","[72.0, 93.0, 114.0, 135.0, 156.0, 177.0, 198.0, 219.0, 240.0, 261.0, 282.0, 303.0, 324.0]","[21.0, 21.0, 21.0, 21.0, 21.0, 21.0, 21.0, 21.0, 21.0, 21.0, 21.0, 21.0]","[21.0, 21.0, 21.0, 21.0, 21.0, 21.0, 21.0, 21.0, 21.0, 21.0, 21.0, 21.0]",21.0,21.0,0.0,PASS_EQUAL_UNIT_DECLARED_AND_OBSERVED,PASS_METRIC_SCALE_OBSERVED,NOT_STARTED,
archive/assets/images/25_금당고_2학기_중간_고1_기출/q16-solution.svg,EQUAL_UNIT,"[119.6, 153.2, 186.8, 220.4, 254.0, 287.6, 321.2]","[72.0, 105.6, 139.2, 172.8, 204.3, 206.4, 240.0, 273.6, 307.2]","[33.6, 33.6, 33.6, 33.6, 33.6, 33.6]","[33.6, 33.6, 33.6, 31.5, 2.1, 33.6, 33.6, 33.6]",33.6,33.6,0.0,PASS_EQUAL_UNIT_DECLARED_AND_OBSERVED,PASS_METRIC_SCALE_OBSERVED,NOT_STARTED,
archive/assets/images/25_금당고_2학기_중간_고1_기출/q18-solution.svg,EQUAL_UNIT,"[94.4, 128.0, 161.6, 195.2, 228.8, 262.4, 296.0, 329.6]","[72.0, 105.6, 139.2, 172.8, 206.4, 240.0, 273.6, 307.2]","[33.6, 33.6, 33.6, 33.6, 33.6, 33.6, 33.6]","[33.6, 33.6, 33.6, 33.6, 33.6, 33.6, 33.6]",33.6,33.6,0.0,PASS_EQUAL_UNIT_DECLARED_AND_OBSERVED,PASS_METRIC_SCALE_OBSERVED,NOT_STARTED,
archive/assets/images/25_금당고_2학기_중간_고1_기출/q19-solution.svg,EQUAL_UNIT,"[98.6, 123.8, 149.0, 174.2, 199.4, 224.6, 249.8, 275.0, 300.2, 325.4]","[72.0, 97.2, 122.4, 147.6, 172.8, 198.0, 223.2, 248.4, 273.6, 298.8, 324.0]","[25.2, 25.2, 25.2, 25.2, 25.2, 25.2, 25.2, 25.2, 25.2]","[25.2, 25.2, 25.2, 25.2, 25.2, 25.2, 25.2, 25.2, 25.2, 25.2]",25.2,25.2,0.0,PASS_EQUAL_UNIT_DECLARED_AND_OBSERVED,PASS_METRIC_SCALE_OBSERVED,NOT_STARTED,
archive/assets/images/25_금당고_2학기_중간_고1_기출/q21-solution.svg,EQUAL_UNIT,"[65.0, 86.0, 107.0, 128.0, 149.0, 170.0, 191.0, 212.0, 233.0, 254.0, 275.0, 296.0, 317.0, 338.0, 359.0]","[72.0, 93.0, 114.0, 135.0, 156.0, 177.0, 198.0, 219.0, 240.0, 261.0, 282.0, 303.0, 324.0]","[21.0, 21.0, 21.0, 21.0, 21.0, 21.0, 21.0, 21.0, 21.0, 21.0, 21.0, 21.0, 21.0, 21.0]","[21.0, 21.0, 21.0, 21.0, 21.0, 21.0, 21.0, 21.0, 21.0, 21.0, 21.0, 21.0]",21.0,21.0,0.0,PASS_EQUAL_UNIT_DECLARED_AND_OBSERVED,PASS_METRIC_SCALE_OBSERVED,NOT_STARTED,
archive/assets/images/25_매산고_2학기_중간_고1_기출/q07-solution.svg,EQUAL_UNIT,"[86.0, 107.0, 128.0, 149.0, 170.0, 191.0, 212.0, 233.0, 254.0, 275.0, 296.0, 317.0, 338.0]","[72.0, 93.0, 114.0, 135.0, 156.0, 177.0, 198.0, 219.0, 240.0, 261.0, 282.0, 303.0, 324.0]","[21.0, 21.0, 21.0, 21.0, 21.0, 21.0, 21.0, 21.0, 21.0, 21.0, 21.0, 21.0]","[21.0, 21.0, 21.0, 21.0, 21.0, 21.0, 21.0, 21.0, 21.0, 21.0, 21.0, 21.0]",21.0,21.0,0.0,PASS_EQUAL_UNIT_DECLARED_AND_OBSERVED,PASS_METRIC_SCALE_OBSERVED,NOT_STARTED,
archive/assets/images/25_매산고_2학기_중간_고1_기출/q10-solution.svg,EQUAL_UNIT,"[41.0, 77.0, 113.0, 149.0, 185.0, 221.0, 257.0, 293.0, 329.0, 365.0]","[90.0, 126.0, 162.0, 198.0, 234.0, 270.0, 306.0]","[36.0, 36.0, 36.0, 36.0, 36.0, 36.0, 36.0, 36.0, 36.0]","[36.0, 36.0, 36.0, 36.0, 36.0, 36.0]",36.0,36.0,0.0,PASS_EQUAL_UNIT_DECLARED_AND_OBSERVED,PASS_METRIC_SCALE_OBSERVED,NOT_STARTED,
archive/assets/images/25_매산고_2학기_중간_고1_기출/q14-solution.svg,EQUAL_UNIT,"[59.0, 95.0, 131.0, 167.0, 203.0, 239.0, 275.0, 311.0, 347.0]","[72.0, 108.0, 144.0, 180.0, 216.0, 252.0, 288.0, 324.0]","[36.0, 36.0, 36.0, 36.0, 36.0, 36.0, 36.0, 36.0]","[36.0, 36.0, 36.0, 36.0, 36.0, 36.0, 36.0]",36.0,36.0,0.0,PASS_EQUAL_UNIT_DECLARED_AND_OBSERVED,PASS_METRIC_SCALE_OBSERVED,NOT_STARTED,
archive/assets/images/25_매산고_2학기_중간_고1_기출/q18-solution.svg,EQUAL_UNIT,"[86.0, 114.0, 142.0, 170.0, 198.0, 226.0, 254.0, 282.0, 310.0, 338.0]","[72.0, 100.0, 128.0, 156.0, 184.0, 212.0, 240.0, 268.0, 296.0, 324.0]","[28.0, 28.0, 28.0, 28.0, 28.0, 28.0, 28.0, 28.0, 28.0]","[28.0, 28.0, 28.0, 28.0, 28.0, 28.0, 28.0, 28.0, 28.0]",28.0,28.0,0.0,PASS_EQUAL_UNIT_DECLARED_AND_OBSERVED,PASS_METRIC_SCALE_OBSERVED,NOT_STARTED,
archive/assets/images/25_매산고_2학기_중간_고1_기출/q20-solution.svg,EQUAL_UNIT,"[86.0, 136.4, 186.8, 237.2, 287.6, 338.0]","[72.0, 122.4, 172.8, 223.2, 273.6, 324.0]","[50.4, 50.4, 50.4, 50.4, 50.4]","[50.4, 50.4, 50.4, 50.4, 50.4]",50.4,50.4,0.0,PASS_EQUAL_UNIT_DECLARED_AND_OBSERVED,PASS_METRIC_SCALE_OBSERVED,NOT_STARTED,
archive/assets/images/25_순천고_2학기_중간_고1_기출/q07-solution.svg,EQUAL_UNIT,"[74.55, 97.45, 120.36, 143.27, 166.18, 189.09, 212.0, 234.91, 257.82, 280.73, 303.64, 326.55, 349.45]","[72.0, 94.91, 117.82, 140.73, 163.64, 186.55, 209.45, 232.36, 255.27, 278.18, 301.09, 324.0]","[22.9, 22.91, 22.91, 22.91, 22.91, 22.91, 22.91, 22.91, 22.91, 22.91, 22.91, 22.9]","[22.91, 22.91, 22.91, 22.91, 22.91, 22.9, 22.91, 22.91, 22.91, 22.91, 22.91]",22.91,22.91,0.0,PASS_EQUAL_UNIT_DECLARED_AND_OBSERVED,PASS_METRIC_SCALE_OBSERVED,NOT_STARTED,
archive/assets/images/25_순천고_2학기_중간_고1_기출/q09-solution.svg,EQUAL_UNIT,"[75.5, 96.5, 117.5, 138.5, 159.5, 180.5, 201.5, 222.5, 243.5, 264.5, 285.5, 306.5, 327.5, 348.5]","[72.0, 93.0, 114.0, 135.0, 156.0, 177.0, 198.0, 219.0, 240.0, 261.0, 282.0, 303.0, 324.0]","[21.0, 21.0, 21.0, 21.0, 21.0, 21.0, 21.0, 21.0, 21.0, 21.0, 21.0, 21.0, 21.0]","[21.0, 21.0, 21.0, 21.0, 21.0, 21.0, 21.0, 21.0, 21.0, 21.0, 21.0, 21.0]",21.0,21.0,0.0,PASS_EQUAL_UNIT_DECLARED_AND_OBSERVED,PASS_METRIC_SCALE_OBSERVED,NOT_STARTED,
archive/assets/images/25_순천고_2학기_중간_고1_기출/q10-solution.svg,EQUAL_UNIT,"[86.0, 114.0, 142.0, 170.0, 198.0, 226.0, 254.0, 282.0, 310.0, 338.0]","[72.0, 100.0, 128.0, 156.0, 184.0, 212.0, 240.0, 268.0, 296.0, 324.0]","[28.0, 28.0, 28.0, 28.0, 28.0, 28.0, 28.0, 28.0, 28.0]","[28.0, 28.0, 28.0, 28.0, 28.0, 28.0, 28.0, 28.0, 28.0]",28.0,28.0,0.0,PASS_EQUAL_UNIT_DECLARED_AND_OBSERVED,PASS_METRIC_SCALE_OBSERVED,NOT_STARTED,
archive/assets/images/25_순천고_2학기_중간_고1_기출/q16-solution.svg,EQUAL_UNIT,[187.0],"[138.5, 166.0]",[],[27.5],,27.5,,PASS_EQUAL_UNIT_DECLARED_AND_OBSERVED,PASS_METRIC_SCALE_OBSERVED,NOT_STARTED,
archive/assets/images/25_순천고_2학기_중간_고1_기출/q17-solution.svg,EQUAL_UNIT,"[50.0, 128.4]","[172.0, 200.0]",[78.4],[28.0],78.4,28.0,0.6428571428571429,PASS_EQUAL_UNIT_DECLARED_AND_OBSERVED,PASS_METRIC_SCALE_OBSERVED,NOT_STARTED,
archive/assets/images/25_순천고_2학기_중간_고1_기출/q19-solution.svg,SCHEMATIC_EQUAL_PIXEL,[155.0],[190.0],[],[],,,,SEMANTIC_SCALE_REVIEW_REQUIRED,PASS_EXPLICIT_SCHEMATIC_EXCEPTION,PASS_EXPLICIT_SCHEMATIC_EXCEPTION,Browser render and source facts show a relational explanatory diagram; exact metric values are printed in the solution panel and are not inferred from pixel distance.
archive/assets/images/25_순천고_2학기_중간_고1_기출/q22-solution.svg,EQUAL_UNIT,[72.0],"[192.0, 220.0]",[],[28.0],,28.0,,PASS_EQUAL_UNIT_DECLARED_AND_OBSERVED,PASS_METRIC_SCALE_OBSERVED,NOT_STARTED,
archive/assets/images/25_순천여고_2학기_중간_고1_공통수학2/q14-solution.svg,EQUAL_UNIT,"[192.62, 241.08]","[101.08, 149.54, 198.0, 246.46, 294.92]",[48.46],"[48.46, 48.46, 48.46, 48.46]",48.46,48.46,0.0,PASS_EQUAL_UNIT_DECLARED_AND_OBSERVED,PASS_METRIC_SCALE_OBSERVED,NOT_STARTED,
archive/assets/images/25_순천여고_2학기_중간_고1_공통수학2/q17-solution.svg,EQUAL_UNIT,"[86.0, 111.2, 136.4, 161.6, 186.8, 212.0, 237.2, 262.4, 287.6, 312.8, 338.0]","[72.0, 97.2, 122.4, 147.6, 172.8, 198.0, 223.2, 248.4, 273.6, 298.8, 324.0]","[25.2, 25.2, 25.2, 25.2, 25.2, 25.2, 25.2, 25.2, 25.2, 25.2]","[25.2, 25.2, 25.2, 25.2, 25.2, 25.2, 25.2, 25.2, 25.2, 25.2]",25.2,25.2,0.0,PASS_EQUAL_UNIT_DECLARED_AND_OBSERVED,PASS_METRIC_SCALE_OBSERVED,NOT_STARTED,
archive/assets/images/25_순천여고_2학기_중간_고1_공통수학2/q21-solution.svg,EQUAL_UNIT,"[98.6, 123.8, 149.0, 174.2, 199.4, 224.6, 249.8, 275.0, 300.2, 325.4]","[72.0, 97.2, 122.4, 147.6, 172.8, 198.0, 223.2, 248.4, 273.6, 298.8, 324.0]","[25.2, 25.2, 25.2, 25.2, 25.2, 25.2, 25.2, 25.2, 25.2]","[25.2, 25.2, 25.2, 25.2, 25.2, 25.2, 25.2, 25.2, 25.2, 25.2]",25.2,25.2,0.0,PASS_EQUAL_UNIT_DECLARED_AND_OBSERVED,PASS_METRIC_SCALE_OBSERVED,NOT_STARTED,
archive/assets/images/25_제일고_2학기_기말_고1_기출/q03-solution.svg,EQUAL_UNIT,"[73.4, 98.6, 123.8, 149.0, 174.2, 199.4, 224.6, 249.8, 275.0, 300.2, 325.4, 350.6]","[72.0, 97.2, 122.4, 147.6, 172.8, 198.0, 223.2, 248.4, 273.6, 298.8, 324.0]","[25.2, 25.2, 25.2, 25.2, 25.2, 25.2, 25.2, 25.2, 25.2, 25.2, 25.2]","[25.2, 25.2, 25.2, 25.2, 25.2, 25.2, 25.2, 25.2, 25.2, 25.2]",25.2,25.2,0.0,PASS_EQUAL_UNIT_DECLARED_AND_OBSERVED,PASS_METRIC_SCALE_OBSERVED,NOT_STARTED,
archive/assets/images/25_제일고_2학기_기말_고1_기출/q07-solution.svg,EQUAL_UNIT,"[96.5, 117.5, 138.5, 159.5, 180.5, 201.5, 222.5, 243.5, 264.5, 285.5, 306.5, 327.5]","[72.0, 93.0, 114.0, 135.0, 156.0, 177.0, 198.0, 219.0, 240.0, 261.0, 282.0, 303.0, 324.0]","[21.0, 21.0, 21.0, 21.0, 21.0, 21.0, 21.0, 21.0, 21.0, 21.0, 21.0]","[21.0, 21.0, 21.0, 21.0, 21.0, 21.0, 21.0, 21.0, 21.0, 21.0, 21.0, 21.0]",21.0,21.0,0.0,PASS_EQUAL_UNIT_DECLARED_AND_OBSERVED,PASS_METRIC_SCALE_OBSERVED,NOT_STARTED,
archive/assets/images/25_제일고_2학기_중간_고1_기출/q13-solution.svg,EQUAL_UNIT,"[75.5, 96.5, 117.5, 138.5, 159.5, 180.5, 201.5, 222.5, 243.5, 264.5, 285.5, 306.5, 327.5, 348.5]","[72.0, 93.0, 114.0, 135.0, 156.0, 177.0, 198.0, 219.0, 240.0, 261.0, 282.0, 303.0, 324.0]","[21.0, 21.0, 21.0, 21.0, 21.0, 21.0, 21.0, 21.0, 21.0, 21.0, 21.0, 21.0, 21.0]","[21.0, 21.0, 21.0, 21.0, 21.0, 21.0, 21.0, 21.0, 21.0, 21.0, 21.0, 21.0]",21.0,21.0,0.0,PASS_EQUAL_UNIT_DECLARED_AND_OBSERVED,PASS_METRIC_SCALE_OBSERVED,NOT_STARTED,
archive/assets/images/25_제일고_2학기_중간_고1_기출/q16-solution.svg,SCHEMATIC_ALLOWED,[95.0],[165.0],[],[],,,,SEMANTIC_SCALE_REVIEW_REQUIRED,PASS_EXPLICIT_SCHEMATIC_EXCEPTION,PASS_EXPLICIT_SCHEMATIC_EXCEPTION,Browser render and source facts show a relational explanatory diagram; exact metric values are printed in the solution panel and are not inferred from pixel distance.
archive/assets/images/25_제일고_2학기_중간_고1_기출/q17-solution.svg,SCHEMATIC_ALLOWED,[80.0],[245.0],[],[],,,,SEMANTIC_SCALE_REVIEW_REQUIRED,PASS_EXPLICIT_SCHEMATIC_EXCEPTION,PASS_EXPLICIT_SCHEMATIC_EXCEPTION,Browser render and source facts show a relational explanatory diagram; exact metric values are printed in the solution panel and are not inferred from pixel distance.
archive/assets/images/25_제일고_2학기_중간_고1_기출/q22-solution.svg,SCHEMATIC_ALLOWED,[145.0],[170.0],[],[],,,,SEMANTIC_SCALE_REVIEW_REQUIRED,PASS_EXPLICIT_SCHEMATIC_EXCEPTION,PASS_EXPLICIT_SCHEMATIC_EXCEPTION,Browser render and source facts show a relational explanatory diagram; exact metric values are printed in the solution panel and are not inferred from pixel distance.
archive/assets/images/25_효천고_2학기_중간_고1_기출/q03-solution.svg,SCHEMATIC_ALLOWED,"[164.0, 228.0, 260.0, 292.0]","[60.0, 124.0, 188.0, 220.0]","[64.0, 32.0, 32.0]","[64.0, 64.0, 32.0]",32.0,64.0,0.5,SEMANTIC_SCALE_REVIEW_REQUIRED,PASS_EXPLICIT_SCHEMATIC_EXCEPTION,PASS_EXPLICIT_SCHEMATIC_EXCEPTION,Browser render and source facts show a relational explanatory diagram; exact metric values are printed in the solution panel and are not inferred from pixel distance.
archive/assets/images/25_효천고_2학기_중간_고1_기출/q04-solution.svg,SCHEMATIC_ALLOWED,"[130.0, 260.0, 390.0]","[41.0, 145.0, 249.0]","[130.0, 130.0]","[104.0, 104.0]",130.0,104.0,0.2,SEMANTIC_SCALE_REVIEW_REQUIRED,PASS_EXPLICIT_SCHEMATIC_EXCEPTION,PASS_EXPLICIT_SCHEMATIC_EXCEPTION,Browser render and source facts show a relational explanatory diagram; exact metric values are printed in the solution panel and are not inferred from pixel distance.
archive/assets/images/25_효천고_2학기_중간_고1_기출/q06-solution.svg,SCHEMATIC_ALLOWED,"[94.0, 150.0, 206.0, 400.0, 444.0, 488.0, 532.0]","[104.0, 160.0, 260.0]","[56.0, 56.0, 194.0, 44.0, 44.0, 44.0]","[56.0, 100.0]",50.0,78.0,0.358974358974359,SEMANTIC_SCALE_REVIEW_REQUIRED,PASS_EXPLICIT_SCHEMATIC_EXCEPTION,PASS_EXPLICIT_SCHEMATIC_EXCEPTION,Browser render and source facts show a relational explanatory diagram; exact metric values are printed in the solution panel and are not inferred from pixel distance.
archive/assets/images/25_효천고_2학기_중간_고1_기출/q11-solution.svg,EQUAL_UNIT,"[160.0, 230.0, 300.0, 370.0]","[40.0, 110.0, 180.0, 250.0]","[70.0, 70.0, 70.0]","[70.0, 70.0, 70.0]",70.0,70.0,0.0,PASS_EQUAL_UNIT_DECLARED_AND_OBSERVED,PASS_EQUAL_UNIT_REPAIRED,PASS_METRIC_SCALE_REPAIRED,Equal grid spacing was observed; metadata was normalized to EQUAL_UNIT and the SVG root now has preserveAspectRatio=xMidYMid meet.
archive/assets/images/25_효천고_2학기_중간_고1_기출/q22-solution.svg,EQUAL_UNIT,"[196.0, 252.0, 308.0, 364.0, 420.0]","[46.0, 102.0, 158.0, 214.0, 270.0]","[56.0, 56.0, 56.0, 56.0]","[56.0, 56.0, 56.0, 56.0]",56.0,56.0,0.0,PASS_EQUAL_UNIT_DECLARED_AND_OBSERVED,PASS_EQUAL_UNIT_REPAIRED,PASS_METRIC_SCALE_REPAIRED,Equal grid spacing was observed; metadata was normalized to EQUAL_UNIT and the SVG root now has preserveAspectRatio=xMidYMid meet.
