asset,assetRole,sourceType,structure,width,height,factHash,sha256,status
archive/assets/images/21_복성고_2학기_중간_고1_기출/q01-solution.svg,solutionImage,deterministic_vector_reconstruction,coordinate_geometry_hybrid,720,360,ee9f24344adcc4a13281f45ff5ecc9f28dd61180551ca97af670f83e23a782c1,3ba9493f3f177491cc02be1224b1f4e9cb77defa824c9494947126d721e199c0,PASS
archive/assets/images/21_복성고_2학기_중간_고1_기출/q16-solution.svg,solutionImage,deterministic_vector_reconstruction,coordinate_geometry_hybrid,720,360,4b134a34c3c9aeba66538a2c0ffee80b26a6c73a3b2b848916e263adc1204629,86c5dde7fa75056c1a71108655ea6be443230ee02e7df923a42067c7a1b780f2,PASS
archive/assets/images/21_순천고_2학기_중간_고1_기출/q09-solution.svg,solutionImage,deterministic_vector_reconstruction,coordinate_geometry_hybrid,720,380,3f0fe09833af01051756cec9cb559153e55f0c53ba2beb3941284de4cc151d78,d50d6f3ef13c657440b64045e12cb0471f581c1369fe1e6ccf4a73ddcb9d7a1d,PASS
archive/assets/images/21_순천고_2학기_중간_고1_기출/q20-solution.svg,solutionImage,deterministic_vector_reconstruction,coordinate_geometry_hybrid,720,360,640dee7c40ac24179a60fa3642a4180244c512832936f936cd70412e1bbc6112,761605153b303be9c2ff2c005c87766a90ba9fe8ab4d22f286abfc3c808a9d11,PASS
archive/assets/images/21_제일고_2학기_중간_고1_기출/q18-solution.svg,solutionImage,deterministic_vector_reconstruction,coordinate_geometry_hybrid,720,360,32276426a1f3d1e62ab2815873ec187e87b13ac3a2741d346deca0e4fdd29070,10c93531a55813ee0318d3164ab2272e3ad618907303087f602cc9167768c2ee,PASS
archive/assets/images/22_금당고_1학기_기말_고1_기출/q11-solution.svg,solutionImage,deterministic_vector_reconstruction,coordinate_geometry_hybrid,720,360,90e033bd8bbfd8b16de14738dd405b433d36e695d59761ba04a6b5749650b6df,66e884eb2fa75fea5f248244984cce6ff5fad703fa24e92c7e7647f15ccc436f,PASS
archive/assets/images/22_매산고_1학기_기말_고1_기출/q10-solution.svg,solutionImage,deterministic_vector_reconstruction,coordinate_geometry_hybrid,720,360,9c7660a400fcc54b58523181ed5fc35d532f200bb6d03a1a40aa9a995924c4df,afcd2104a13cb764593da2aae90abb4f90478c89685165ccc2f2512c97e517c7,PASS
archive/assets/images/22_복성고_1학기_기말_고1_기출/q03-solution.svg,solutionImage,deterministic_vector_reconstruction,coordinate_geometry_hybrid,720,360,4606567ee788fb7ccf2f5ff03fc53f773687514979c41e16cfe7f18d2af969a4,8f63bf4e89956f27e257490103fb9a9af1bca79c884fbd1688df06cdcd475531,PASS
archive/assets/images/22_순천여고_1학기_기말_고1_기출/q12-solution.svg,solutionImage,deterministic_vector_reconstruction,coordinate_geometry_hybrid,720,360,6057aaea8a8f5c99a4614f0dfeccbbbe8021e24449411b77820f491b2edb7543,1fa193007f3524f5cc00cfbe7f83e377d86fbc81a36dec4ffb0f7a1e573335ec,PASS
archive/assets/images/22_순천여고_1학기_기말_고1_기출/q23-solution.svg,solutionImage,deterministic_vector_reconstruction,coordinate_geometry_hybrid,720,360,994024e80bcbc8b75c28e704b684dfa3a7e9b7cf3a3f6430825f1dc37a9b58e8,f3894dc8daaa249bdce97e195ce83946106d7160041d7366e912c9e610d4df48,PASS
archive/assets/images/22_팔마고_1학기_기말_고1_기출/q06-solution.svg,solutionImage,deterministic_vector_reconstruction,coordinate_geometry_hybrid,720,360,99e3d2e31b92c79469d84e2b7865f8cc62e103e73d6546694af8875df80e9a68,ee7e45e9f8949ce21f8c7bdaa44706614a74611ae7a5b80684ba9dd34ddceb23,PASS
archive/assets/images/22_팔마고_1학기_기말_고1_기출/q19-solution.svg,solutionImage,deterministic_vector_reconstruction,coordinate_geometry_hybrid,720,360,83fd83a54e1e4d3b46ac4c16d76577a6a015ab622b46f061daffce122dbfda83,d3c38319df6bf71d9c7a009f86c0873f2a9d34116da506711293e6cfa04b0c8c,PASS
archive/assets/images/22_효천고_1학기_기말_고1_기출/q14-solution.svg,solutionImage,deterministic_vector_reconstruction,coordinate_geometry_hybrid,720,360,5ce8531905b510675c8fbcad1af1239071fea557281a1fe9dfb08a9d93b24a94,a14fe40fbf3c8d40918512f18cdf159f053460774fb543a4e673212e4df1953e,PASS
archive/assets/images/22_제일고_1학기_기말_고1_기출/q13-solution.svg,solutionImage,deterministic_vector_reconstruction,coordinate_geometry_hybrid,720,360,889abcfa3c93d11843c2640dbc368ef8444fd890effe839cc9b4730ffdf55c91,f54e248a3d48e9606b7069080259368a1024561425a33000aeb3f6abfe58d013,PASS
archive/assets/images/22_제일고_1학기_기말_고1_기출/q14-solution.svg,solutionImage,deterministic_vector_reconstruction,coordinate_geometry_hybrid,720,360,236e9f1e24694c8d85fab6668e9ef65dbe084b42f2c0482a0de52ddac9a7a29c,ead25b028c3bdd7c6cfc75031a3d0e187cffc3c218d439c7f73685d14f0c8212,PASS
archive/assets/images/22_제일고_1학기_기말_고1_기출/q17-solution.svg,solutionImage,deterministic_vector_reconstruction,coordinate_geometry_hybrid,720,360,209aed7e83ab6fb497179a8aeadb55f0d3d32b7a4e6a21b96e7e8375f998e490,31362127125cbb6d8de5ee5a765af38b291d6b900c674eab3d7946a3d69c389e,PASS
archive/assets/images/23_매산고_1학기_기말_고1_기출/q14-solution.svg,solutionImage,deterministic_vector_reconstruction,coordinate_geometry_hybrid,720,360,f9c8d346194d9566199022b6662e982df713177947ec060a95d786638616b2c3,ca9febeb4e089dbb4caaf74e30377844ef6d700986edbd5ab0b119e70e3e9c11,PASS
archive/assets/images/23_복성고_1학기_기말_고1_기출/q19-solution.svg,solutionImage,deterministic_vector_reconstruction,coordinate_geometry_hybrid,720,380,3ec5cfa1af1288b0d91d97e6247ed7ce9cc0a499ef312ce17202efc8f9d32e31,56975044bf294ca141207c291fb7a53386b2cb4001d47768dabb5ce047f6285c,PASS
archive/assets/images/23_복성고_1학기_기말_고1_기출/q20-solution.svg,solutionImage,deterministic_vector_reconstruction,coordinate_geometry_hybrid,720,380,4374761c4eaa9dffe88d759c85e88e6cf92b56c8cd9ba81f8c99e1a4d4c486ec,77f3b782079f2cda049224ce2eda2b97006ad7a1ab0a82744d6a23a50783cd9e,PASS
archive/assets/images/23_순천여고_1학기_기말_고1_기출/q09-solution.svg,solutionImage,deterministic_vector_reconstruction,coordinate_geometry_hybrid,720,360,f9e9529085c2de1eaad038e22ded99e204ed73be17a2d217db243495e65cc816,19fdc36c933f9932c83d3cc8dc813d2cb1338267bda2b41a30fe38055e223567,PASS
archive/assets/images/23_순천여고_1학기_기말_고1_기출/q15-solution.svg,solutionImage,deterministic_vector_reconstruction,coordinate_geometry_hybrid,720,360,16af36663670a1c2cff6bf94ebdce1296928169ec6b6276b943dc942aa4c48e5,03f1eb53fdda1f20c2077a5545574be731d08781b904ba9e43befc10f5ef876a,PASS
archive/assets/images/23_순천여고_1학기_기말_고1_기출/q16-solution.svg,solutionImage,deterministic_vector_reconstruction,coordinate_geometry_hybrid,720,360,799570a796887e23970da87a6a839d121b1c0bb1371fbbeabbc3f67159b54846,0135d8618d5ace015b14df55da995be35af0fd53813d0e6987cad82e1e10ec2c,PASS
archive/assets/images/23_제일고_1학기_기말_고1_기출/q14-solution.svg,solutionImage,deterministic_vector_reconstruction,coordinate_geometry_hybrid,720,360,649555d537c77b91168d70e3ed298bacbc9c8566cc8251b26b0dce7ae4295c41,8173c08a061fb40a3338e57eb4cfc8ee309903389c72b96dacb2d2788294fac4,PASS
archive/assets/images/23_제일고_1학기_기말_고1_기출/q18-solution.svg,solutionImage,deterministic_vector_reconstruction,coordinate_geometry_hybrid,720,360,8a49c34d1d933f682c17c71ec03a84b44b62ce7b05345243e23dcf0e51a7b4ee,964ce6e2c60c6c0b7ad382d0313f4536c35b207de2c7def86caa936b2a739836,PASS
archive/assets/images/23_제일고_1학기_기말_고1_기출/q22-solution.svg,solutionImage,deterministic_vector_reconstruction,coordinate_geometry_hybrid,720,360,be055a2ec9e2b6ff45301c84e4ca8b293504b4e2db36a790f7c2a36b9c534b04,1aaa6bcbf0a3806d010ad054f9dc86132427a30e45ec4c43e015259fca21edd7,PASS
archive/assets/images/23_팔마고_1학기_기말_고1_기출/q14-solution.svg,solutionImage,deterministic_vector_reconstruction,coordinate_geometry_hybrid,720,360,0c6d678c560a33812214928eecd6f6c44e1031d935470e892cf3d831479012b1,7bd2737691a7f833b4d12e3165bd7695292181c8979bfb7ea48c4fb415e2e69a,PASS
archive/assets/images/24_금당고_1학기_기말_고1_기출/q07-solution.svg,solutionImage,deterministic_vector_reconstruction,coordinate_geometry_hybrid,720,360,02072bd7cf19eb2befba097225f4c4c57d3a41b481843ca16249115682580a2e,21220c50aee76b29204eaf98fe3f136a021b3fb34e6b4527973d02be2e62549f,PASS
archive/assets/images/24_금당고_1학기_기말_고1_기출/q09-solution.svg,solutionImage,deterministic_vector_reconstruction,coordinate_geometry_hybrid,720,360,829e02d29a831a30ba8b05233241600606243183e37eefe3c52e9151ac21bd40,4623908382913f4a9b633ba22c39a9b1601d195f7007643b8869cee41d77d131,PASS
archive/assets/images/24_금당고_1학기_기말_고1_기출/q16-solution.svg,solutionImage,deterministic_vector_reconstruction,coordinate_geometry_hybrid,720,360,38e3e3cfa3387ae80358e031a2512e44a69647f9e34eab8ca4762d5ad3957300,43431e1938e457fbd9f4d6367d5e8396d5df1fc8d004d2324f7ceea093d7cd33,PASS
archive/assets/images/24_금당고_1학기_기말_고1_기출/q20-solution.svg,solutionImage,deterministic_vector_reconstruction,coordinate_geometry_hybrid,720,360,347bd08be15806831714724d13952dc8f6b67b72f423fcd1cacc6c3c3e70dbe0,4c6d8599881335480f341ebf062da7c3842d3acff70550067e8bf48eb4e01ba7,PASS
archive/assets/images/24_매산고_1학기_기말_고1_기출/q07-solution.svg,solutionImage,deterministic_vector_reconstruction,coordinate_geometry_hybrid,720,360,d5a2a10e9249c17a474516a1a652f4e7a944d18b5981c6958e1747344391188c,1a201f6564034d507485edb08dda154f1e7f470bcdd33de91463f31df14acd56,PASS
archive/assets/images/24_매산고_1학기_기말_고1_기출/q09-solution.svg,solutionImage,deterministic_vector_reconstruction,coordinate_geometry_hybrid,720,360,45f38f72bbc2a2b7de4b8322616745194c3736187d43eb55d7035771311c5100,3873c3728320d1bfb71eeaf3d3bbfacd64bd885629fcb4542312cdc946023ad5,PASS
archive/assets/images/24_매산고_1학기_기말_고1_기출/q15-solution.svg,solutionImage,deterministic_vector_reconstruction,coordinate_geometry_hybrid,720,360,cb8d7cdddf7911452cee13eb700b29d4722a738146443ba6a6640d88e2496b2d,9f9f04839dfa5a94b33ebae73988b656f08d661a39632be6f931f8e000d07eb9,PASS
archive/assets/images/24_매산고_1학기_기말_고1_기출/q17-solution.svg,solutionImage,deterministic_vector_reconstruction,coordinate_geometry_hybrid,720,360,77fa48d1efa7f70607a64efbf21ff538bad233d49d3edafa40f798b78ee17394,0a66c7af6ba6640a46613dc8e2ca370d1f8674af97d5e8a5a33450171a25f006,PASS
archive/assets/images/24_제일고_1학기_기말_고1_기출/q10-solution.svg,solutionImage,deterministic_vector_reconstruction,coordinate_geometry_hybrid,720,360,63c9f21ca934bdda622597576a2bbf4ca14ebdf2cb50ca07d99218b28c3cf2d5,fc9424efc3cd9137fa881b54990d87cd932e546ca0688af4e58cc161325ef949,PASS
archive/assets/images/24_제일고_1학기_기말_고1_기출/q12-solution.svg,solutionImage,deterministic_vector_reconstruction,coordinate_geometry_hybrid,720,360,0444e73e415bd9e42121a9a2dba971948820330ede25656b962bee06648489dd,8e0be6fc0f572ca8ac922121c585c5a4c5f7e3f34dd55758c5afe9972cf46b10,PASS
archive/assets/images/24_제일고_1학기_기말_고1_기출/q13-solution.svg,solutionImage,deterministic_vector_reconstruction,coordinate_geometry_hybrid,720,360,6580e01e788cc08cf8a662681396a10fe1803ab9f365d30c4b36a120c3d39450,1fedd836e517dd6b510ece7802980e18103deed74872f7f9698682b68df85523,PASS
archive/assets/images/24_제일고_1학기_기말_고1_기출/q15-solution.svg,solutionImage,deterministic_vector_reconstruction,coordinate_geometry_hybrid,720,360,ee92d7f0cef8cf1ebc0f1155772ec4e9c52b170e28283665061a467ab77177fe,c96f470a102190da397ac3440da9a2830fe1e85d0a91a92182e5c8752a84cc44,PASS
archive/assets/images/24_제일고_1학기_기말_고1_기출/q17-solution.svg,solutionImage,deterministic_vector_reconstruction,coordinate_geometry_hybrid,720,360,6323b423e52d9dc101539762777f2fc48ec8558be94ad593eecc51345160fd5a,2243fb9c9614b4ba9d42e917e93d19e9a6fc858a416c3be6f7ad17696225b17a,PASS
archive/assets/images/24_제일고_1학기_기말_고1_기출/q21-solution.svg,solutionImage,deterministic_vector_reconstruction,coordinate_geometry_hybrid,720,360,1f6f2d2ffdfb9b9aba0b34173d36d4c52090ca99ead1a99056f1625d9898d030,7e6bbe1256a6b9562b95e362c0d33f724610c95465930fbadcb10798e4f25a3f,PASS
archive/assets/images/24_제일고_1학기_기말_고1_기출/q22-solution.svg,solutionImage,deterministic_vector_reconstruction,coordinate_geometry_hybrid,720,360,03cca0a66c6c53fda6c5575c0d71a86932a160923a4f88838f9d28c7b59421db,01bdb800ef9628f2b0a5ae80bc6d0b59ef12dfe8c43b15a3ead8fee180a52f2c,PASS
archive/assets/images/25_금당고_2학기_기말_고1_기출/q18-solution.svg,solutionImage,deterministic_vector_reconstruction,coordinate_geometry_hybrid,720,360,940b9cc882bcf18539f8eeaa9e37c81116ecad6a3d61afbc06b1bc3bac3906e2,552c1c31d66403a3eac603acaf14960626c16a1be2c6d6d9c81e26c7b4a74fe9,PASS
archive/assets/images/25_제일고_2학기_기말_고1_기출/q03-solution.svg,solutionImage,deterministic_vector_reconstruction,coordinate_geometry_hybrid,720,360,f7c41b493312924ed835b74a1190897a43f7c0adb22f48e938f832abea59ffba,5b78ba67b2a99c458512c8382f7a8789ac0b1621860e32e241d24de295bc3a18,PASS
archive/assets/images/25_제일고_2학기_기말_고1_기출/q07-solution.svg,solutionImage,deterministic_vector_reconstruction,coordinate_geometry_hybrid,720,360,04ad77573033157d2e6a46adf83f18e85ce6f5369a5a3ae9462f58c3068b5a25,9a937c2b00154cd1bae6b387a3b5be5b3ab2c68da80c6a450504ffcb5fdf6c1b,PASS
archive/assets/images/25_금당고_2학기_중간_고1_기출/q03-solution.svg,solutionImage,deterministic_vector_reconstruction,coordinate_geometry_hybrid,720,360,81b57aa3125133f5f6de852ab52b191d2cb62767178a616a19549b515e38f803,c0750e8b9e658f5077dfa939bc0084a6120249a107dbbb19736b44dbcde00a70,PASS
archive/assets/images/25_금당고_2학기_중간_고1_기출/q04-solution.svg,solutionImage,deterministic_vector_reconstruction,coordinate_geometry_hybrid,720,360,84850b2fe5874184fbc37788268834e0fe98b8edf48bd3b6a6b992ca9a2f19e3,3f400b35f9ae40a54f863c98734c0c4e194ebe93345879a812084df5184a5115,PASS
archive/assets/images/25_금당고_2학기_중간_고1_기출/q08-solution.svg,solutionImage,deterministic_vector_reconstruction,coordinate_geometry_hybrid,720,360,c346c0686bd7c8d9a2ef8f8445f8453698ad222fe0b8e31f3256ddb7adf7838d,175871c74391cdb772e081c5354e9fd1118bcee44beb35df6060567f6da8517b,PASS
archive/assets/images/25_금당고_2학기_중간_고1_기출/q11-solution.svg,solutionImage,deterministic_vector_reconstruction,coordinate_geometry_hybrid,720,360,8f55b1cc6d6da4e248884bf527c29c12c61b380cba30bc01deefa64dfab9d26c,116ad07b4a94d8c24ccb22584108e3ca0f12fe22288f84bfe5ec479d888fb343,PASS
archive/assets/images/25_금당고_2학기_중간_고1_기출/q12-solution.svg,solutionImage,deterministic_vector_reconstruction,coordinate_geometry_hybrid,720,360,c1899c847ef92cd836fe6081f5c98261f5f8278b07542a503aa7a3b5a34eaa53,2bde984f2ce9e70dd19caa48a46a5b889350f205ada0286b669985265e1dbc05,PASS
archive/assets/images/25_금당고_2학기_중간_고1_기출/q16-solution.svg,solutionImage,deterministic_vector_reconstruction,coordinate_geometry_hybrid,720,360,697da4b4f9cf9bc32d0bf478603c1ec9a494dace863bd51be85ac4a37cd043d1,5fb2ccec4b5991db34ae14763add6f16fe094324dcfbfe07e3101f28ce8ee94a,PASS
archive/assets/images/25_금당고_2학기_중간_고1_기출/q18-solution.svg,solutionImage,deterministic_vector_reconstruction,coordinate_geometry_hybrid,720,360,07e5ee948e57599fe92cb88035266cc9b1b41230a61e960f533394e553fbda44,ea9891d815d2f3da9b1ec6660622fea98ea2606ea7f03729b003a89ebf4df835,PASS
archive/assets/images/25_금당고_2학기_중간_고1_기출/q19-solution.svg,solutionImage,deterministic_vector_reconstruction,coordinate_geometry_hybrid,720,360,5c987ac6fc3fdabf0061768e00a12b679b9dd7a2f6f5c355677884537b12bb60,c12dfbad24479cc1ba7041358feec822295a874bae78d09c83fe9021d457d42c,PASS
archive/assets/images/25_금당고_2학기_중간_고1_기출/q21-solution.svg,solutionImage,deterministic_vector_reconstruction,coordinate_geometry_hybrid,720,360,0ae0d63d30d251a2063dda6547d5f988170843e3a5c630ccc785b963497ba18e,48b0c67a1a0e90b323af3ce532c492a156e7b8756a291cd8041091da5a27055e,PASS
archive/assets/images/25_매산고_2학기_중간_고1_기출/q07-solution.svg,solutionImage,deterministic_vector_reconstruction,coordinate_geometry_hybrid,720,360,3643f991a00e63796920fa00ce7dfb3a7df75364a642b1caae6b2680415e9369,b4d4003e9ae1a7aa2217aa88efb6f518bda359f5b3b5b45f21ac11ed9649531d,PASS
archive/assets/images/25_매산고_2학기_중간_고1_기출/q10-solution.svg,solutionImage,deterministic_vector_reconstruction,coordinate_geometry_hybrid,720,360,e886c4b1ed685f9d48b4e435fdeb11e673a547f1ced58c5da4e0677bdaa6be54,3491ee998ad3479e200e94b19ffb9fa9b703d2125eb3dbccfee3b085b54b2d5d,PASS
archive/assets/images/25_매산고_2학기_중간_고1_기출/q14-solution.svg,solutionImage,deterministic_vector_reconstruction,coordinate_geometry_hybrid,720,360,6c10cfcfd6a5b5336fcdfd67e2aa36defdd14ef7559626fadfcb408ad9c168e2,98914a1b8984d2862936f99a663a4f8e1fa31f0e742d01d5a247a7eb3aa8bf1a,PASS
archive/assets/images/25_매산고_2학기_중간_고1_기출/q18-solution.svg,solutionImage,deterministic_vector_reconstruction,coordinate_geometry_hybrid,720,360,aed0d4227923583d8a420d6c81ac4c6c064ee6cd355baac71ff2803b897a76b5,6023f25049b07c67158dac5eaf0fdf3f7672264431f056263909ed8d8e8fc9e4,PASS
archive/assets/images/25_매산고_2학기_중간_고1_기출/q20-solution.svg,solutionImage,deterministic_vector_reconstruction,coordinate_geometry_hybrid,720,360,7a0b97674d0d14990c1007090e2d4a70b73131a28df386c30f564435465e9cad,fdfed3b1860bea5860f1d79d0aea15e5c2ae33786bd913faa68e7acf2e792ee2,PASS
archive/assets/images/25_순천고_2학기_중간_고1_기출/q07-solution.svg,solutionImage,deterministic_vector_reconstruction,coordinate_geometry_hybrid,720,360,2e3923c1b5ccd30139bd60dda512d29089972a3f09bdfece743c702d35e2240f,f675c8d018106feab77012c506cf5b9b7d16d84ca53d424bb8d360293480ced4,PASS
archive/assets/images/25_순천고_2학기_중간_고1_기출/q09-solution.svg,solutionImage,deterministic_vector_reconstruction,coordinate_geometry_hybrid,720,360,8ae11e343504dae8b7ae6cee99b89a4b082bc5a62276462c742c8fb581595b58,909ea37ac2b3e0c0905d5fdd315966723fe6b284b8fbf9995670532c03a7f01a,PASS
archive/assets/images/25_순천고_2학기_중간_고1_기출/q10-solution.svg,solutionImage,deterministic_vector_reconstruction,coordinate_geometry_hybrid,720,360,cb555b04d866c57808c6efe9a215f7950eb25aa63da024d9580edafa5ebf1032,03e157a76121b957baa56cd009da2e88ffdf5a8fc209c44f86e203d68b42d413,PASS
archive/assets/images/25_순천여고_2학기_중간_고1_공통수학2/q14-solution.svg,solutionImage,deterministic_vector_reconstruction,coordinate_geometry_hybrid,720,360,a544db684ce9ef014824868df0f97e502d4cf44bc62126bb1a9b19165c11b3c0,ae0492ce9b3da9f8c49e763a2709ab453ec0b4b0a9409495512fc1a9d5ddf657,PASS
archive/assets/images/25_순천여고_2학기_중간_고1_공통수학2/q17-solution.svg,solutionImage,deterministic_vector_reconstruction,coordinate_geometry_hybrid,720,360,82365e51c757e560c52b0562fa5727faf70da416a2f689e1e2441b2fcb2975f2,911eb50dfb2505072484c4fe43cc31076d6f641432af56c8639a60e43044afe6,PASS
archive/assets/images/25_순천여고_2학기_중간_고1_공통수학2/q21-solution.svg,solutionImage,deterministic_vector_reconstruction,coordinate_geometry_hybrid,720,360,1c7f8715854b73dd3145596cefc4f851b5956477b908d652e511c9467cc89732,9536abf5304c667088afc941f12cd8f2e21096188ec0ab26aa95528f80406031,PASS
archive/assets/images/25_제일고_2학기_중간_고1_기출/q13-solution.svg,solutionImage,deterministic_vector_reconstruction,coordinate_geometry_hybrid,720,360,da52700055d18d9ed41c2f075ffbe3dd9b16ee13b5e6f26dab32dbfc52079837,49c79da90967613f7cb4d889a0d1e15d962816f1d46bdbba6ed9cfb121c85279,PASS
