asset,beforeSha256,afterSha256,beforeBytes,afterBytes,changed
archive/assets/images/21_복성고_2학기_중간_고1_기출/q01-solution.svg,3ba9493f3f177491cc02be1224b1f4e9cb77defa824c9494947126d721e199c0,3ba9493f3f177491cc02be1224b1f4e9cb77defa824c9494947126d721e199c0,4454,4454,False
archive/assets/images/21_복성고_2학기_중간_고1_기출/q16-solution.svg,86c5dde7fa75056c1a71108655ea6be443230ee02e7df923a42067c7a1b780f2,86c5dde7fa75056c1a71108655ea6be443230ee02e7df923a42067c7a1b780f2,7149,7149,False
archive/assets/images/21_순천고_2학기_중간_고1_기출/q09-solution.svg,d50d6f3ef13c657440b64045e12cb0471f581c1369fe1e6ccf4a73ddcb9d7a1d,d50d6f3ef13c657440b64045e12cb0471f581c1369fe1e6ccf4a73ddcb9d7a1d,6490,6490,False
archive/assets/images/21_순천고_2학기_중간_고1_기출/q20-solution.svg,ec8af8cd4e30d43c0700ea1b41e7bd5ed11d6af00e7bcae272085ec6f56ee6e3,761605153b303be9c2ff2c005c87766a90ba9fe8ab4d22f286abfc3c808a9d11,4327,4330,True
archive/assets/images/21_제일고_2학기_중간_고1_기출/q18-solution.svg,10c93531a55813ee0318d3164ab2272e3ad618907303087f602cc9167768c2ee,10c93531a55813ee0318d3164ab2272e3ad618907303087f602cc9167768c2ee,5714,5714,False
archive/assets/images/22_금당고_1학기_기말_고1_기출/q11-solution.svg,66e884eb2fa75fea5f248244984cce6ff5fad703fa24e92c7e7647f15ccc436f,66e884eb2fa75fea5f248244984cce6ff5fad703fa24e92c7e7647f15ccc436f,7054,7054,False
archive/assets/images/22_매산고_1학기_기말_고1_기출/q10-solution.svg,afcd2104a13cb764593da2aae90abb4f90478c89685165ccc2f2512c97e517c7,afcd2104a13cb764593da2aae90abb4f90478c89685165ccc2f2512c97e517c7,7922,7922,False
archive/assets/images/22_복성고_1학기_기말_고1_기출/q03-solution.svg,8f63bf4e89956f27e257490103fb9a9af1bca79c884fbd1688df06cdcd475531,8f63bf4e89956f27e257490103fb9a9af1bca79c884fbd1688df06cdcd475531,7374,7374,False
archive/assets/images/22_순천여고_1학기_기말_고1_기출/q12-solution.svg,1fa193007f3524f5cc00cfbe7f83e377d86fbc81a36dec4ffb0f7a1e573335ec,1fa193007f3524f5cc00cfbe7f83e377d86fbc81a36dec4ffb0f7a1e573335ec,6720,6720,False
archive/assets/images/22_순천여고_1학기_기말_고1_기출/q23-solution.svg,f3894dc8daaa249bdce97e195ce83946106d7160041d7366e912c9e610d4df48,f3894dc8daaa249bdce97e195ce83946106d7160041d7366e912c9e610d4df48,6288,6288,False
archive/assets/images/22_팔마고_1학기_기말_고1_기출/q06-solution.svg,ee7e45e9f8949ce21f8c7bdaa44706614a74611ae7a5b80684ba9dd34ddceb23,ee7e45e9f8949ce21f8c7bdaa44706614a74611ae7a5b80684ba9dd34ddceb23,5081,5081,False
archive/assets/images/22_팔마고_1학기_기말_고1_기출/q19-solution.svg,d3c38319df6bf71d9c7a009f86c0873f2a9d34116da506711293e6cfa04b0c8c,d3c38319df6bf71d9c7a009f86c0873f2a9d34116da506711293e6cfa04b0c8c,5346,5346,False
archive/assets/images/22_효천고_1학기_기말_고1_기출/q14-solution.svg,a14fe40fbf3c8d40918512f18cdf159f053460774fb543a4e673212e4df1953e,a14fe40fbf3c8d40918512f18cdf159f053460774fb543a4e673212e4df1953e,6689,6689,False
archive/assets/images/22_제일고_1학기_기말_고1_기출/q13-solution.svg,f54e248a3d48e9606b7069080259368a1024561425a33000aeb3f6abfe58d013,f54e248a3d48e9606b7069080259368a1024561425a33000aeb3f6abfe58d013,5544,5544,False
archive/assets/images/22_제일고_1학기_기말_고1_기출/q14-solution.svg,ead25b028c3bdd7c6cfc75031a3d0e187cffc3c218d439c7f73685d14f0c8212,ead25b028c3bdd7c6cfc75031a3d0e187cffc3c218d439c7f73685d14f0c8212,5036,5036,False
archive/assets/images/22_제일고_1학기_기말_고1_기출/q17-solution.svg,31362127125cbb6d8de5ee5a765af38b291d6b900c674eab3d7946a3d69c389e,31362127125cbb6d8de5ee5a765af38b291d6b900c674eab3d7946a3d69c389e,7525,7525,False
archive/assets/images/23_매산고_1학기_기말_고1_기출/q14-solution.svg,ca9febeb4e089dbb4caaf74e30377844ef6d700986edbd5ab0b119e70e3e9c11,ca9febeb4e089dbb4caaf74e30377844ef6d700986edbd5ab0b119e70e3e9c11,6704,6704,False
archive/assets/images/23_복성고_1학기_기말_고1_기출/q19-solution.svg,56975044bf294ca141207c291fb7a53386b2cb4001d47768dabb5ce047f6285c,56975044bf294ca141207c291fb7a53386b2cb4001d47768dabb5ce047f6285c,5733,5733,False
archive/assets/images/23_복성고_1학기_기말_고1_기출/q20-solution.svg,77f3b782079f2cda049224ce2eda2b97006ad7a1ab0a82744d6a23a50783cd9e,77f3b782079f2cda049224ce2eda2b97006ad7a1ab0a82744d6a23a50783cd9e,5264,5264,False
archive/assets/images/23_순천여고_1학기_기말_고1_기출/q09-solution.svg,19fdc36c933f9932c83d3cc8dc813d2cb1338267bda2b41a30fe38055e223567,19fdc36c933f9932c83d3cc8dc813d2cb1338267bda2b41a30fe38055e223567,5910,5910,False
archive/assets/images/23_순천여고_1학기_기말_고1_기출/q15-solution.svg,03f1eb53fdda1f20c2077a5545574be731d08781b904ba9e43befc10f5ef876a,03f1eb53fdda1f20c2077a5545574be731d08781b904ba9e43befc10f5ef876a,5673,5673,False
archive/assets/images/23_순천여고_1학기_기말_고1_기출/q16-solution.svg,0135d8618d5ace015b14df55da995be35af0fd53813d0e6987cad82e1e10ec2c,0135d8618d5ace015b14df55da995be35af0fd53813d0e6987cad82e1e10ec2c,7436,7436,False
archive/assets/images/23_제일고_1학기_기말_고1_기출/q14-solution.svg,8173c08a061fb40a3338e57eb4cfc8ee309903389c72b96dacb2d2788294fac4,8173c08a061fb40a3338e57eb4cfc8ee309903389c72b96dacb2d2788294fac4,5569,5569,False
archive/assets/images/23_제일고_1학기_기말_고1_기출/q18-solution.svg,964ce6e2c60c6c0b7ad382d0313f4536c35b207de2c7def86caa936b2a739836,964ce6e2c60c6c0b7ad382d0313f4536c35b207de2c7def86caa936b2a739836,11382,11382,False
archive/assets/images/23_제일고_1학기_기말_고1_기출/q22-solution.svg,1aaa6bcbf0a3806d010ad054f9dc86132427a30e45ec4c43e015259fca21edd7,1aaa6bcbf0a3806d010ad054f9dc86132427a30e45ec4c43e015259fca21edd7,6335,6335,False
archive/assets/images/23_팔마고_1학기_기말_고1_기출/q14-solution.svg,7bd2737691a7f833b4d12e3165bd7695292181c8979bfb7ea48c4fb415e2e69a,7bd2737691a7f833b4d12e3165bd7695292181c8979bfb7ea48c4fb415e2e69a,7229,7229,False
archive/assets/images/24_금당고_1학기_기말_고1_기출/q07-solution.svg,21220c50aee76b29204eaf98fe3f136a021b3fb34e6b4527973d02be2e62549f,21220c50aee76b29204eaf98fe3f136a021b3fb34e6b4527973d02be2e62549f,5755,5755,False
archive/assets/images/24_금당고_1학기_기말_고1_기출/q09-solution.svg,4623908382913f4a9b633ba22c39a9b1601d195f7007643b8869cee41d77d131,4623908382913f4a9b633ba22c39a9b1601d195f7007643b8869cee41d77d131,7336,7336,False
archive/assets/images/24_금당고_1학기_기말_고1_기출/q16-solution.svg,e081b23727a541e6e82b72ae931c5fe218ba06b7dc893850550d43775d60ac4f,43431e1938e457fbd9f4d6367d5e8396d5df1fc8d004d2324f7ceea093d7cd33,4556,4712,True
archive/assets/images/24_금당고_1학기_기말_고1_기출/q20-solution.svg,4c6d8599881335480f341ebf062da7c3842d3acff70550067e8bf48eb4e01ba7,4c6d8599881335480f341ebf062da7c3842d3acff70550067e8bf48eb4e01ba7,8351,8351,False
archive/assets/images/24_매산고_1학기_기말_고1_기출/q07-solution.svg,1a201f6564034d507485edb08dda154f1e7f470bcdd33de91463f31df14acd56,1a201f6564034d507485edb08dda154f1e7f470bcdd33de91463f31df14acd56,6895,6895,False
archive/assets/images/24_매산고_1학기_기말_고1_기출/q09-solution.svg,3873c3728320d1bfb71eeaf3d3bbfacd64bd885629fcb4542312cdc946023ad5,3873c3728320d1bfb71eeaf3d3bbfacd64bd885629fcb4542312cdc946023ad5,5324,5324,False
archive/assets/images/24_매산고_1학기_기말_고1_기출/q15-solution.svg,b64f46bc9f8c950ebac798434c5ee056abb1b9ac480ccfafeccb005f1bcdecd4,9f9f04839dfa5a94b33ebae73988b656f08d661a39632be6f931f8e000d07eb9,5842,4732,True
archive/assets/images/24_매산고_1학기_기말_고1_기출/q17-solution.svg,a49052a9c1a69e4efef1912943b224bb48a76d0f35a997e075bd79065a05a5bd,0a66c7af6ba6640a46613dc8e2ca370d1f8674af97d5e8a5a33450171a25f006,6876,5769,True
archive/assets/images/24_제일고_1학기_기말_고1_기출/q10-solution.svg,fc9424efc3cd9137fa881b54990d87cd932e546ca0688af4e58cc161325ef949,fc9424efc3cd9137fa881b54990d87cd932e546ca0688af4e58cc161325ef949,6084,6084,False
archive/assets/images/24_제일고_1학기_기말_고1_기출/q12-solution.svg,83a1f19aebd81d0580eabc17d909617387ef8bdc7cf78878c907ec9c11f58e07,8e0be6fc0f572ca8ac922121c585c5a4c5f7e3f34dd55758c5afe9972cf46b10,6107,4994,True
archive/assets/images/24_제일고_1학기_기말_고1_기출/q13-solution.svg,1fedd836e517dd6b510ece7802980e18103deed74872f7f9698682b68df85523,1fedd836e517dd6b510ece7802980e18103deed74872f7f9698682b68df85523,5213,5213,False
archive/assets/images/24_제일고_1학기_기말_고1_기출/q15-solution.svg,c96f470a102190da397ac3440da9a2830fe1e85d0a91a92182e5c8752a84cc44,c96f470a102190da397ac3440da9a2830fe1e85d0a91a92182e5c8752a84cc44,6858,6858,False
archive/assets/images/24_제일고_1학기_기말_고1_기출/q17-solution.svg,2243fb9c9614b4ba9d42e917e93d19e9a6fc858a416c3be6f7ad17696225b17a,2243fb9c9614b4ba9d42e917e93d19e9a6fc858a416c3be6f7ad17696225b17a,5739,5739,False
archive/assets/images/24_제일고_1학기_기말_고1_기출/q21-solution.svg,7e6bbe1256a6b9562b95e362c0d33f724610c95465930fbadcb10798e4f25a3f,7e6bbe1256a6b9562b95e362c0d33f724610c95465930fbadcb10798e4f25a3f,6634,6634,False
archive/assets/images/24_제일고_1학기_기말_고1_기출/q22-solution.svg,01bdb800ef9628f2b0a5ae80bc6d0b59ef12dfe8c43b15a3ead8fee180a52f2c,01bdb800ef9628f2b0a5ae80bc6d0b59ef12dfe8c43b15a3ead8fee180a52f2c,6893,6893,False
archive/assets/images/25_금당고_2학기_기말_고1_기출/q18-solution.svg,552c1c31d66403a3eac603acaf14960626c16a1be2c6d6d9c81e26c7b4a74fe9,552c1c31d66403a3eac603acaf14960626c16a1be2c6d6d9c81e26c7b4a74fe9,6648,6648,False
archive/assets/images/25_제일고_2학기_기말_고1_기출/q03-solution.svg,5b78ba67b2a99c458512c8382f7a8789ac0b1621860e32e241d24de295bc3a18,5b78ba67b2a99c458512c8382f7a8789ac0b1621860e32e241d24de295bc3a18,6392,6392,False
archive/assets/images/25_제일고_2학기_기말_고1_기출/q07-solution.svg,9a937c2b00154cd1bae6b387a3b5be5b3ab2c68da80c6a450504ffcb5fdf6c1b,9a937c2b00154cd1bae6b387a3b5be5b3ab2c68da80c6a450504ffcb5fdf6c1b,7423,7423,False
archive/assets/images/25_금당고_2학기_중간_고1_기출/q03-solution.svg,c0750e8b9e658f5077dfa939bc0084a6120249a107dbbb19736b44dbcde00a70,c0750e8b9e658f5077dfa939bc0084a6120249a107dbbb19736b44dbcde00a70,5641,5641,False
archive/assets/images/25_금당고_2학기_중간_고1_기출/q04-solution.svg,3f400b35f9ae40a54f863c98734c0c4e194ebe93345879a812084df5184a5115,3f400b35f9ae40a54f863c98734c0c4e194ebe93345879a812084df5184a5115,3699,3699,False
archive/assets/images/25_금당고_2학기_중간_고1_기출/q08-solution.svg,175871c74391cdb772e081c5354e9fd1118bcee44beb35df6060567f6da8517b,175871c74391cdb772e081c5354e9fd1118bcee44beb35df6060567f6da8517b,5205,5205,False
archive/assets/images/25_금당고_2학기_중간_고1_기출/q11-solution.svg,116ad07b4a94d8c24ccb22584108e3ca0f12fe22288f84bfe5ec479d888fb343,116ad07b4a94d8c24ccb22584108e3ca0f12fe22288f84bfe5ec479d888fb343,5285,5285,False
archive/assets/images/25_금당고_2학기_중간_고1_기출/q12-solution.svg,2bde984f2ce9e70dd19caa48a46a5b889350f205ada0286b669985265e1dbc05,2bde984f2ce9e70dd19caa48a46a5b889350f205ada0286b669985265e1dbc05,7800,7800,False
archive/assets/images/25_금당고_2학기_중간_고1_기출/q16-solution.svg,5fb2ccec4b5991db34ae14763add6f16fe094324dcfbfe07e3101f28ce8ee94a,5fb2ccec4b5991db34ae14763add6f16fe094324dcfbfe07e3101f28ce8ee94a,5787,5787,False
archive/assets/images/25_금당고_2학기_중간_고1_기출/q18-solution.svg,ea9891d815d2f3da9b1ec6660622fea98ea2606ea7f03729b003a89ebf4df835,ea9891d815d2f3da9b1ec6660622fea98ea2606ea7f03729b003a89ebf4df835,8132,8132,False
archive/assets/images/25_금당고_2학기_중간_고1_기출/q19-solution.svg,c12dfbad24479cc1ba7041358feec822295a874bae78d09c83fe9021d457d42c,c12dfbad24479cc1ba7041358feec822295a874bae78d09c83fe9021d457d42c,7016,7016,False
archive/assets/images/25_금당고_2학기_중간_고1_기출/q21-solution.svg,48b0c67a1a0e90b323af3ce532c492a156e7b8756a291cd8041091da5a27055e,48b0c67a1a0e90b323af3ce532c492a156e7b8756a291cd8041091da5a27055e,7870,7870,False
archive/assets/images/25_매산고_2학기_중간_고1_기출/q07-solution.svg,b4d4003e9ae1a7aa2217aa88efb6f518bda359f5b3b5b45f21ac11ed9649531d,b4d4003e9ae1a7aa2217aa88efb6f518bda359f5b3b5b45f21ac11ed9649531d,6896,6896,False
archive/assets/images/25_매산고_2학기_중간_고1_기출/q10-solution.svg,3491ee998ad3479e200e94b19ffb9fa9b703d2125eb3dbccfee3b085b54b2d5d,3491ee998ad3479e200e94b19ffb9fa9b703d2125eb3dbccfee3b085b54b2d5d,6158,6158,False
archive/assets/images/25_매산고_2학기_중간_고1_기출/q14-solution.svg,98914a1b8984d2862936f99a663a4f8e1fa31f0e742d01d5a247a7eb3aa8bf1a,98914a1b8984d2862936f99a663a4f8e1fa31f0e742d01d5a247a7eb3aa8bf1a,6294,6294,False
archive/assets/images/25_매산고_2학기_중간_고1_기출/q18-solution.svg,6023f25049b07c67158dac5eaf0fdf3f7672264431f056263909ed8d8e8fc9e4,6023f25049b07c67158dac5eaf0fdf3f7672264431f056263909ed8d8e8fc9e4,7244,7244,False
archive/assets/images/25_매산고_2학기_중간_고1_기출/q20-solution.svg,fdfed3b1860bea5860f1d79d0aea15e5c2ae33786bd913faa68e7acf2e792ee2,fdfed3b1860bea5860f1d79d0aea15e5c2ae33786bd913faa68e7acf2e792ee2,5714,5714,False
archive/assets/images/25_순천고_2학기_중간_고1_기출/q07-solution.svg,f675c8d018106feab77012c506cf5b9b7d16d84ca53d424bb8d360293480ced4,f675c8d018106feab77012c506cf5b9b7d16d84ca53d424bb8d360293480ced4,6566,6566,False
archive/assets/images/25_순천고_2학기_중간_고1_기출/q09-solution.svg,909ea37ac2b3e0c0905d5fdd315966723fe6b284b8fbf9995670532c03a7f01a,909ea37ac2b3e0c0905d5fdd315966723fe6b284b8fbf9995670532c03a7f01a,7419,7419,False
archive/assets/images/25_순천고_2학기_중간_고1_기출/q10-solution.svg,03e157a76121b957baa56cd009da2e88ffdf5a8fc209c44f86e203d68b42d413,03e157a76121b957baa56cd009da2e88ffdf5a8fc209c44f86e203d68b42d413,6245,6245,False
archive/assets/images/25_순천여고_2학기_중간_고1_공통수학2/q14-solution.svg,ae0492ce9b3da9f8c49e763a2709ab453ec0b4b0a9409495512fc1a9d5ddf657,ae0492ce9b3da9f8c49e763a2709ab453ec0b4b0a9409495512fc1a9d5ddf657,3976,3976,False
archive/assets/images/25_순천여고_2학기_중간_고1_공통수학2/q17-solution.svg,911eb50dfb2505072484c4fe43cc31076d6f641432af56c8639a60e43044afe6,911eb50dfb2505072484c4fe43cc31076d6f641432af56c8639a60e43044afe6,6721,6721,False
archive/assets/images/25_순천여고_2학기_중간_고1_공통수학2/q21-solution.svg,9536abf5304c667088afc941f12cd8f2e21096188ec0ab26aa95528f80406031,9536abf5304c667088afc941f12cd8f2e21096188ec0ab26aa95528f80406031,6837,6837,False
archive/assets/images/25_제일고_2학기_중간_고1_기출/q13-solution.svg,49c79da90967613f7cb4d889a0d1e15d962816f1d46bdbba6ed9cfb121c85279,49c79da90967613f7cb4d889a0d1e15d962816f1d46bdbba6ed9cfb121c85279,6871,6871,False
